INSERT INTO UNIDAD_PATRULLAJE VALUES('PANTERAS-300','SARTENEJAS');
INSERT INTO UNIDAD_PATRULLAJE VALUES('AGUILAS-932','SANTA ROSA');
INSERT INTO UNIDAD_PATRULLAJE VALUES('AGUILAS-383','BARRIO AGUACATICO');
INSERT INTO UNIDAD_PATRULLAJE VALUES('AGUILAS-246','BARRIO BRISAS DE PROPATRIA');
INSERT INTO UNIDAD_PATRULLAJE VALUES('PANTERAS-319','PARROQUIA SANTA TERESA');
INSERT INTO UNIDAD_PATRULLAJE VALUES('TIBURONES-436','ANTIMANO');
INSERT INTO UNIDAD_PATRULLAJE VALUES('OSOS-331','SANTA MONICA');
INSERT INTO UNIDAD_PATRULLAJE VALUES('LEONES-848','URB LOS CEDROS');
INSERT INTO UNIDAD_PATRULLAJE VALUES('OSOS-777','SAN AGUSTIN');
INSERT INTO UNIDAD_PATRULLAJE VALUES('OSOS-773','URB ALTA FLORIDA');
INSERT INTO UNIDAD_PATRULLAJE VALUES('LEONES-729','BARRIO JOSE FELIX RIVAS');
INSERT INTO UNIDAD_PATRULLAJE VALUES('LEONES-728','PROPATRIA');
INSERT INTO UNIDAD_PATRULLAJE VALUES('OSOS-783','BARRIO ANAUCO');
INSERT INTO UNIDAD_PATRULLAJE VALUES('ZORROS-426','URB ALTA FLORIDA');
INSERT INTO UNIDAD_PATRULLAJE VALUES('TIBURONES-224','CHICHIRIVICHE');
INSERT INTO UNIDAD_PATRULLAJE VALUES('OSOS-182','EL VALLE');
INSERT INTO UNIDAD_PATRULLAJE VALUES('OSOS-771','SABANA GRANDE');
INSERT INTO UNIDAD_PATRULLAJE VALUES('OSOS-401','BARRIO BRISAS DEL PARAISO');
INSERT INTO UNIDAD_PATRULLAJE VALUES('TIBURONES-999','CHICHIRIVICHE');
INSERT INTO UNIDAD_PATRULLAJE VALUES('LEONES-927','BARRIO AGUACATICO');
INSERT INTO UNIDAD_PATRULLAJE VALUES('OSOS-359','PARAISO');
INSERT INTO UNIDAD_PATRULLAJE VALUES('ARACNIDOS-378','BARRIO CANIO AMARILLO');
INSERT INTO UNIDAD_PATRULLAJE VALUES('TIBURONES-293','BARRIO COTIZA');
INSERT INTO UNIDAD_PATRULLAJE VALUES('ARACNIDOS-117','BARRIO LAS ADJUNTAS');
INSERT INTO UNIDAD_PATRULLAJE VALUES('TIBURONES-218','BARRIO CORTADA DE CATIA');
INSERT INTO UNIDAD_PATRULLAJE VALUES('PANTERAS-182','BARRIO ANDRES BELLO');
INSERT INTO UNIDAD_PATRULLAJE VALUES('PANTERAS-456','BARRIO AGUA AMARILLA');
INSERT INTO UNIDAD_PATRULLAJE VALUES('OSOS-544','URB LOS CAMPITOS');
INSERT INTO UNIDAD_PATRULLAJE VALUES('OSOS-686','URB LOS CAMPITOS');
INSERT INTO UNIDAD_PATRULLAJE VALUES('ARACNIDOS-446','BARRIO CAMPO RICO');
INSERT INTO UNIDAD_PATRULLAJE VALUES('ARACNIDOS-749','BARRIO EL TRIANGULO EL CEMENTERIO');
INSERT INTO UNIDAD_PATRULLAJE VALUES('OSOS-231','URB 23 ENERO');
INSERT INTO UNIDAD_PATRULLAJE VALUES('TIBURONES-881','BARRIO JOSE FELIX RIVAS');
INSERT INTO UNIDAD_PATRULLAJE VALUES('ZORROS-492','BARRIO HOYADA');
INSERT INTO UNIDAD_PATRULLAJE VALUES('LEONES-273','BARRIO CORTADA DE CATIA');
INSERT INTO UNIDAD_PATRULLAJE VALUES('TRIGRES-991','VALLE ALTO');
INSERT INTO UNIDAD_PATRULLAJE VALUES('PANTERAS-744','URB LA FLORIDA');
INSERT INTO UNIDAD_PATRULLAJE VALUES('ARACNIDOS-167','URB MARIPEREZ');
INSERT INTO UNIDAD_PATRULLAJE VALUES('OSOS-577','URB CHACAITO');
INSERT INTO UNIDAD_PATRULLAJE VALUES('OSOS-172','BARRIO HOYADA');
INSERT INTO UNIDAD_PATRULLAJE VALUES('ARACNIDOS-904','QUINTA CRESPO');
INSERT INTO UNIDAD_PATRULLAJE VALUES('AGUILAS-556','PARAISO');
INSERT INTO UNIDAD_PATRULLAJE VALUES('TIBURONES-843','BARUTA');
INSERT INTO UNIDAD_PATRULLAJE VALUES('OSOS-868','LA PASTORA');
INSERT INTO UNIDAD_PATRULLAJE VALUES('TRIGRES-517','BARRIO ALBERTO RAVELL');
INSERT INTO UNIDAD_PATRULLAJE VALUES('TIBURONES-910','BARRIO EL TRIANGULO EL CEMENTERIO');
INSERT INTO UNIDAD_PATRULLAJE VALUES('ARACNIDOS-143','LA VEGA');
INSERT INTO UNIDAD_PATRULLAJE VALUES('AGUILAS-117','VALLE ARRIBA');
INSERT INTO UNIDAD_PATRULLAJE VALUES('TRIGRES-296','BARRIO JOSE FELIX RIVAS');
INSERT INTO UNIDAD_PATRULLAJE VALUES('OSOS-719','URB LOS CAOBOS');
INSERT INTO UNIDAD_PATRULLAJE VALUES('TIBURONES-870','VALLE ALTO');
INSERT INTO UNIDAD_PATRULLAJE VALUES('PANTERAS-655','SABANA GRANDE');
INSERT INTO UNIDAD_PATRULLAJE VALUES('PANTERAS-623','URB COLINAS DE LOS CHAGUARAMOS');
INSERT INTO UNIDAD_PATRULLAJE VALUES('OSOS-780','BARRIO LA BOMBILLA');
INSERT INTO UNIDAD_PATRULLAJE VALUES('OSOS-389','URB BELLO MONTE');
INSERT INTO UNIDAD_PATRULLAJE VALUES('OSOS-867','URB LOS CAOBOS');
INSERT INTO UNIDAD_PATRULLAJE VALUES('OSOS-340','URB CAMPO CLARO');
INSERT INTO UNIDAD_PATRULLAJE VALUES('PANTERAS-825','BARRIO AJURO');
INSERT INTO UNIDAD_PATRULLAJE VALUES('LEONES-560','VALLE ALTO');
INSERT INTO UNIDAD_PATRULLAJE VALUES('LEONES-136','CANDELARIA');
INSERT INTO UNIDAD_PATRULLAJE VALUES('TIBURONES-794','BARRIO CAMPO RICO');
INSERT INTO UNIDAD_PATRULLAJE VALUES('OSOS-134','URB LOS CAMPITOS');
INSERT INTO UNIDAD_PATRULLAJE VALUES('ARACNIDOS-380','SANTA CECILIA');
INSERT INTO UNIDAD_PATRULLAJE VALUES('ZORROS-329','URB LOS CAMPITOS');
INSERT INTO UNIDAD_PATRULLAJE VALUES('PANTERAS-516','VALLE ALTO');
INSERT INTO UNIDAD_PATRULLAJE VALUES('ARACNIDOS-171','PARAISO');
INSERT INTO UNIDAD_PATRULLAJE VALUES('TIBURONES-937','PLAZA VENEZUELA');
INSERT INTO UNIDAD_PATRULLAJE VALUES('OSOS-365','URB MONTALBAN');
INSERT INTO UNIDAD_PATRULLAJE VALUES('PANTERAS-565','SANTA FE');
INSERT INTO UNIDAD_PATRULLAJE VALUES('OSOS-529','BARRIO CANIO AMARILLO');
INSERT INTO UNIDAD_PATRULLAJE VALUES('AGUILAS-700','URB 23 ENERO');
INSERT INTO UNIDAD_PATRULLAJE VALUES('OSOS-675','BARRIO BRISAS DE PROPATRIA');
INSERT INTO UNIDAD_PATRULLAJE VALUES('PANTERAS-481','SANTA MONICA');
INSERT INTO UNIDAD_PATRULLAJE VALUES('LEONES-632','URB COLINAS DE LOS CHAGUARAMOS');
INSERT INTO UNIDAD_PATRULLAJE VALUES('ZORROS-305','PIEDRA AZUL');
INSERT INTO UNIDAD_PATRULLAJE VALUES('OSOS-870','PEREZ BONALDE');
INSERT INTO UNIDAD_PATRULLAJE VALUES('OSOS-629','CHICHIRIVICHE');
INSERT INTO UNIDAD_PATRULLAJE VALUES('ZORROS-116','U.C.V.');
INSERT INTO UNIDAD_PATRULLAJE VALUES('OSOS-745','BARRIO LA LAGUNITA');
INSERT INTO UNIDAD_PATRULLAJE VALUES('TRIGRES-672','PARAISO');
INSERT INTO UNIDAD_PATRULLAJE VALUES('AGUILAS-647','VALLE ABAJO');
INSERT INTO UNIDAD_PATRULLAJE VALUES('TIBURONES-377','ARAGUITA');
INSERT INTO UNIDAD_PATRULLAJE VALUES('ARACNIDOS-680','EL VALLE');
INSERT INTO UNIDAD_PATRULLAJE VALUES('TRIGRES-797','SARRIA');
INSERT INTO UNIDAD_PATRULLAJE VALUES('OSOS-162','LA PASTORA');
INSERT INTO UNIDAD_PATRULLAJE VALUES('LEONES-798','VALLE ABAJO');
INSERT INTO UNIDAD_PATRULLAJE VALUES('TIBURONES-368','SANTA CECILIA');
INSERT INTO UNIDAD_PATRULLAJE VALUES('OSOS-524','BARRIO AGUA AMARILLA');
INSERT INTO UNIDAD_PATRULLAJE VALUES('OSOS-844','BARRIO LA DOLORITA');
INSERT INTO UNIDAD_PATRULLAJE VALUES('ZORROS-775','BARRIO CENTRO ITALO');
INSERT INTO UNIDAD_PATRULLAJE VALUES('PANTERAS-499','CAFETAL');
INSERT INTO UNIDAD_PATRULLAJE VALUES('ZORROS-663','ARAGUITA');
INSERT INTO UNIDAD_PATRULLAJE VALUES('TRIGRES-176','URB COLINAS DE LOS CAOBOS');
INSERT INTO UNIDAD_PATRULLAJE VALUES('ZORROS-954','BARRIO LAS MAYAS');
INSERT INTO UNIDAD_PATRULLAJE VALUES('ZORROS-955','BARRIO BRISAS DE PROPATRIA');
INSERT INTO UNIDAD_PATRULLAJE VALUES('ZORROS-831','PEREZ BONALDE');
INSERT INTO UNIDAD_PATRULLAJE VALUES('ARACNIDOS-163','VALLE ABAJO');
INSERT INTO UNIDAD_PATRULLAJE VALUES('TIBURONES-873','URB LOS CEDROS');
INSERT INTO UNIDAD_PATRULLAJE VALUES('TRIGRES-206','CARICUAO');
INSERT INTO UNIDAD_PATRULLAJE VALUES('TIBURONES-138','SIMON RODRIGUEZ');
INSERT INTO SOSPECHOSO VALUES('E17892138','CARMEN VICTORIA ADRIAN FERRER',9829804);
INSERT INTO SOSPECHOSO VALUES('E4202507','MONICA ELENA MENDOZA TIRADO',4694540);
INSERT INTO SOSPECHOSO VALUES('E29499849','TOMAS GUILLERMO LOPEZ ADRIAN',3856686);
INSERT INTO SOSPECHOSO VALUES('V47381153','ANGELA DANIELA PARRA GOMEZ',5801251);
INSERT INTO SOSPECHOSO VALUES('V4220431','ESTEFANO FELIX PEREIRA FERRER',3401392);
INSERT INTO SOSPECHOSO VALUES('E27157964','RAFAEL FELIPE LOPEZ ADRIAN',7879386);
INSERT INTO SOSPECHOSO VALUES('E67183842','CARMEN ANGELA LOPEZ TORRES',5743727);
INSERT INTO SOSPECHOSO VALUES('E99792858','ESTHER ADRIANA TORRES CASTILLO',6171052);
INSERT INTO SOSPECHOSO VALUES('E92876896','MONICA VICTORIA ALGARIN LANDAETA',8000442);
INSERT INTO SOSPECHOSO VALUES('V16481829','MONICA MARISOL SOSA LANDAETA',6537291);
INSERT INTO SOSPECHOSO VALUES('V16594596','LEONARDO EDUARDO PEREIRA GONZALEZ',8292710);
INSERT INTO SOSPECHOSO VALUES('E7826048','DAVID RAFAEL PEREZ ADRIAN',3163057);
INSERT INTO SOSPECHOSO VALUES('E28171064','CECILIA MARISOL ALGARIN GIRALDEZ',8369816);
INSERT INTO SOSPECHOSO VALUES('E88228181','ANGELA ADRIANA LANDAETA SOSA',3405032);
INSERT INTO SOSPECHOSO VALUES('E67566095','ANGELA ANA TORRES LANDAETA',2746739);
INSERT INTO SOSPECHOSO VALUES('E72114586','CARLOS CHRISTIAN CASTILLO TORRES',6513700);
INSERT INTO SOSPECHOSO VALUES('E11842475','TOMAS RICARDO SOSA FERRER',3629809);
INSERT INTO SOSPECHOSO VALUES('E99844357','MONICA GABRIELA MENDOZA TIRADO',2441923);
INSERT INTO SOSPECHOSO VALUES('E54332266','DAVID ADOLFO FERRER MENDOZA',5536674);
INSERT INTO SOSPECHOSO VALUES('V33486065','CAROLINA MARIA LANDAETA GALLEGOS',5681889);
INSERT INTO SOSPECHOSO VALUES('E12104514','ANGELICA ALICIA SOSA PARRA',1387967);
INSERT INTO SOSPECHOSO VALUES('E36229665','ISMAEL RAFAEL ALGARIN LANDAETA',5439462);
INSERT INTO SOSPECHOSO VALUES('E72761183','JESUS ALBERTO LANDAETA MENDOZA',3467374);
INSERT INTO SOSPECHOSO VALUES('V20657353','ANGELICA ALICIA LANDAETA GUERRERO',6382214);
INSERT INTO SOSPECHOSO VALUES('V97272367','VICTOR ESTEFANO GALLEGOS LANDAETA',5428145);
INSERT INTO SOSPECHOSO VALUES('E7573923','ANTONIO BEJAMIN SOSA LANDAETA',6422939);
INSERT INTO SOSPECHOSO VALUES('V15163962','PEDRO ESTEFANO LOPEZ TORRES',7929714);
INSERT INTO SOSPECHOSO VALUES('E8762669','ALEJANDRA CRISTINA PEREZ GUERRERO',8569350);
INSERT INTO SOSPECHOSO VALUES('E87321506','ANA ROSA ADRIAN GIRALDEZ',8329969);
INSERT INTO SOSPECHOSO VALUES('E42844779','ADOLFO JESUS LOPEZ TORRES',4595418);
INSERT INTO DETENCION VALUES('PANTERAS-499',TO_TIMESTAMP('25-AUG-08 06.52.26.000000 PM','DD-Mon-YY HH12:MI:SS:MS PM'),'BARRIO AJURO');
INSERT INTO VEHICULO_ROBADO VALUES('DFZ1609','SEAT','MICRO','1994','NARANJA','PANTERAS-499',TO_TIMESTAMP('25-AUG-08 06.52.26.000000 PM','DD-Mon-YY HH12:MI:SS:MS PM'));
INSERT INTO DENUNCIA_ROBO VALUES('E43506299',TO_TIMESTAMP('20-AUG-08 04.30.45.000000 AM','DD-Mon-YY HH12:MI:SS:MS AM'),'ISMAEL ESTEFANO ADRIAN FERRER','URB LA FLORIDA',TO_TIMESTAMP('18-AUG-08 10.18.00.000000 PM','DD-Mon-YY HH12:MI:SS:MS PM'),'DFZ1609','TIBURONES-937');
INSERT INTO SOSPECHOSO VALUES('E71600446','CRISTINA MARISOL MENDOZA PARRA',8844928);
INSERT INTO SE_DETIENE VALUES('E71600446','PANTERAS-499',TO_TIMESTAMP('25-AUG-08 06.52.26.000000 PM','DD-Mon-YY HH12:MI:SS:MS PM'));
INSERT INTO SE_DETIENE VALUES('E28171064','PANTERAS-499',TO_TIMESTAMP('25-AUG-08 06.52.26.000000 PM','DD-Mon-YY HH12:MI:SS:MS PM'));
INSERT INTO SE_DETIENE VALUES('V33486065','PANTERAS-499',TO_TIMESTAMP('25-AUG-08 06.52.26.000000 PM','DD-Mon-YY HH12:MI:SS:MS PM'));
INSERT INTO SE_DETIENE VALUES('E72114586','PANTERAS-499',TO_TIMESTAMP('25-AUG-08 06.52.26.000000 PM','DD-Mon-YY HH12:MI:SS:MS PM'));
INSERT INTO DETENCION VALUES('PANTERAS-319',TO_TIMESTAMP('21-SEP-08 01.57.24.000000 AM','DD-Mon-YY HH12:MI:SS:MS AM'),'BARRIO LA LAGUNITA');
INSERT INTO VEHICULO_ROBADO VALUES('JQKQQ59','MAZDA','CAMIONETA','1990','CAFE','PANTERAS-319',TO_TIMESTAMP('21-SEP-08 01.57.24.000000 AM','DD-Mon-YY HH12:MI:SS:MS AM'));
INSERT INTO DENUNCIA_ROBO VALUES('V78227202',TO_TIMESTAMP('31-AUG-08 06.08.54.000000 AM','DD-Mon-YY HH12:MI:SS:MS AM'),'CECILIA ESTHER PEREZ GARCIA','PLAZA VENEZUELA',TO_TIMESTAMP('25-AUG-08 03.13.49.000000 AM','DD-Mon-YY HH12:MI:SS:MS AM'),'JQKQQ59','ZORROS-831');
INSERT INTO SOSPECHOSO VALUES('E85283257','CECILIA CAROLINA GARCIA PEREZ',9024178);
INSERT INTO SE_DETIENE VALUES('E85283257','PANTERAS-319',TO_TIMESTAMP('21-SEP-08 01.57.24.000000 AM','DD-Mon-YY HH12:MI:SS:MS AM'));
INSERT INTO SE_DETIENE VALUES('E54332266','PANTERAS-319',TO_TIMESTAMP('21-SEP-08 01.57.24.000000 AM','DD-Mon-YY HH12:MI:SS:MS AM'));
INSERT INTO SE_DETIENE VALUES('E12104514','PANTERAS-319',TO_TIMESTAMP('21-SEP-08 01.57.24.000000 AM','DD-Mon-YY HH12:MI:SS:MS AM'));
INSERT INTO DETENCION VALUES('AGUILAS-246',TO_TIMESTAMP('10-SEP-08 10.25.01.000000 AM','DD-Mon-YY HH12:MI:SS:MS AM'),'URB LOS CEDROS');
INSERT INTO VEHICULO_ROBADO VALUES('NHMFI84','DAEWOO','CAMIONETA','1996','ROJO','AGUILAS-246',TO_TIMESTAMP('10-SEP-08 10.25.01.000000 AM','DD-Mon-YY HH12:MI:SS:MS AM'));
INSERT INTO DENUNCIA_ROBO VALUES('V99758771',TO_TIMESTAMP('15-AUG-08 01.36.01.000000 PM','DD-Mon-YY HH12:MI:SS:MS PM'),'CARMEN VICTORIA ADRIAN TIRADO','PLAZA VENEZUELA',TO_TIMESTAMP('13-AUG-08 08.48.53.000000 AM','DD-Mon-YY HH12:MI:SS:MS AM'),'NHMFI84','OSOS-773');
INSERT INTO SOSPECHOSO VALUES('V26326604','CRISTINA CAROLINA TORRES LANDAETA',2177532);
INSERT INTO SE_DETIENE VALUES('V26326604','AGUILAS-246',TO_TIMESTAMP('10-SEP-08 10.25.01.000000 AM','DD-Mon-YY HH12:MI:SS:MS AM'));
INSERT INTO SE_DETIENE VALUES('V15163962','AGUILAS-246',TO_TIMESTAMP('10-SEP-08 10.25.01.000000 AM','DD-Mon-YY HH12:MI:SS:MS AM'));
INSERT INTO DETENCION VALUES('OSOS-134',TO_TIMESTAMP('25-SEP-08 10.07.49.000000 PM','DD-Mon-YY HH12:MI:SS:MS PM'),'URB 23 ENERO');
INSERT INTO VEHICULO_ROBADO VALUES('TUSJL92','SEAT','CAMIONETA','2002','DORADO','OSOS-134',TO_TIMESTAMP('25-SEP-08 10.07.49.000000 PM','DD-Mon-YY HH12:MI:SS:MS PM'));
INSERT INTO DENUNCIA_ROBO VALUES('E88337606',TO_TIMESTAMP('20-AUG-08 12.59.38.000000 AM','DD-Mon-YY HH12:MI:SS:MS AM'),'ANA CAROLINA FERRER GUERRA','BARRIO BRISAS DE PROPATRIA',TO_TIMESTAMP('14-AUG-08 11.05.51.000000 AM','DD-Mon-YY HH12:MI:SS:MS AM'),'TUSJL92','OSOS-529');
INSERT INTO SOSPECHOSO VALUES('V43012980','TOMAS RICARDO SOSA PARRA',5627201);
INSERT INTO SE_DETIENE VALUES('V43012980','OSOS-134',TO_TIMESTAMP('25-SEP-08 10.07.49.000000 PM','DD-Mon-YY HH12:MI:SS:MS PM'));
INSERT INTO SE_DETIENE VALUES('V97272367','OSOS-134',TO_TIMESTAMP('25-SEP-08 10.07.49.000000 PM','DD-Mon-YY HH12:MI:SS:MS PM'));
INSERT INTO SE_DETIENE VALUES('V47381153','OSOS-134',TO_TIMESTAMP('25-SEP-08 10.07.49.000000 PM','DD-Mon-YY HH12:MI:SS:MS PM'));
INSERT INTO SE_DETIENE VALUES('V16594596','OSOS-134',TO_TIMESTAMP('25-SEP-08 10.07.49.000000 PM','DD-Mon-YY HH12:MI:SS:MS PM'));
INSERT INTO SE_DETIENE VALUES('E28171064','OSOS-134',TO_TIMESTAMP('25-SEP-08 10.07.49.000000 PM','DD-Mon-YY HH12:MI:SS:MS PM'));
INSERT INTO DETENCION VALUES('ARACNIDOS-378',TO_TIMESTAMP('15-SEP-08 03.49.39.000000 PM','DD-Mon-YY HH12:MI:SS:MS PM'),'CAFETAL');
INSERT INTO VEHICULO_ROBADO VALUES('PIEWTF7','MASERATI','DEPORTIVO','2005','ROJO','ARACNIDOS-378',TO_TIMESTAMP('15-SEP-08 03.49.39.000000 PM','DD-Mon-YY HH12:MI:SS:MS PM'));
INSERT INTO DENUNCIA_ROBO VALUES('E3651925',TO_TIMESTAMP('22-AUG-08 10.27.44.000000 AM','DD-Mon-YY HH12:MI:SS:MS AM'),'ANTONIO CHRISTIAN GUERRA TIRADO','PARROQUIA SANTA TERESA',TO_TIMESTAMP('19-AUG-08 01.39.05.000000 PM','DD-Mon-YY HH12:MI:SS:MS PM'),'PIEWTF7','OSOS-771');
INSERT INTO SOSPECHOSO VALUES('V40032175','ADRIANA ROSA FERNADEZ GARCIA',5172777);
INSERT INTO SE_DETIENE VALUES('V40032175','ARACNIDOS-378',TO_TIMESTAMP('15-SEP-08 03.49.39.000000 PM','DD-Mon-YY HH12:MI:SS:MS PM'));
INSERT INTO SE_DETIENE VALUES('E7826048','ARACNIDOS-378',TO_TIMESTAMP('15-SEP-08 03.49.39.000000 PM','DD-Mon-YY HH12:MI:SS:MS PM'));
INSERT INTO SE_DETIENE VALUES('E7573923','ARACNIDOS-378',TO_TIMESTAMP('15-SEP-08 03.49.39.000000 PM','DD-Mon-YY HH12:MI:SS:MS PM'));
INSERT INTO SE_DETIENE VALUES('E99792858','ARACNIDOS-378',TO_TIMESTAMP('15-SEP-08 03.49.39.000000 PM','DD-Mon-YY HH12:MI:SS:MS PM'));
INSERT INTO SE_DETIENE VALUES('V47381153','ARACNIDOS-378',TO_TIMESTAMP('15-SEP-08 03.49.39.000000 PM','DD-Mon-YY HH12:MI:SS:MS PM'));
INSERT INTO DETENCION VALUES('ZORROS-305',TO_TIMESTAMP('22-AUG-08 08.19.19.000000 PM','DD-Mon-YY HH12:MI:SS:MS PM'),'URB MARIPEREZ');
INSERT INTO VEHICULO_ROBADO VALUES('TFHUQQ7','PEUGOT','MICRO','2007','AZUL','ZORROS-305',TO_TIMESTAMP('22-AUG-08 08.19.19.000000 PM','DD-Mon-YY HH12:MI:SS:MS PM'));
INSERT INTO DENUNCIA_ROBO VALUES('E9438295',TO_TIMESTAMP('16-AUG-08 03.47.22.000000 AM','DD-Mon-YY HH12:MI:SS:MS AM'),'FELIPE LEONARDO ALGARIN FERRER','BARRIO EL TRIANGULO EL CEMENTERIO',TO_TIMESTAMP('13-AUG-08 04.19.47.000000 PM','DD-Mon-YY HH12:MI:SS:MS PM'),'TFHUQQ7','TIBURONES-999');
INSERT INTO SOSPECHOSO VALUES('V61471894','CARMEN MARISOL FERRER GUERRA',7543806);
INSERT INTO SE_DETIENE VALUES('V61471894','ZORROS-305',TO_TIMESTAMP('22-AUG-08 08.19.19.000000 PM','DD-Mon-YY HH12:MI:SS:MS PM'));
INSERT INTO SE_DETIENE VALUES('E27157964','ZORROS-305',TO_TIMESTAMP('22-AUG-08 08.19.19.000000 PM','DD-Mon-YY HH12:MI:SS:MS PM'));
INSERT INTO SE_DETIENE VALUES('E7826048','ZORROS-305',TO_TIMESTAMP('22-AUG-08 08.19.19.000000 PM','DD-Mon-YY HH12:MI:SS:MS PM'));
INSERT INTO SE_DETIENE VALUES('E99792858','ZORROS-305',TO_TIMESTAMP('22-AUG-08 08.19.19.000000 PM','DD-Mon-YY HH12:MI:SS:MS PM'));
INSERT INTO DETENCION VALUES('PANTERAS-655',TO_TIMESTAMP('24-AUG-08 03.45.09.000000 AM','DD-Mon-YY HH12:MI:SS:MS AM'),'BARRIO AGUACATICO');
INSERT INTO VEHICULO_ROBADO VALUES('LOUDI34','PORSCHE','CAMIONETA','1998','AMARILLO','PANTERAS-655',TO_TIMESTAMP('24-AUG-08 03.45.09.000000 AM','DD-Mon-YY HH12:MI:SS:MS AM'));
INSERT INTO DENUNCIA_ROBO VALUES('E92528197',TO_TIMESTAMP('17-AUG-08 12.04.28.000000 AM','DD-Mon-YY HH12:MI:SS:MS AM'),'VICTORIA CECILIA CASTILLO ADRIAN','BARRIO AJURO',TO_TIMESTAMP('14-AUG-08 06.34.58.000000 PM','DD-Mon-YY HH12:MI:SS:MS PM'),'LOUDI34','OSOS-182');
INSERT INTO SOSPECHOSO VALUES('E46690718','JONATHAN ISMAEL CASTILLO GALLEGOS',3727091);
INSERT INTO SE_DETIENE VALUES('E46690718','PANTERAS-655',TO_TIMESTAMP('24-AUG-08 03.45.09.000000 AM','DD-Mon-YY HH12:MI:SS:MS AM'));
INSERT INTO SE_DETIENE VALUES('E99792858','PANTERAS-655',TO_TIMESTAMP('24-AUG-08 03.45.09.000000 AM','DD-Mon-YY HH12:MI:SS:MS AM'));
INSERT INTO DETENCION VALUES('TIBURONES-377',TO_TIMESTAMP('21-SEP-08 03.29.44.000000 PM','DD-Mon-YY HH12:MI:SS:MS PM'),'BARRIO ALBERTO RAVELL');
INSERT INTO VEHICULO_ROBADO VALUES('PCPP231','NISSAN','FURGONETA','1998','AZUL','TIBURONES-377',TO_TIMESTAMP('21-SEP-08 03.29.44.000000 PM','DD-Mon-YY HH12:MI:SS:MS PM'));
INSERT INTO DENUNCIA_ROBO VALUES('E94698219',TO_TIMESTAMP('04-SEP-08 04.55.16.000000 AM','DD-Mon-YY HH12:MI:SS:MS AM'),'MIRIAM ROSA TORRES MARQUEZ','VALLE ARRIBA',TO_TIMESTAMP('29-AUG-08 01.08.05.000000 AM','DD-Mon-YY HH12:MI:SS:MS AM'),'PCPP231','OSOS-780');
INSERT INTO SOSPECHOSO VALUES('V52528953','ANGELA ADRIANA TORRES GIRALDEZ',3808865);
INSERT INTO SE_DETIENE VALUES('V52528953','TIBURONES-377',TO_TIMESTAMP('21-SEP-08 03.29.44.000000 PM','DD-Mon-YY HH12:MI:SS:MS PM'));
INSERT INTO SE_DETIENE VALUES('V15163962','TIBURONES-377',TO_TIMESTAMP('21-SEP-08 03.29.44.000000 PM','DD-Mon-YY HH12:MI:SS:MS PM'));
INSERT INTO SE_DETIENE VALUES('E72114586','TIBURONES-377',TO_TIMESTAMP('21-SEP-08 03.29.44.000000 PM','DD-Mon-YY HH12:MI:SS:MS PM'));
INSERT INTO SE_DETIENE VALUES('E17892138','TIBURONES-377',TO_TIMESTAMP('21-SEP-08 03.29.44.000000 PM','DD-Mon-YY HH12:MI:SS:MS PM'));
INSERT INTO SE_DETIENE VALUES('E12104514','TIBURONES-377',TO_TIMESTAMP('21-SEP-08 03.29.44.000000 PM','DD-Mon-YY HH12:MI:SS:MS PM'));
INSERT INTO SE_DETIENE VALUES('E67566095','TIBURONES-377',TO_TIMESTAMP('21-SEP-08 03.29.44.000000 PM','DD-Mon-YY HH12:MI:SS:MS PM'));
INSERT INTO DETENCION VALUES('TIBURONES-937',TO_TIMESTAMP('29-SEP-08 01.37.32.000000 PM','DD-Mon-YY HH12:MI:SS:MS PM'),'CANDELARIA');
INSERT INTO VEHICULO_ROBADO VALUES('BFGWSJ8','MASERATI','DEPORTIVO','2006','PLATA','TIBURONES-937',TO_TIMESTAMP('29-SEP-08 01.37.32.000000 PM','DD-Mon-YY HH12:MI:SS:MS PM'));
INSERT INTO DENUNCIA_ROBO VALUES('V84338307',TO_TIMESTAMP('25-AUG-08 07.13.06.000000 PM','DD-Mon-YY HH12:MI:SS:MS PM'),'TOMAS ESTEFANO GUERRA GONZALEZ','BARRIO BRISAS DEL PARAISO',TO_TIMESTAMP('22-AUG-08 01.36.51.000000 AM','DD-Mon-YY HH12:MI:SS:MS AM'),'BFGWSJ8','PANTERAS-655');
INSERT INTO SOSPECHOSO VALUES('E97702799','MIRIAM MARISOL CASTILLO TORRES',1400227);
INSERT INTO SE_DETIENE VALUES('E97702799','TIBURONES-937',TO_TIMESTAMP('29-SEP-08 01.37.32.000000 PM','DD-Mon-YY HH12:MI:SS:MS PM'));
INSERT INTO SE_DETIENE VALUES('E99792858','TIBURONES-937',TO_TIMESTAMP('29-SEP-08 01.37.32.000000 PM','DD-Mon-YY HH12:MI:SS:MS PM'));
INSERT INTO SE_DETIENE VALUES('E87321506','TIBURONES-937',TO_TIMESTAMP('29-SEP-08 01.37.32.000000 PM','DD-Mon-YY HH12:MI:SS:MS PM'));
INSERT INTO SE_DETIENE VALUES('V16594596','TIBURONES-937',TO_TIMESTAMP('29-SEP-08 01.37.32.000000 PM','DD-Mon-YY HH12:MI:SS:MS PM'));
INSERT INTO SE_DETIENE VALUES('V97272367','TIBURONES-937',TO_TIMESTAMP('29-SEP-08 01.37.32.000000 PM','DD-Mon-YY HH12:MI:SS:MS PM'));
INSERT INTO DETENCION VALUES('OSOS-780',TO_TIMESTAMP('24-SEP-08 05.19.10.000000 AM','DD-Mon-YY HH12:MI:SS:MS AM'),'BARRIO LAS ADJUNTAS');
INSERT INTO VEHICULO_ROBADO VALUES('ESQBI24','LAND ROVER','FURGONETA','2002','AMARILLO','OSOS-780',TO_TIMESTAMP('24-SEP-08 05.19.10.000000 AM','DD-Mon-YY HH12:MI:SS:MS AM'));
INSERT INTO DENUNCIA_ROBO VALUES('E53365290',TO_TIMESTAMP('02-SEP-08 05.46.04.000000 AM','DD-Mon-YY HH12:MI:SS:MS AM'),'ANDREINA CARMEN ADRIAN FERNADEZ','LA CANDELARIA',TO_TIMESTAMP('30-AUG-08 10.01.42.000000 PM','DD-Mon-YY HH12:MI:SS:MS PM'),'ESQBI24','OSOS-867');
INSERT INTO SOSPECHOSO VALUES('V38023250','GABRIELA CRISTINA PEREZ PEREIRA',4277690);
INSERT INTO SE_DETIENE VALUES('V38023250','OSOS-780',TO_TIMESTAMP('24-SEP-08 05.19.10.000000 AM','DD-Mon-YY HH12:MI:SS:MS AM'));
INSERT INTO SE_DETIENE VALUES('E4202507','OSOS-780',TO_TIMESTAMP('24-SEP-08 05.19.10.000000 AM','DD-Mon-YY HH12:MI:SS:MS AM'));
INSERT INTO SE_DETIENE VALUES('E29499849','OSOS-780',TO_TIMESTAMP('24-SEP-08 05.19.10.000000 AM','DD-Mon-YY HH12:MI:SS:MS AM'));
INSERT INTO SE_DETIENE VALUES('E54332266','OSOS-780',TO_TIMESTAMP('24-SEP-08 05.19.10.000000 AM','DD-Mon-YY HH12:MI:SS:MS AM'));
INSERT INTO SE_DETIENE VALUES('E54332266','OSOS-780',TO_TIMESTAMP('24-SEP-08 05.19.10.000000 AM','DD-Mon-YY HH12:MI:SS:MS AM'));
INSERT INTO SE_DETIENE VALUES('E54332266','OSOS-780',TO_TIMESTAMP('24-SEP-08 05.19.10.000000 AM','DD-Mon-YY HH12:MI:SS:MS AM'));
INSERT INTO DETENCION VALUES('ZORROS-775',TO_TIMESTAMP('12-SEP-08 09.49.49.000000 AM','DD-Mon-YY HH12:MI:SS:MS AM'),'URB BELLO MONTE');
INSERT INTO VEHICULO_ROBADO VALUES('OVSF856','DAEWOO','CAMIONETA','1999','NARANJA','ZORROS-775',TO_TIMESTAMP('12-SEP-08 09.49.49.000000 AM','DD-Mon-YY HH12:MI:SS:MS AM'));
INSERT INTO DENUNCIA_ROBO VALUES('V52453366',TO_TIMESTAMP('18-AUG-08 03.48.28.000000 AM','DD-Mon-YY HH12:MI:SS:MS AM'),'ANA MARISOL SOSA LANDAETA','URB PARQUE CENTRAL',TO_TIMESTAMP('15-AUG-08 11.27.49.000000 PM','DD-Mon-YY HH12:MI:SS:MS PM'),'OVSF856','OSOS-771');
INSERT INTO SOSPECHOSO VALUES('V77109334','CARLOS CHRISTIAN TORRES MARQUEZ',2845154);
INSERT INTO SE_DETIENE VALUES('V77109334','ZORROS-775',TO_TIMESTAMP('12-SEP-08 09.49.49.000000 AM','DD-Mon-YY HH12:MI:SS:MS AM'));
INSERT INTO SE_DETIENE VALUES('V4220431','ZORROS-775',TO_TIMESTAMP('12-SEP-08 09.49.49.000000 AM','DD-Mon-YY HH12:MI:SS:MS AM'));
INSERT INTO SE_DETIENE VALUES('V4220431','ZORROS-775',TO_TIMESTAMP('12-SEP-08 09.49.49.000000 AM','DD-Mon-YY HH12:MI:SS:MS AM'));
INSERT INTO SE_DETIENE VALUES('E54332266','ZORROS-775',TO_TIMESTAMP('12-SEP-08 09.49.49.000000 AM','DD-Mon-YY HH12:MI:SS:MS AM'));
INSERT INTO DETENCION VALUES('ARACNIDOS-446',TO_TIMESTAMP('27-SEP-08 05.48.47.000000 AM','DD-Mon-YY HH12:MI:SS:MS AM'),'BARRIO LA LAGUNITA');
INSERT INTO VEHICULO_ROBADO VALUES('NPWOJ29','VOLKSWAGEN','DEPORTIVO','2000','GRIS','ARACNIDOS-446',TO_TIMESTAMP('27-SEP-08 05.48.47.000000 AM','DD-Mon-YY HH12:MI:SS:MS AM'));
INSERT INTO DENUNCIA_ROBO VALUES('E39606841',TO_TIMESTAMP('29-AUG-08 11.37.55.000000 PM','DD-Mon-YY HH12:MI:SS:MS PM'),'FELIX BEJAMIN SOSA GIRALDEZ','BARRIO LAS ADJUNTAS',TO_TIMESTAMP('29-AUG-08 04.02.18.000000 AM','DD-Mon-YY HH12:MI:SS:MS AM'),'NPWOJ29','TIBURONES-368');
INSERT INTO SOSPECHOSO VALUES('V89576699','ESTEFANO ANTONIO PARRA GUERRA',3578472);
INSERT INTO SE_DETIENE VALUES('V89576699','ARACNIDOS-446',TO_TIMESTAMP('27-SEP-08 05.48.47.000000 AM','DD-Mon-YY HH12:MI:SS:MS AM'));
INSERT INTO SE_DETIENE VALUES('E12104514','ARACNIDOS-446',TO_TIMESTAMP('27-SEP-08 05.48.47.000000 AM','DD-Mon-YY HH12:MI:SS:MS AM'));
INSERT INTO SE_DETIENE VALUES('V16594596','ARACNIDOS-446',TO_TIMESTAMP('27-SEP-08 05.48.47.000000 AM','DD-Mon-YY HH12:MI:SS:MS AM'));
INSERT INTO SE_DETIENE VALUES('E7826048','ARACNIDOS-446',TO_TIMESTAMP('27-SEP-08 05.48.47.000000 AM','DD-Mon-YY HH12:MI:SS:MS AM'));
INSERT INTO DETENCION VALUES('OSOS-773',TO_TIMESTAMP('31-AUG-08 01.30.55.000000 PM','DD-Mon-YY HH12:MI:SS:MS PM'),'VALLE ARRIBA');
INSERT INTO VEHICULO_ROBADO VALUES('LOH2028','RENAULT','FURGONETA','2005','BLANCO','OSOS-773',TO_TIMESTAMP('31-AUG-08 01.30.55.000000 PM','DD-Mon-YY HH12:MI:SS:MS PM'));
INSERT INTO DENUNCIA_ROBO VALUES('V35432849',TO_TIMESTAMP('29-AUG-08 03.44.09.000000 AM','DD-Mon-YY HH12:MI:SS:MS AM'),'ALICIA MARISOL GALLEGOS TIRADO','BARRIO ANDRES BELLO',TO_TIMESTAMP('27-AUG-08 08.35.37.000000 AM','DD-Mon-YY HH12:MI:SS:MS AM'),'LOH2028','OSOS-162');
INSERT INTO SOSPECHOSO VALUES('E71433270','MIRIAM ANGELA PARRA ZAMBRANO',6265755);
INSERT INTO SE_DETIENE VALUES('E71433270','OSOS-773',TO_TIMESTAMP('31-AUG-08 01.30.55.000000 PM','DD-Mon-YY HH12:MI:SS:MS PM'));
INSERT INTO SE_DETIENE VALUES('E92876896','OSOS-773',TO_TIMESTAMP('31-AUG-08 01.30.55.000000 PM','DD-Mon-YY HH12:MI:SS:MS PM'));
INSERT INTO SE_DETIENE VALUES('V16594596','OSOS-773',TO_TIMESTAMP('31-AUG-08 01.30.55.000000 PM','DD-Mon-YY HH12:MI:SS:MS PM'));
INSERT INTO DETENCION VALUES('TRIGRES-797',TO_TIMESTAMP('22-SEP-08 08.21.58.000000 PM','DD-Mon-YY HH12:MI:SS:MS PM'),'CARICUAO');
INSERT INTO VEHICULO_ROBADO VALUES('DEKXP73','AUDI','DEPORTIVO','1996','GRIS','TRIGRES-797',TO_TIMESTAMP('22-SEP-08 08.21.58.000000 PM','DD-Mon-YY HH12:MI:SS:MS PM'));
INSERT INTO DENUNCIA_ROBO VALUES('V29744028',TO_TIMESTAMP('04-SEP-08 07.49.28.000000 AM','DD-Mon-YY HH12:MI:SS:MS AM'),'CRISTINA ANDREINA MENDOZA FERRER','URB LOS CEDROS',TO_TIMESTAMP('30-AUG-08 05.12.55.000000 PM','DD-Mon-YY HH12:MI:SS:MS PM'),'DEKXP73','TRIGRES-206');
INSERT INTO SOSPECHOSO VALUES('V58155382','ANTONIO EMILIO ZAMBRANO GIRALDEZ',9701850);
INSERT INTO SE_DETIENE VALUES('V58155382','TRIGRES-797',TO_TIMESTAMP('22-SEP-08 08.21.58.000000 PM','DD-Mon-YY HH12:MI:SS:MS PM'));
INSERT INTO SE_DETIENE VALUES('V33486065','TRIGRES-797',TO_TIMESTAMP('22-SEP-08 08.21.58.000000 PM','DD-Mon-YY HH12:MI:SS:MS PM'));
INSERT INTO SE_DETIENE VALUES('V4220431','TRIGRES-797',TO_TIMESTAMP('22-SEP-08 08.21.58.000000 PM','DD-Mon-YY HH12:MI:SS:MS PM'));
INSERT INTO SE_DETIENE VALUES('V97272367','TRIGRES-797',TO_TIMESTAMP('22-SEP-08 08.21.58.000000 PM','DD-Mon-YY HH12:MI:SS:MS PM'));
INSERT INTO SE_DETIENE VALUES('V16594596','TRIGRES-797',TO_TIMESTAMP('22-SEP-08 08.21.58.000000 PM','DD-Mon-YY HH12:MI:SS:MS PM'));
INSERT INTO DETENCION VALUES('ARACNIDOS-167',TO_TIMESTAMP('22-SEP-08 08.36.39.000000 AM','DD-Mon-YY HH12:MI:SS:MS AM'),'BARRIO HOYADA');
INSERT INTO VEHICULO_ROBADO VALUES('WZOY394','HYUNDAI','CAMIONETA','2004','PLATA','ARACNIDOS-167',TO_TIMESTAMP('22-SEP-08 08.36.39.000000 AM','DD-Mon-YY HH12:MI:SS:MS AM'));
INSERT INTO DENUNCIA_ROBO VALUES('V80518136',TO_TIMESTAMP('31-AUG-08 05.27.37.000000 PM','DD-Mon-YY HH12:MI:SS:MS PM'),'PEDRO ALBERTO FERRER GUERRA','BARRIO EL CALVARIO',TO_TIMESTAMP('27-AUG-08 12.52.17.000000 PM','DD-Mon-YY HH12:MI:SS:MS PM'),'WZOY394','OSOS-365');
INSERT INTO SOSPECHOSO VALUES('V80959864','DAVID ALBERTO ZAMBRANO LANDAETA',6695844);
INSERT INTO SE_DETIENE VALUES('V80959864','ARACNIDOS-167',TO_TIMESTAMP('22-SEP-08 08.36.39.000000 AM','DD-Mon-YY HH12:MI:SS:MS AM'));
INSERT INTO SE_DETIENE VALUES('E4202507','ARACNIDOS-167',TO_TIMESTAMP('22-SEP-08 08.36.39.000000 AM','DD-Mon-YY HH12:MI:SS:MS AM'));
INSERT INTO SE_DETIENE VALUES('E99792858','ARACNIDOS-167',TO_TIMESTAMP('22-SEP-08 08.36.39.000000 AM','DD-Mon-YY HH12:MI:SS:MS AM'));
INSERT INTO SE_DETIENE VALUES('E72114586','ARACNIDOS-167',TO_TIMESTAMP('22-SEP-08 08.36.39.000000 AM','DD-Mon-YY HH12:MI:SS:MS AM'));
INSERT INTO SE_DETIENE VALUES('E88228181','ARACNIDOS-167',TO_TIMESTAMP('22-SEP-08 08.36.39.000000 AM','DD-Mon-YY HH12:MI:SS:MS AM'));
INSERT INTO DETENCION VALUES('ARACNIDOS-680',TO_TIMESTAMP('16-SEP-08 10.30.04.000000 AM','DD-Mon-YY HH12:MI:SS:MS AM'),'PLAZA VENEZUELA');
INSERT INTO VEHICULO_ROBADO VALUES('WUX4363','MASERATI','CAMIONETA','1993','VERDE','ARACNIDOS-680',TO_TIMESTAMP('16-SEP-08 10.30.04.000000 AM','DD-Mon-YY HH12:MI:SS:MS AM'));
INSERT INTO DENUNCIA_ROBO VALUES('V34870081',TO_TIMESTAMP('07-AUG-08 05.25.27.000000 PM','DD-Mon-YY HH12:MI:SS:MS PM'),'CECILIA ANGELICA GONZALEZ GUERRA','SABANA GRANDE',TO_TIMESTAMP('06-AUG-08 01.47.23.000000 PM','DD-Mon-YY HH12:MI:SS:MS PM'),'WUX4363','PANTERAS-319');
INSERT INTO SOSPECHOSO VALUES('V75403701','JONATHAN EDUARDO FERRER GUERRERO',1476647);
INSERT INTO SE_DETIENE VALUES('V75403701','ARACNIDOS-680',TO_TIMESTAMP('16-SEP-08 10.30.04.000000 AM','DD-Mon-YY HH12:MI:SS:MS AM'));
INSERT INTO SE_DETIENE VALUES('E11842475','ARACNIDOS-680',TO_TIMESTAMP('16-SEP-08 10.30.04.000000 AM','DD-Mon-YY HH12:MI:SS:MS AM'));
INSERT INTO SE_DETIENE VALUES('E92876896','ARACNIDOS-680',TO_TIMESTAMP('16-SEP-08 10.30.04.000000 AM','DD-Mon-YY HH12:MI:SS:MS AM'));
INSERT INTO SE_DETIENE VALUES('E36229665','ARACNIDOS-680',TO_TIMESTAMP('16-SEP-08 10.30.04.000000 AM','DD-Mon-YY HH12:MI:SS:MS AM'));
INSERT INTO SE_DETIENE VALUES('E29499849','ARACNIDOS-680',TO_TIMESTAMP('16-SEP-08 10.30.04.000000 AM','DD-Mon-YY HH12:MI:SS:MS AM'));
INSERT INTO SE_DETIENE VALUES('E72114586','ARACNIDOS-680',TO_TIMESTAMP('16-SEP-08 10.30.04.000000 AM','DD-Mon-YY HH12:MI:SS:MS AM'));
INSERT INTO DETENCION VALUES('TRIGRES-206',TO_TIMESTAMP('30-AUG-08 01.08.49.000000 PM','DD-Mon-YY HH12:MI:SS:MS PM'),'EL VALLE');
INSERT INTO VEHICULO_ROBADO VALUES('G464805','BMW','SEDAN','1999','AMARILLO','TRIGRES-206',TO_TIMESTAMP('30-AUG-08 01.08.49.000000 PM','DD-Mon-YY HH12:MI:SS:MS PM'));
INSERT INTO DENUNCIA_ROBO VALUES('E39821371',TO_TIMESTAMP('18-AUG-08 05.03.59.000000 PM','DD-Mon-YY HH12:MI:SS:MS PM'),'ALICIA ELENA LANDAETA TORRES','BARRIO COTIZA',TO_TIMESTAMP('13-AUG-08 10.54.29.000000 PM','DD-Mon-YY HH12:MI:SS:MS PM'),'G464805','OSOS-231');
INSERT INTO SOSPECHOSO VALUES('V11441392','ROSA ADRIANA TIRADO ADRIAN',1347726);
INSERT INTO SE_DETIENE VALUES('V11441392','TRIGRES-206',TO_TIMESTAMP('30-AUG-08 01.08.49.000000 PM','DD-Mon-YY HH12:MI:SS:MS PM'));
INSERT INTO SE_DETIENE VALUES('E99844357','TRIGRES-206',TO_TIMESTAMP('30-AUG-08 01.08.49.000000 PM','DD-Mon-YY HH12:MI:SS:MS PM'));
INSERT INTO DETENCION VALUES('TRIGRES-296',TO_TIMESTAMP('24-AUG-08 01.43.20.000000 PM','DD-Mon-YY HH12:MI:SS:MS PM'),'BARUTA');
INSERT INTO VEHICULO_ROBADO VALUES('ZPXKKP5','PORSCHE','FURGONETA','1993','VERDE','TRIGRES-296',TO_TIMESTAMP('24-AUG-08 01.43.20.000000 PM','DD-Mon-YY HH12:MI:SS:MS PM'));
INSERT INTO DENUNCIA_ROBO VALUES('V75541766',TO_TIMESTAMP('24-AUG-08 05.12.34.000000 AM','DD-Mon-YY HH12:MI:SS:MS AM'),'TOMAS BEJAMIN ZAMBRANO FERNADEZ','BARRIO LA BOMBILLA',TO_TIMESTAMP('19-AUG-08 06.56.07.000000 AM','DD-Mon-YY HH12:MI:SS:MS AM'),'ZPXKKP5','OSOS-340');
INSERT INTO SOSPECHOSO VALUES('V8686086','LUIS BEJAMIN GIRALDEZ GARCIA',2049533);
INSERT INTO SE_DETIENE VALUES('V8686086','TRIGRES-296',TO_TIMESTAMP('24-AUG-08 01.43.20.000000 PM','DD-Mon-YY HH12:MI:SS:MS PM'));
INSERT INTO SE_DETIENE VALUES('E28171064','TRIGRES-296',TO_TIMESTAMP('24-AUG-08 01.43.20.000000 PM','DD-Mon-YY HH12:MI:SS:MS PM'));
INSERT INTO SE_DETIENE VALUES('E92876896','TRIGRES-296',TO_TIMESTAMP('24-AUG-08 01.43.20.000000 PM','DD-Mon-YY HH12:MI:SS:MS PM'));
INSERT INTO SE_DETIENE VALUES('V33486065','TRIGRES-296',TO_TIMESTAMP('24-AUG-08 01.43.20.000000 PM','DD-Mon-YY HH12:MI:SS:MS PM'));
INSERT INTO SE_DETIENE VALUES('V16481829','TRIGRES-296',TO_TIMESTAMP('24-AUG-08 01.43.20.000000 PM','DD-Mon-YY HH12:MI:SS:MS PM'));
INSERT INTO SE_DETIENE VALUES('E99792858','TRIGRES-296',TO_TIMESTAMP('24-AUG-08 01.43.20.000000 PM','DD-Mon-YY HH12:MI:SS:MS PM'));
INSERT INTO SE_DETIENE VALUES('E36229665','TRIGRES-296',TO_TIMESTAMP('24-AUG-08 01.43.20.000000 PM','DD-Mon-YY HH12:MI:SS:MS PM'));
INSERT INTO DETENCION VALUES('LEONES-632',TO_TIMESTAMP('03-SEP-08 03.11.57.000000 PM','DD-Mon-YY HH12:MI:SS:MS PM'),'URDANETA');
INSERT INTO VEHICULO_ROBADO VALUES('JHPT412','MITSUBISHI','PICKUP','2000','PLATA','LEONES-632',TO_TIMESTAMP('03-SEP-08 03.11.57.000000 PM','DD-Mon-YY HH12:MI:SS:MS PM'));
INSERT INTO DENUNCIA_ROBO VALUES('V2181784',TO_TIMESTAMP('21-AUG-08 08.05.43.000000 AM','DD-Mon-YY HH12:MI:SS:MS AM'),'ELENA CECILIA ADRIAN CASTILLO','BARRIO LAS MAYAS',TO_TIMESTAMP('15-AUG-08 12.46.01.000000 PM','DD-Mon-YY HH12:MI:SS:MS PM'),'JHPT412','TIBURONES-873');
INSERT INTO SOSPECHOSO VALUES('V94459338','EDUARDO LEONARDO LANDAETA ZAMBRANO',1217026);
INSERT INTO SE_DETIENE VALUES('V94459338','LEONES-632',TO_TIMESTAMP('03-SEP-08 03.11.57.000000 PM','DD-Mon-YY HH12:MI:SS:MS PM'));
INSERT INTO SE_DETIENE VALUES('E7573923','LEONES-632',TO_TIMESTAMP('03-SEP-08 03.11.57.000000 PM','DD-Mon-YY HH12:MI:SS:MS PM'));
INSERT INTO SE_DETIENE VALUES('V4220431','LEONES-632',TO_TIMESTAMP('03-SEP-08 03.11.57.000000 PM','DD-Mon-YY HH12:MI:SS:MS PM'));
INSERT INTO SE_DETIENE VALUES('E7826048','LEONES-632',TO_TIMESTAMP('03-SEP-08 03.11.57.000000 PM','DD-Mon-YY HH12:MI:SS:MS PM'));
INSERT INTO SE_DETIENE VALUES('E92876896','LEONES-632',TO_TIMESTAMP('03-SEP-08 03.11.57.000000 PM','DD-Mon-YY HH12:MI:SS:MS PM'));
INSERT INTO SE_DETIENE VALUES('E29499849','LEONES-632',TO_TIMESTAMP('03-SEP-08 03.11.57.000000 PM','DD-Mon-YY HH12:MI:SS:MS PM'));
INSERT INTO SE_DETIENE VALUES('E29499849','LEONES-632',TO_TIMESTAMP('03-SEP-08 03.11.57.000000 PM','DD-Mon-YY HH12:MI:SS:MS PM'));
INSERT INTO DETENCION VALUES('OSOS-870',TO_TIMESTAMP('28-SEP-08 12.36.24.000000 PM','DD-Mon-YY HH12:MI:SS:MS PM'),'SANTA ROSA');
INSERT INTO VEHICULO_ROBADO VALUES('ZIYKQ21','RENAULT','SEDAN','1994','AZUL','OSOS-870',TO_TIMESTAMP('28-SEP-08 12.36.24.000000 PM','DD-Mon-YY HH12:MI:SS:MS PM'));
INSERT INTO DENUNCIA_ROBO VALUES('V97013309',TO_TIMESTAMP('06-SEP-08 06.08.16.000000 PM','DD-Mon-YY HH12:MI:SS:MS PM'),'ISMAEL RICARDO GIRALDEZ TORRES','BARRIO ALTOS DE LIDICE',TO_TIMESTAMP('06-SEP-08 09.00.19.000000 AM','DD-Mon-YY HH12:MI:SS:MS AM'),'ZIYKQ21','AGUILAS-556');
INSERT INTO SOSPECHOSO VALUES('V45126734','CARLOS ESTEFANO FERRER PEREIRA',7535758);
INSERT INTO SE_DETIENE VALUES('V45126734','OSOS-870',TO_TIMESTAMP('28-SEP-08 12.36.24.000000 PM','DD-Mon-YY HH12:MI:SS:MS PM'));
INSERT INTO SE_DETIENE VALUES('E99792858','OSOS-870',TO_TIMESTAMP('28-SEP-08 12.36.24.000000 PM','DD-Mon-YY HH12:MI:SS:MS PM'));
INSERT INTO SE_DETIENE VALUES('E36229665','OSOS-870',TO_TIMESTAMP('28-SEP-08 12.36.24.000000 PM','DD-Mon-YY HH12:MI:SS:MS PM'));
INSERT INTO DETENCION VALUES('TIBURONES-436',TO_TIMESTAMP('06-OCT-08 01.07.41.000000 PM','DD-Mon-YY HH12:MI:SS:MS PM'),'URB EL BOSQUE');
INSERT INTO VEHICULO_ROBADO VALUES('NR98168','CITROEN','FURGONETA','2006','PLATA','TIBURONES-436',TO_TIMESTAMP('06-OCT-08 01.07.41.000000 PM','DD-Mon-YY HH12:MI:SS:MS PM'));
INSERT INTO DENUNCIA_ROBO VALUES('V33634128',TO_TIMESTAMP('01-SEP-08 08.06.29.000000 PM','DD-Mon-YY HH12:MI:SS:MS PM'),'LUIS RICARDO GARCIA LANDAETA','PROPATRIA',TO_TIMESTAMP('01-SEP-08 05.36.33.000000 AM','DD-Mon-YY HH12:MI:SS:MS AM'),'NR98168','OSOS-359');
INSERT INTO SOSPECHOSO VALUES('V16967733','CARMEN ESTHER PARRA ALGARIN',5325305);
INSERT INTO SE_DETIENE VALUES('V16967733','TIBURONES-436',TO_TIMESTAMP('06-OCT-08 01.07.41.000000 PM','DD-Mon-YY HH12:MI:SS:MS PM'));
INSERT INTO SE_DETIENE VALUES('E28171064','TIBURONES-436',TO_TIMESTAMP('06-OCT-08 01.07.41.000000 PM','DD-Mon-YY HH12:MI:SS:MS PM'));
INSERT INTO DETENCION VALUES('ZORROS-831',TO_TIMESTAMP('28-AUG-08 06.34.00.000000 AM','DD-Mon-YY HH12:MI:SS:MS AM'),'ARAGUITA');
INSERT INTO VEHICULO_ROBADO VALUES('LNIK891','HONDA','FURGONETA','2008','NEGRO','ZORROS-831',TO_TIMESTAMP('28-AUG-08 06.34.00.000000 AM','DD-Mon-YY HH12:MI:SS:MS AM'));
INSERT INTO DENUNCIA_ROBO VALUES('V41302988',TO_TIMESTAMP('11-AUG-08 05.59.53.000000 AM','DD-Mon-YY HH12:MI:SS:MS AM'),'ADRIANA ANGELA ADRIAN FERRER','VALLE ABAJO',TO_TIMESTAMP('09-AUG-08 12.50.28.000000 PM','DD-Mon-YY HH12:MI:SS:MS PM'),'LNIK891','OSOS-844');
INSERT INTO SOSPECHOSO VALUES('V67644582','LILIAN ALEJANDRA GIRALDEZ ALGARIN',7371477);
INSERT INTO SE_DETIENE VALUES('V67644582','ZORROS-831',TO_TIMESTAMP('28-AUG-08 06.34.00.000000 AM','DD-Mon-YY HH12:MI:SS:MS AM'));
INSERT INTO SE_DETIENE VALUES('E7826048','ZORROS-831',TO_TIMESTAMP('28-AUG-08 06.34.00.000000 AM','DD-Mon-YY HH12:MI:SS:MS AM'));
INSERT INTO SE_DETIENE VALUES('E99792858','ZORROS-831',TO_TIMESTAMP('28-AUG-08 06.34.00.000000 AM','DD-Mon-YY HH12:MI:SS:MS AM'));
INSERT INTO SE_DETIENE VALUES('V16481829','ZORROS-831',TO_TIMESTAMP('28-AUG-08 06.34.00.000000 AM','DD-Mon-YY HH12:MI:SS:MS AM'));
INSERT INTO SE_DETIENE VALUES('E12104514','ZORROS-831',TO_TIMESTAMP('28-AUG-08 06.34.00.000000 AM','DD-Mon-YY HH12:MI:SS:MS AM'));
INSERT INTO SE_DETIENE VALUES('E72761183','ZORROS-831',TO_TIMESTAMP('28-AUG-08 06.34.00.000000 AM','DD-Mon-YY HH12:MI:SS:MS AM'));
INSERT INTO DETENCION VALUES('PANTERAS-825',TO_TIMESTAMP('07-OCT-08 03.30.27.000000 AM','DD-Mon-YY HH12:MI:SS:MS AM'),'BARRIO LAS MAYAS');
INSERT INTO VEHICULO_ROBADO VALUES('NGXHYU7','SEAT','SEDAN','2002','ROJO','PANTERAS-825',TO_TIMESTAMP('07-OCT-08 03.30.27.000000 AM','DD-Mon-YY HH12:MI:SS:MS AM'));
INSERT INTO DENUNCIA_ROBO VALUES('V80119063',TO_TIMESTAMP('16-SEP-08 05.43.02.000000 AM','DD-Mon-YY HH12:MI:SS:MS AM'),'ANDREINA CARMEN TORRES LANDAETA','BARRIO BRISAS DE PETARE',TO_TIMESTAMP('11-SEP-08 07.10.31.000000 AM','DD-Mon-YY HH12:MI:SS:MS AM'),'NGXHYU7','PANTERAS-481');
INSERT INTO SOSPECHOSO VALUES('V25274693','ALBERTO EDUARDO GIRALDEZ SOSA',4245438);
INSERT INTO SE_DETIENE VALUES('V25274693','PANTERAS-825',TO_TIMESTAMP('07-OCT-08 03.30.27.000000 AM','DD-Mon-YY HH12:MI:SS:MS AM'));
INSERT INTO SE_DETIENE VALUES('V4220431','PANTERAS-825',TO_TIMESTAMP('07-OCT-08 03.30.27.000000 AM','DD-Mon-YY HH12:MI:SS:MS AM'));
INSERT INTO SE_DETIENE VALUES('E29499849','PANTERAS-825',TO_TIMESTAMP('07-OCT-08 03.30.27.000000 AM','DD-Mon-YY HH12:MI:SS:MS AM'));
INSERT INTO DETENCION VALUES('AGUILAS-117',TO_TIMESTAMP('28-SEP-08 10.37.20.000000 PM','DD-Mon-YY HH12:MI:SS:MS PM'),'BARRIO COTIZA');
INSERT INTO VEHICULO_ROBADO VALUES('IZZB465','CHEVROLET','PICKUP','2001','AZUL','AGUILAS-117',TO_TIMESTAMP('28-SEP-08 10.37.20.000000 PM','DD-Mon-YY HH12:MI:SS:MS PM'));
INSERT INTO DENUNCIA_ROBO VALUES('V57029124',TO_TIMESTAMP('18-AUG-08 07.48.36.000000 PM','DD-Mon-YY HH12:MI:SS:MS PM'),'ALEJANDRA ADRIANA CASTILLO PEREIRA','SANTA ROSA',TO_TIMESTAMP('12-AUG-08 11.40.04.000000 PM','DD-Mon-YY HH12:MI:SS:MS PM'),'IZZB465','PANTERAS-499');
INSERT INTO SOSPECHOSO VALUES('E83822250','JONATHAN FELIX LANDAETA PEREIRA',3411053);
INSERT INTO SE_DETIENE VALUES('E83822250','AGUILAS-117',TO_TIMESTAMP('28-SEP-08 10.37.20.000000 PM','DD-Mon-YY HH12:MI:SS:MS PM'));
INSERT INTO SE_DETIENE VALUES('E87321506','AGUILAS-117',TO_TIMESTAMP('28-SEP-08 10.37.20.000000 PM','DD-Mon-YY HH12:MI:SS:MS PM'));
INSERT INTO SE_DETIENE VALUES('V16481829','AGUILAS-117',TO_TIMESTAMP('28-SEP-08 10.37.20.000000 PM','DD-Mon-YY HH12:MI:SS:MS PM'));
INSERT INTO DETENCION VALUES('OSOS-771',TO_TIMESTAMP('04-OCT-08 04.25.42.000000 AM','DD-Mon-YY HH12:MI:SS:MS AM'),'BARRIO EL TRIANGULO LA VEGA');
INSERT INTO VEHICULO_ROBADO VALUES('TZRZ262','SUSUKI','PICKUP','1999','ROJO','OSOS-771',TO_TIMESTAMP('04-OCT-08 04.25.42.000000 AM','DD-Mon-YY HH12:MI:SS:MS AM'));
INSERT INTO DENUNCIA_ROBO VALUES('E21371872',TO_TIMESTAMP('14-SEP-08 02.01.35.000000 AM','DD-Mon-YY HH12:MI:SS:MS AM'),'CRISTINA VICTORIA LOPEZ GARCIA','SANTA CECILIA',TO_TIMESTAMP('07-SEP-08 10.51.25.000000 PM','DD-Mon-YY HH12:MI:SS:MS PM'),'TZRZ262','TIBURONES-436');
INSERT INTO SOSPECHOSO VALUES('V98326677','LUIS GUILLERMO TIRADO GUERRERO',7049259);
INSERT INTO SE_DETIENE VALUES('V98326677','OSOS-771',TO_TIMESTAMP('04-OCT-08 04.25.42.000000 AM','DD-Mon-YY HH12:MI:SS:MS AM'));
INSERT INTO SE_DETIENE VALUES('E28171064','OSOS-771',TO_TIMESTAMP('04-OCT-08 04.25.42.000000 AM','DD-Mon-YY HH12:MI:SS:MS AM'));
INSERT INTO SE_DETIENE VALUES('V4220431','OSOS-771',TO_TIMESTAMP('04-OCT-08 04.25.42.000000 AM','DD-Mon-YY HH12:MI:SS:MS AM'));
INSERT INTO DETENCION VALUES('PANTERAS-456',TO_TIMESTAMP('15-SEP-08 12.06.45.000000 PM','DD-Mon-YY HH12:MI:SS:MS PM'),'URB LA FLORIDA');
INSERT INTO VEHICULO_ROBADO VALUES('QVJFE79','MASERATI','FURGONETA','2005','NEGRO','PANTERAS-456',TO_TIMESTAMP('15-SEP-08 12.06.45.000000 PM','DD-Mon-YY HH12:MI:SS:MS PM'));
INSERT INTO DENUNCIA_ROBO VALUES('V75759472',TO_TIMESTAMP('15-AUG-08 04.55.38.000000 AM','DD-Mon-YY HH12:MI:SS:MS AM'),'LUIS ESTEFANO SOSA PEREZ','SARRIA',TO_TIMESTAMP('09-AUG-08 09.07.24.000000 AM','DD-Mon-YY HH12:MI:SS:MS AM'),'QVJFE79','OSOS-867');
INSERT INTO SOSPECHOSO VALUES('E14587406','CARLOS EMILIO GONZALEZ GARCIA',7001542);
INSERT INTO SE_DETIENE VALUES('E14587406','PANTERAS-456',TO_TIMESTAMP('15-SEP-08 12.06.45.000000 PM','DD-Mon-YY HH12:MI:SS:MS PM'));
INSERT INTO SE_DETIENE VALUES('E67183842','PANTERAS-456',TO_TIMESTAMP('15-SEP-08 12.06.45.000000 PM','DD-Mon-YY HH12:MI:SS:MS PM'));
INSERT INTO DETENCION VALUES('OSOS-777',TO_TIMESTAMP('09-AUG-08 05.41.05.000000 PM','DD-Mon-YY HH12:MI:SS:MS PM'),'URB ALTA FLORIDA');
INSERT INTO VEHICULO_ROBADO VALUES('GTE3500','LAND ROVER','CAMIONETA','1991','NEGRO','OSOS-777',TO_TIMESTAMP('09-AUG-08 05.41.05.000000 PM','DD-Mon-YY HH12:MI:SS:MS PM'));
INSERT INTO DENUNCIA_ROBO VALUES('E22741672',TO_TIMESTAMP('09-AUG-08 01.08.45.000000 PM','DD-Mon-YY HH12:MI:SS:MS PM'),'ANA VICTORIA GALLEGOS PARRA','BARRIO EL CALVARIO',TO_TIMESTAMP('06-AUG-08 07.09.04.000000 PM','DD-Mon-YY HH12:MI:SS:MS PM'),'GTE3500','TIBURONES-937');
INSERT INTO SOSPECHOSO VALUES('E92092250','PEDRO RICARDO GUERRA FERRER',2990296);
INSERT INTO SE_DETIENE VALUES('E92092250','OSOS-777',TO_TIMESTAMP('09-AUG-08 05.41.05.000000 PM','DD-Mon-YY HH12:MI:SS:MS PM'));
INSERT INTO SE_DETIENE VALUES('E8762669','OSOS-777',TO_TIMESTAMP('09-AUG-08 05.41.05.000000 PM','DD-Mon-YY HH12:MI:SS:MS PM'));
INSERT INTO SE_DETIENE VALUES('E88228181','OSOS-777',TO_TIMESTAMP('09-AUG-08 05.41.05.000000 PM','DD-Mon-YY HH12:MI:SS:MS PM'));
INSERT INTO SE_DETIENE VALUES('E8762669','OSOS-777',TO_TIMESTAMP('09-AUG-08 05.41.05.000000 PM','DD-Mon-YY HH12:MI:SS:MS PM'));
INSERT INTO SE_DETIENE VALUES('E4202507','OSOS-777',TO_TIMESTAMP('09-AUG-08 05.41.05.000000 PM','DD-Mon-YY HH12:MI:SS:MS PM'));
INSERT INTO SE_DETIENE VALUES('V20657353','OSOS-777',TO_TIMESTAMP('09-AUG-08 05.41.05.000000 PM','DD-Mon-YY HH12:MI:SS:MS PM'));
INSERT INTO DETENCION VALUES('TRIGRES-672',TO_TIMESTAMP('11-SEP-08 08.33.23.000000 AM','DD-Mon-YY HH12:MI:SS:MS AM'),'URDANETA');
INSERT INTO VEHICULO_ROBADO VALUES('JCZ2809','JEEP','CAMIONETA','2002','GRIS','TRIGRES-672',TO_TIMESTAMP('11-SEP-08 08.33.23.000000 AM','DD-Mon-YY HH12:MI:SS:MS AM'));
INSERT INTO DENUNCIA_ROBO VALUES('V58555852',TO_TIMESTAMP('04-SEP-08 03.51.57.000000 AM','DD-Mon-YY HH12:MI:SS:MS AM'),'LUIS CHRISTIAN ZAMBRANO GIRALDEZ','BARRIO AGUACATICO',TO_TIMESTAMP('29-AUG-08 04.24.34.000000 AM','DD-Mon-YY HH12:MI:SS:MS AM'),'JCZ2809','TIBURONES-873');
INSERT INTO SOSPECHOSO VALUES('E59695796','GUILLERMO PEDRO FERRER ADRIAN',8524609);
INSERT INTO SE_DETIENE VALUES('E59695796','TRIGRES-672',TO_TIMESTAMP('11-SEP-08 08.33.23.000000 AM','DD-Mon-YY HH12:MI:SS:MS AM'));
INSERT INTO SE_DETIENE VALUES('V15163962','TRIGRES-672',TO_TIMESTAMP('11-SEP-08 08.33.23.000000 AM','DD-Mon-YY HH12:MI:SS:MS AM'));
INSERT INTO SE_DETIENE VALUES('E72114586','TRIGRES-672',TO_TIMESTAMP('11-SEP-08 08.33.23.000000 AM','DD-Mon-YY HH12:MI:SS:MS AM'));
INSERT INTO DETENCION VALUES('ZORROS-116',TO_TIMESTAMP('09-AUG-08 09.26.15.000000 AM','DD-Mon-YY HH12:MI:SS:MS AM'),'BARRIO BRISAS DE PROPATRIA');
INSERT INTO VEHICULO_ROBADO VALUES('ZXLTO30','HYUNDAI','MICRO','1991','NARANJA','ZORROS-116',TO_TIMESTAMP('09-AUG-08 09.26.15.000000 AM','DD-Mon-YY HH12:MI:SS:MS AM'));
INSERT INTO DENUNCIA_ROBO VALUES('E97208746',TO_TIMESTAMP('06-AUG-08 06.38.21.000000 PM','DD-Mon-YY HH12:MI:SS:MS PM'),'PEDRO CHRISTIAN GARCIA FERNADEZ','URB LA CAMPINIA',TO_TIMESTAMP('04-AUG-08 06.08.16.000000 PM','DD-Mon-YY HH12:MI:SS:MS PM'),'ZXLTO30','TIBURONES-873');
INSERT INTO SOSPECHOSO VALUES('V17554445','FELIPE EMILIO GARCIA GONZALEZ',8042448);
INSERT INTO SE_DETIENE VALUES('V17554445','ZORROS-116',TO_TIMESTAMP('09-AUG-08 09.26.15.000000 AM','DD-Mon-YY HH12:MI:SS:MS AM'));
INSERT INTO SE_DETIENE VALUES('V16594596','ZORROS-116',TO_TIMESTAMP('09-AUG-08 09.26.15.000000 AM','DD-Mon-YY HH12:MI:SS:MS AM'));
INSERT INTO SE_DETIENE VALUES('E28171064','ZORROS-116',TO_TIMESTAMP('09-AUG-08 09.26.15.000000 AM','DD-Mon-YY HH12:MI:SS:MS AM'));
INSERT INTO SE_DETIENE VALUES('V4220431','ZORROS-116',TO_TIMESTAMP('09-AUG-08 09.26.15.000000 AM','DD-Mon-YY HH12:MI:SS:MS AM'));
INSERT INTO SE_DETIENE VALUES('E87321506','ZORROS-116',TO_TIMESTAMP('09-AUG-08 09.26.15.000000 AM','DD-Mon-YY HH12:MI:SS:MS AM'));
INSERT INTO SE_DETIENE VALUES('E8762669','ZORROS-116',TO_TIMESTAMP('09-AUG-08 09.26.15.000000 AM','DD-Mon-YY HH12:MI:SS:MS AM'));
INSERT INTO SE_DETIENE VALUES('E28171064','ZORROS-116',TO_TIMESTAMP('09-AUG-08 09.26.15.000000 AM','DD-Mon-YY HH12:MI:SS:MS AM'));
INSERT INTO DETENCION VALUES('ARACNIDOS-749',TO_TIMESTAMP('22-AUG-08 06.37.50.000000 AM','DD-Mon-YY HH12:MI:SS:MS AM'),'BARRIO CARAPITA');
INSERT INTO VEHICULO_ROBADO VALUES('DIK7544','CHRYSLER','FURGONETA','1998','NEGRO','ARACNIDOS-749',TO_TIMESTAMP('22-AUG-08 06.37.50.000000 AM','DD-Mon-YY HH12:MI:SS:MS AM'));
INSERT INTO DENUNCIA_ROBO VALUES('V68927314',TO_TIMESTAMP('13-AUG-08 01.49.50.000000 AM','DD-Mon-YY HH12:MI:SS:MS AM'),'ALBERTO VICTOR ADRIAN CASTILLO','BARRIO CENTRO ITALO',TO_TIMESTAMP('11-AUG-08 11.55.37.000000 AM','DD-Mon-YY HH12:MI:SS:MS AM'),'DIK7544','LEONES-273');
INSERT INTO SOSPECHOSO VALUES('V6211314','ADRIANA VICTORIA FERRER TORRES',3333181);
INSERT INTO SE_DETIENE VALUES('V6211314','ARACNIDOS-749',TO_TIMESTAMP('22-AUG-08 06.37.50.000000 AM','DD-Mon-YY HH12:MI:SS:MS AM'));
INSERT INTO SE_DETIENE VALUES('E54332266','ARACNIDOS-749',TO_TIMESTAMP('22-AUG-08 06.37.50.000000 AM','DD-Mon-YY HH12:MI:SS:MS AM'));
INSERT INTO DETENCION VALUES('ARACNIDOS-378',TO_TIMESTAMP('26-SEP-08 01.23.14.000000 PM','DD-Mon-YY HH12:MI:SS:MS PM'),'PLAZA VENEZUELA');
INSERT INTO VEHICULO_ROBADO VALUES('ZLVO137','HYUNDAI','DEPORTIVO','2003','VERDE','ARACNIDOS-378',TO_TIMESTAMP('26-SEP-08 01.23.14.000000 PM','DD-Mon-YY HH12:MI:SS:MS PM'));
INSERT INTO DENUNCIA_ROBO VALUES('E45423956',TO_TIMESTAMP('25-AUG-08 09.18.19.000000 PM','DD-Mon-YY HH12:MI:SS:MS PM'),'ANTONIO RICARDO MENDOZA GIRALDEZ','CARMELITAS',TO_TIMESTAMP('22-AUG-08 11.11.16.000000 AM','DD-Mon-YY HH12:MI:SS:MS AM'),'ZLVO137','TIBURONES-368');
INSERT INTO SOSPECHOSO VALUES('V40658488','ISMAEL RICARDO FERRER ALGARIN',4509226);
INSERT INTO SE_DETIENE VALUES('V40658488','ARACNIDOS-378',TO_TIMESTAMP('26-SEP-08 01.23.14.000000 PM','DD-Mon-YY HH12:MI:SS:MS PM'));
INSERT INTO SE_DETIENE VALUES('E28171064','ARACNIDOS-378',TO_TIMESTAMP('26-SEP-08 01.23.14.000000 PM','DD-Mon-YY HH12:MI:SS:MS PM'));
INSERT INTO SE_DETIENE VALUES('E27157964','ARACNIDOS-378',TO_TIMESTAMP('26-SEP-08 01.23.14.000000 PM','DD-Mon-YY HH12:MI:SS:MS PM'));
INSERT INTO SE_DETIENE VALUES('E7826048','ARACNIDOS-378',TO_TIMESTAMP('26-SEP-08 01.23.14.000000 PM','DD-Mon-YY HH12:MI:SS:MS PM'));
INSERT INTO DETENCION VALUES('TRIGRES-991',TO_TIMESTAMP('12-SEP-08 01.00.32.000000 PM','DD-Mon-YY HH12:MI:SS:MS PM'),'BARRIO CORTADA DE CATIA');
INSERT INTO VEHICULO_ROBADO VALUES('MQCFF75','MASERATI','MICRO','1992','AMARILLO','TRIGRES-991',TO_TIMESTAMP('12-SEP-08 01.00.32.000000 PM','DD-Mon-YY HH12:MI:SS:MS PM'));
INSERT INTO DENUNCIA_ROBO VALUES('V87294377',TO_TIMESTAMP('30-AUG-08 07.50.52.000000 AM','DD-Mon-YY HH12:MI:SS:MS AM'),'CECILIA GABRIELA ZAMBRANO LANDAETA','CHICHIRIVICHE',TO_TIMESTAMP('23-AUG-08 04.21.34.000000 PM','DD-Mon-YY HH12:MI:SS:MS PM'),'MQCFF75','ARACNIDOS-446');
INSERT INTO SOSPECHOSO VALUES('E48878841','CAROLINA MONICA GUERRERO CASTILLO',6570773);
INSERT INTO SE_DETIENE VALUES('E48878841','TRIGRES-991',TO_TIMESTAMP('12-SEP-08 01.00.32.000000 PM','DD-Mon-YY HH12:MI:SS:MS PM'));
INSERT INTO SE_DETIENE VALUES('E72114586','TRIGRES-991',TO_TIMESTAMP('12-SEP-08 01.00.32.000000 PM','DD-Mon-YY HH12:MI:SS:MS PM'));
INSERT INTO SE_DETIENE VALUES('E7573923','TRIGRES-991',TO_TIMESTAMP('12-SEP-08 01.00.32.000000 PM','DD-Mon-YY HH12:MI:SS:MS PM'));
INSERT INTO SE_DETIENE VALUES('E29499849','TRIGRES-991',TO_TIMESTAMP('12-SEP-08 01.00.32.000000 PM','DD-Mon-YY HH12:MI:SS:MS PM'));
INSERT INTO SE_DETIENE VALUES('E7573923','TRIGRES-991',TO_TIMESTAMP('12-SEP-08 01.00.32.000000 PM','DD-Mon-YY HH12:MI:SS:MS PM'));
INSERT INTO SE_DETIENE VALUES('V20657353','TRIGRES-991',TO_TIMESTAMP('12-SEP-08 01.00.32.000000 PM','DD-Mon-YY HH12:MI:SS:MS PM'));
INSERT INTO SE_DETIENE VALUES('E67566095','TRIGRES-991',TO_TIMESTAMP('12-SEP-08 01.00.32.000000 PM','DD-Mon-YY HH12:MI:SS:MS PM'));
INSERT INTO DETENCION VALUES('ZORROS-492',TO_TIMESTAMP('16-SEP-08 04.22.01.000000 PM','DD-Mon-YY HH12:MI:SS:MS PM'),'URDANETA');
INSERT INTO VEHICULO_ROBADO VALUES('IBN1062','TOYOTA','MICRO','1995','GRIS','ZORROS-492',TO_TIMESTAMP('16-SEP-08 04.22.01.000000 PM','DD-Mon-YY HH12:MI:SS:MS PM'));
INSERT INTO DENUNCIA_ROBO VALUES('V52507475',TO_TIMESTAMP('07-AUG-08 09.43.23.000000 AM','DD-Mon-YY HH12:MI:SS:MS AM'),'ISMAEL BEJAMIN PARRA SOSA','SABANA GRANDE',TO_TIMESTAMP('04-AUG-08 05.23.48.000000 AM','DD-Mon-YY HH12:MI:SS:MS AM'),'IBN1062','OSOS-529');
INSERT INTO SOSPECHOSO VALUES('V57024847','DAVID ALBERTO FERRER GOMEZ',6105212);
INSERT INTO SE_DETIENE VALUES('V57024847','ZORROS-492',TO_TIMESTAMP('16-SEP-08 04.22.01.000000 PM','DD-Mon-YY HH12:MI:SS:MS PM'));
INSERT INTO SE_DETIENE VALUES('E7573923','ZORROS-492',TO_TIMESTAMP('16-SEP-08 04.22.01.000000 PM','DD-Mon-YY HH12:MI:SS:MS PM'));
INSERT INTO SE_DETIENE VALUES('E29499849','ZORROS-492',TO_TIMESTAMP('16-SEP-08 04.22.01.000000 PM','DD-Mon-YY HH12:MI:SS:MS PM'));
INSERT INTO SE_DETIENE VALUES('E67566095','ZORROS-492',TO_TIMESTAMP('16-SEP-08 04.22.01.000000 PM','DD-Mon-YY HH12:MI:SS:MS PM'));
INSERT INTO SE_DETIENE VALUES('V16481829','ZORROS-492',TO_TIMESTAMP('16-SEP-08 04.22.01.000000 PM','DD-Mon-YY HH12:MI:SS:MS PM'));
INSERT INTO DETENCION VALUES('TIBURONES-368',TO_TIMESTAMP('25-AUG-08 08.41.36.000000 AM','DD-Mon-YY HH12:MI:SS:MS AM'),'SIMON RODRIGUEZ');
INSERT INTO VEHICULO_ROBADO VALUES('NL47104','CADILLAC','DEPORTIVO','1996','CAFE','TIBURONES-368',TO_TIMESTAMP('25-AUG-08 08.41.36.000000 AM','DD-Mon-YY HH12:MI:SS:MS AM'));
INSERT INTO DENUNCIA_ROBO VALUES('V7109892',TO_TIMESTAMP('05-AUG-08 10.12.24.000000 PM','DD-Mon-YY HH12:MI:SS:MS PM'),'RAFAEL EDUARDO GIRALDEZ GUERRA','ARAGUITA',TO_TIMESTAMP('02-AUG-08 09.36.36.000000 PM','DD-Mon-YY HH12:MI:SS:MS PM'),'NL47104','OSOS-182');
INSERT INTO SOSPECHOSO VALUES('E21324947','BEJAMIN FELIX ZAMBRANO PARRA',1333828);
INSERT INTO SE_DETIENE VALUES('E21324947','TIBURONES-368',TO_TIMESTAMP('25-AUG-08 08.41.36.000000 AM','DD-Mon-YY HH12:MI:SS:MS AM'));
INSERT INTO SE_DETIENE VALUES('E67183842','TIBURONES-368',TO_TIMESTAMP('25-AUG-08 08.41.36.000000 AM','DD-Mon-YY HH12:MI:SS:MS AM'));
INSERT INTO SE_DETIENE VALUES('V47381153','TIBURONES-368',TO_TIMESTAMP('25-AUG-08 08.41.36.000000 AM','DD-Mon-YY HH12:MI:SS:MS AM'));
INSERT INTO SE_DETIENE VALUES('E67566095','TIBURONES-368',TO_TIMESTAMP('25-AUG-08 08.41.36.000000 AM','DD-Mon-YY HH12:MI:SS:MS AM'));
INSERT INTO SE_DETIENE VALUES('E88228181','TIBURONES-368',TO_TIMESTAMP('25-AUG-08 08.41.36.000000 AM','DD-Mon-YY HH12:MI:SS:MS AM'));
INSERT INTO DETENCION VALUES('ARACNIDOS-378',TO_TIMESTAMP('10-SEP-08 08.38.18.000000 AM','DD-Mon-YY HH12:MI:SS:MS AM'),'URB PARQUE CARABOBO');
INSERT INTO VEHICULO_ROBADO VALUES('KLF2786','CHRYSLER','MICRO','2007','NEGRO','ARACNIDOS-378',TO_TIMESTAMP('10-SEP-08 08.38.18.000000 AM','DD-Mon-YY HH12:MI:SS:MS AM'));
INSERT INTO DENUNCIA_ROBO VALUES('V77013067',TO_TIMESTAMP('05-AUG-08 10.47.24.000000 AM','DD-Mon-YY HH12:MI:SS:MS AM'),'DANIELA ANGELA MENDOZA GIRALDEZ','LA VEGA',TO_TIMESTAMP('05-AUG-08 07.56.53.000000 AM','DD-Mon-YY HH12:MI:SS:MS AM'),'KLF2786','ZORROS-775');
INSERT INTO SOSPECHOSO VALUES('V75635932','LEONARDO VICTOR FERNADEZ GALLEGOS',5186762);
INSERT INTO SE_DETIENE VALUES('V75635932','ARACNIDOS-378',TO_TIMESTAMP('10-SEP-08 08.38.18.000000 AM','DD-Mon-YY HH12:MI:SS:MS AM'));
INSERT INTO SE_DETIENE VALUES('E72114586','ARACNIDOS-378',TO_TIMESTAMP('10-SEP-08 08.38.18.000000 AM','DD-Mon-YY HH12:MI:SS:MS AM'));
INSERT INTO SE_DETIENE VALUES('E12104514','ARACNIDOS-378',TO_TIMESTAMP('10-SEP-08 08.38.18.000000 AM','DD-Mon-YY HH12:MI:SS:MS AM'));
INSERT INTO SE_DETIENE VALUES('E88228181','ARACNIDOS-378',TO_TIMESTAMP('10-SEP-08 08.38.18.000000 AM','DD-Mon-YY HH12:MI:SS:MS AM'));
INSERT INTO SE_DETIENE VALUES('V33486065','ARACNIDOS-378',TO_TIMESTAMP('10-SEP-08 08.38.18.000000 AM','DD-Mon-YY HH12:MI:SS:MS AM'));
INSERT INTO SE_DETIENE VALUES('E72114586','ARACNIDOS-378',TO_TIMESTAMP('10-SEP-08 08.38.18.000000 AM','DD-Mon-YY HH12:MI:SS:MS AM'));
INSERT INTO SE_DETIENE VALUES('E54332266','ARACNIDOS-378',TO_TIMESTAMP('10-SEP-08 08.38.18.000000 AM','DD-Mon-YY HH12:MI:SS:MS AM'));
INSERT INTO DETENCION VALUES('ARACNIDOS-171',TO_TIMESTAMP('29-SEP-08 10.26.53.000000 PM','DD-Mon-YY HH12:MI:SS:MS PM'),'PIEDRA AZUL');
INSERT INTO VEHICULO_ROBADO VALUES('EWTDE24','MITSUBISHI','MICRO','1994','CAFE','ARACNIDOS-171',TO_TIMESTAMP('29-SEP-08 10.26.53.000000 PM','DD-Mon-YY HH12:MI:SS:MS PM'));
INSERT INTO DENUNCIA_ROBO VALUES('V47472545',TO_TIMESTAMP('26-AUG-08 09.17.54.000000 AM','DD-Mon-YY HH12:MI:SS:MS AM'),'ANGELICA CRISTINA PEREZ GUERRERO','BARRIO AGUACATICO',TO_TIMESTAMP('25-AUG-08 09.08.34.000000 AM','DD-Mon-YY HH12:MI:SS:MS AM'),'EWTDE24','ARACNIDOS-446');
INSERT INTO SOSPECHOSO VALUES('V28547880','ANTONIO CHRISTIAN PEREZ GALLEGOS',2451004);
INSERT INTO SE_DETIENE VALUES('V28547880','ARACNIDOS-171',TO_TIMESTAMP('29-SEP-08 10.26.53.000000 PM','DD-Mon-YY HH12:MI:SS:MS PM'));
INSERT INTO SE_DETIENE VALUES('E28171064','ARACNIDOS-171',TO_TIMESTAMP('29-SEP-08 10.26.53.000000 PM','DD-Mon-YY HH12:MI:SS:MS PM'));
INSERT INTO SE_DETIENE VALUES('E87321506','ARACNIDOS-171',TO_TIMESTAMP('29-SEP-08 10.26.53.000000 PM','DD-Mon-YY HH12:MI:SS:MS PM'));
INSERT INTO DETENCION VALUES('TIBURONES-293',TO_TIMESTAMP('01-SEP-08 04.52.08.000000 AM','DD-Mon-YY HH12:MI:SS:MS AM'),'URB LOS GUAYABITOS');
INSERT INTO VEHICULO_ROBADO VALUES('Q254142','TOYOTA','FURGONETA','2004','DORADO','TIBURONES-293',TO_TIMESTAMP('01-SEP-08 04.52.08.000000 AM','DD-Mon-YY HH12:MI:SS:MS AM'));
INSERT INTO DENUNCIA_ROBO VALUES('V33546859',TO_TIMESTAMP('05-AUG-08 03.48.58.000000 AM','DD-Mon-YY HH12:MI:SS:MS AM'),'LILIAN ROSA SOSA CASTILLO','BARRIO LA DOLORITA',TO_TIMESTAMP('04-AUG-08 10.16.10.000000 AM','DD-Mon-YY HH12:MI:SS:MS AM'),'Q254142','OSOS-629');
INSERT INTO SOSPECHOSO VALUES('E96246563','FELIX JONATHAN FERNADEZ ALGARIN',3130801);
INSERT INTO SE_DETIENE VALUES('E96246563','TIBURONES-293',TO_TIMESTAMP('01-SEP-08 04.52.08.000000 AM','DD-Mon-YY HH12:MI:SS:MS AM'));
INSERT INTO SE_DETIENE VALUES('E99844357','TIBURONES-293',TO_TIMESTAMP('01-SEP-08 04.52.08.000000 AM','DD-Mon-YY HH12:MI:SS:MS AM'));
INSERT INTO SE_DETIENE VALUES('V47381153','TIBURONES-293',TO_TIMESTAMP('01-SEP-08 04.52.08.000000 AM','DD-Mon-YY HH12:MI:SS:MS AM'));
INSERT INTO SE_DETIENE VALUES('V47381153','TIBURONES-293',TO_TIMESTAMP('01-SEP-08 04.52.08.000000 AM','DD-Mon-YY HH12:MI:SS:MS AM'));
INSERT INTO SE_DETIENE VALUES('E99844357','TIBURONES-293',TO_TIMESTAMP('01-SEP-08 04.52.08.000000 AM','DD-Mon-YY HH12:MI:SS:MS AM'));
INSERT INTO SE_DETIENE VALUES('V16481829','TIBURONES-293',TO_TIMESTAMP('01-SEP-08 04.52.08.000000 AM','DD-Mon-YY HH12:MI:SS:MS AM'));
INSERT INTO DETENCION VALUES('ARACNIDOS-380',TO_TIMESTAMP('10-SEP-08 09.17.52.000000 AM','DD-Mon-YY HH12:MI:SS:MS AM'),'URB LAS PALMAS');
INSERT INTO VEHICULO_ROBADO VALUES('JGA2663','ALFA ROMEO','FURGONETA','1995','GRIS','ARACNIDOS-380',TO_TIMESTAMP('10-SEP-08 09.17.52.000000 AM','DD-Mon-YY HH12:MI:SS:MS AM'));
INSERT INTO DENUNCIA_ROBO VALUES('E7333984',TO_TIMESTAMP('18-AUG-08 05.50.05.000000 AM','DD-Mon-YY HH12:MI:SS:MS AM'),'CAROLINA MIRIAM FERRER GALLEGOS','URB PARQUE CENTRAL',TO_TIMESTAMP('17-AUG-08 04.10.40.000000 PM','DD-Mon-YY HH12:MI:SS:MS PM'),'JGA2663','AGUILAS-246');
INSERT INTO SOSPECHOSO VALUES('E18597091','GABRIELA ALICIA ALGARIN LOPEZ',6908446);
INSERT INTO SE_DETIENE VALUES('E18597091','ARACNIDOS-380',TO_TIMESTAMP('10-SEP-08 09.17.52.000000 AM','DD-Mon-YY HH12:MI:SS:MS AM'));
INSERT INTO SE_DETIENE VALUES('E8762669','ARACNIDOS-380',TO_TIMESTAMP('10-SEP-08 09.17.52.000000 AM','DD-Mon-YY HH12:MI:SS:MS AM'));
INSERT INTO SE_DETIENE VALUES('V20657353','ARACNIDOS-380',TO_TIMESTAMP('10-SEP-08 09.17.52.000000 AM','DD-Mon-YY HH12:MI:SS:MS AM'));
INSERT INTO DETENCION VALUES('LEONES-632',TO_TIMESTAMP('13-OCT-08 04.33.07.000000 AM','DD-Mon-YY HH12:MI:SS:MS AM'),'SANTA MONICA');
INSERT INTO VEHICULO_ROBADO VALUES('MCAEK78','FIAT','FURGONETA','1995','BLANCO','LEONES-632',TO_TIMESTAMP('13-OCT-08 04.33.07.000000 AM','DD-Mon-YY HH12:MI:SS:MS AM'));
INSERT INTO DENUNCIA_ROBO VALUES('E67476452',TO_TIMESTAMP('30-AUG-08 11.55.45.000000 PM','DD-Mon-YY HH12:MI:SS:MS PM'),'ISMAEL JONATHAN FERRER GARCIA','SARTENEJAS',TO_TIMESTAMP('27-AUG-08 01.20.23.000000 AM','DD-Mon-YY HH12:MI:SS:MS AM'),'MCAEK78','PANTERAS-744');
INSERT INTO SOSPECHOSO VALUES('V17804006','FELIPE JONATHAN PEREIRA PARRA',7405693);
INSERT INTO SE_DETIENE VALUES('V17804006','LEONES-632',TO_TIMESTAMP('13-OCT-08 04.33.07.000000 AM','DD-Mon-YY HH12:MI:SS:MS AM'));
INSERT INTO SE_DETIENE VALUES('E4202507','LEONES-632',TO_TIMESTAMP('13-OCT-08 04.33.07.000000 AM','DD-Mon-YY HH12:MI:SS:MS AM'));
INSERT INTO SE_DETIENE VALUES('E7573923','LEONES-632',TO_TIMESTAMP('13-OCT-08 04.33.07.000000 AM','DD-Mon-YY HH12:MI:SS:MS AM'));
INSERT INTO SE_DETIENE VALUES('E17892138','LEONES-632',TO_TIMESTAMP('13-OCT-08 04.33.07.000000 AM','DD-Mon-YY HH12:MI:SS:MS AM'));
INSERT INTO SE_DETIENE VALUES('E54332266','LEONES-632',TO_TIMESTAMP('13-OCT-08 04.33.07.000000 AM','DD-Mon-YY HH12:MI:SS:MS AM'));
INSERT INTO SE_DETIENE VALUES('E36229665','LEONES-632',TO_TIMESTAMP('13-OCT-08 04.33.07.000000 AM','DD-Mon-YY HH12:MI:SS:MS AM'));
INSERT INTO SE_DETIENE VALUES('E99844357','LEONES-632',TO_TIMESTAMP('13-OCT-08 04.33.07.000000 AM','DD-Mon-YY HH12:MI:SS:MS AM'));
INSERT INTO DETENCION VALUES('TRIGRES-991',TO_TIMESTAMP('09-AUG-08 07.53.06.000000 AM','DD-Mon-YY HH12:MI:SS:MS AM'),'URB LA FLORIDA');
INSERT INTO VEHICULO_ROBADO VALUES('RUWR658','SUSUKI','MICRO','1993','AZUL','TRIGRES-991',TO_TIMESTAMP('09-AUG-08 07.53.06.000000 AM','DD-Mon-YY HH12:MI:SS:MS AM'));
INSERT INTO DENUNCIA_ROBO VALUES('V13856231',TO_TIMESTAMP('03-AUG-08 07.54.17.000000 PM','DD-Mon-YY HH12:MI:SS:MS PM'),'ANGELA DANIELA TIRADO GUERRA','BARRIO AGUA AMARILLA',TO_TIMESTAMP('01-AUG-08 04.36.57.000000 AM','DD-Mon-YY HH12:MI:SS:MS AM'),'RUWR658','PANTERAS-481');
INSERT INTO SOSPECHOSO VALUES('V75959292','ADRIANA ESTHER LOPEZ PEREIRA',2403649);
INSERT INTO SE_DETIENE VALUES('V75959292','TRIGRES-991',TO_TIMESTAMP('09-AUG-08 07.53.06.000000 AM','DD-Mon-YY HH12:MI:SS:MS AM'));
INSERT INTO SE_DETIENE VALUES('E28171064','TRIGRES-991',TO_TIMESTAMP('09-AUG-08 07.53.06.000000 AM','DD-Mon-YY HH12:MI:SS:MS AM'));
INSERT INTO SE_DETIENE VALUES('E11842475','TRIGRES-991',TO_TIMESTAMP('09-AUG-08 07.53.06.000000 AM','DD-Mon-YY HH12:MI:SS:MS AM'));
INSERT INTO SE_DETIENE VALUES('E87321506','TRIGRES-991',TO_TIMESTAMP('09-AUG-08 07.53.06.000000 AM','DD-Mon-YY HH12:MI:SS:MS AM'));
INSERT INTO SE_DETIENE VALUES('E7826048','TRIGRES-991',TO_TIMESTAMP('09-AUG-08 07.53.06.000000 AM','DD-Mon-YY HH12:MI:SS:MS AM'));
INSERT INTO SE_DETIENE VALUES('E72761183','TRIGRES-991',TO_TIMESTAMP('09-AUG-08 07.53.06.000000 AM','DD-Mon-YY HH12:MI:SS:MS AM'));
INSERT INTO DETENCION VALUES('OSOS-675',TO_TIMESTAMP('28-SEP-08 08.44.30.000000 AM','DD-Mon-YY HH12:MI:SS:MS AM'),'URB PARQUE CARABOBO');
INSERT INTO VEHICULO_ROBADO VALUES('RCTEH97','RENAULT','MICRO','1990','NARANJA','OSOS-675',TO_TIMESTAMP('28-SEP-08 08.44.30.000000 AM','DD-Mon-YY HH12:MI:SS:MS AM'));
INSERT INTO DENUNCIA_ROBO VALUES('V74061964',TO_TIMESTAMP('16-AUG-08 03.06.58.000000 AM','DD-Mon-YY HH12:MI:SS:MS AM'),'ANDREINA MIRIAM ADRIAN GONZALEZ','BARRIO LA BOMBILLA',TO_TIMESTAMP('15-AUG-08 05.15.52.000000 PM','DD-Mon-YY HH12:MI:SS:MS PM'),'RCTEH97','OSOS-745');
INSERT INTO SOSPECHOSO VALUES('E71926620','ANDREINA CRISTINA GALLEGOS PEREZ',2303567);
INSERT INTO SE_DETIENE VALUES('E71926620','OSOS-675',TO_TIMESTAMP('28-SEP-08 08.44.30.000000 AM','DD-Mon-YY HH12:MI:SS:MS AM'));
INSERT INTO SE_DETIENE VALUES('E28171064','OSOS-675',TO_TIMESTAMP('28-SEP-08 08.44.30.000000 AM','DD-Mon-YY HH12:MI:SS:MS AM'));
INSERT INTO SE_DETIENE VALUES('V33486065','OSOS-675',TO_TIMESTAMP('28-SEP-08 08.44.30.000000 AM','DD-Mon-YY HH12:MI:SS:MS AM'));
INSERT INTO SE_DETIENE VALUES('E67183842','OSOS-675',TO_TIMESTAMP('28-SEP-08 08.44.30.000000 AM','DD-Mon-YY HH12:MI:SS:MS AM'));
INSERT INTO SE_DETIENE VALUES('E88228181','OSOS-675',TO_TIMESTAMP('28-SEP-08 08.44.30.000000 AM','DD-Mon-YY HH12:MI:SS:MS AM'));
INSERT INTO SE_DETIENE VALUES('E72761183','OSOS-675',TO_TIMESTAMP('28-SEP-08 08.44.30.000000 AM','DD-Mon-YY HH12:MI:SS:MS AM'));
INSERT INTO DETENCION VALUES('LEONES-848',TO_TIMESTAMP('10-SEP-08 10.08.16.000000 AM','DD-Mon-YY HH12:MI:SS:MS AM'),'BARRIO CENTRO ITALO');
INSERT INTO VEHICULO_ROBADO VALUES('OHO4833','SUSUKI','CAMIONETA','1990','AMARILLO','LEONES-848',TO_TIMESTAMP('10-SEP-08 10.08.16.000000 AM','DD-Mon-YY HH12:MI:SS:MS AM'));
INSERT INTO DENUNCIA_ROBO VALUES('V29071378',TO_TIMESTAMP('16-AUG-08 10.07.01.000000 AM','DD-Mon-YY HH12:MI:SS:MS AM'),'VICTOR ESTEFANO MENDOZA FERNADEZ','URB ALTA FLORIDA',TO_TIMESTAMP('13-AUG-08 01.58.07.000000 AM','DD-Mon-YY HH12:MI:SS:MS AM'),'OHO4833','TIBURONES-138');
INSERT INTO SOSPECHOSO VALUES('E95443099','CECILIA VICTORIA TIRADO GUERRERO',3974361);
INSERT INTO SE_DETIENE VALUES('E95443099','LEONES-848',TO_TIMESTAMP('10-SEP-08 10.08.16.000000 AM','DD-Mon-YY HH12:MI:SS:MS AM'));
INSERT INTO SE_DETIENE VALUES('E42844779','LEONES-848',TO_TIMESTAMP('10-SEP-08 10.08.16.000000 AM','DD-Mon-YY HH12:MI:SS:MS AM'));
INSERT INTO SE_DETIENE VALUES('E42844779','LEONES-848',TO_TIMESTAMP('10-SEP-08 10.08.16.000000 AM','DD-Mon-YY HH12:MI:SS:MS AM'));
INSERT INTO SE_DETIENE VALUES('E72761183','LEONES-848',TO_TIMESTAMP('10-SEP-08 10.08.16.000000 AM','DD-Mon-YY HH12:MI:SS:MS AM'));
INSERT INTO SE_DETIENE VALUES('V47381153','LEONES-848',TO_TIMESTAMP('10-SEP-08 10.08.16.000000 AM','DD-Mon-YY HH12:MI:SS:MS AM'));
INSERT INTO DETENCION VALUES('ZORROS-116',TO_TIMESTAMP('01-SEP-08 04.59.28.000000 AM','DD-Mon-YY HH12:MI:SS:MS AM'),'URB MONTALBAN');
INSERT INTO VEHICULO_ROBADO VALUES('XY33120','VOLKSWAGEN','SEDAN','1990','VERDE','ZORROS-116',TO_TIMESTAMP('01-SEP-08 04.59.28.000000 AM','DD-Mon-YY HH12:MI:SS:MS AM'));
INSERT INTO DENUNCIA_ROBO VALUES('E67634579',TO_TIMESTAMP('12-AUG-08 02.28.11.000000 PM','DD-Mon-YY HH12:MI:SS:MS PM'),'VICTOR ADOLFO GUERRA FERRER','URB BELLO MONTE',TO_TIMESTAMP('06-AUG-08 06.26.56.000000 AM','DD-Mon-YY HH12:MI:SS:MS AM'),'XY33120','ARACNIDOS-680');
INSERT INTO SOSPECHOSO VALUES('E17523899','EMELY TERESA GUERRA GIRALDEZ',4114701);
INSERT INTO SE_DETIENE VALUES('E17523899','ZORROS-116',TO_TIMESTAMP('01-SEP-08 04.59.28.000000 AM','DD-Mon-YY HH12:MI:SS:MS AM'));
INSERT INTO SE_DETIENE VALUES('E28171064','ZORROS-116',TO_TIMESTAMP('01-SEP-08 04.59.28.000000 AM','DD-Mon-YY HH12:MI:SS:MS AM'));
INSERT INTO SE_DETIENE VALUES('V20657353','ZORROS-116',TO_TIMESTAMP('01-SEP-08 04.59.28.000000 AM','DD-Mon-YY HH12:MI:SS:MS AM'));
INSERT INTO DETENCION VALUES('TIBURONES-377',TO_TIMESTAMP('01-SEP-08 11.50.39.000000 PM','DD-Mon-YY HH12:MI:SS:MS PM'),'PLAZA VENEZUELA');
INSERT INTO VEHICULO_ROBADO VALUES('PDJ3759','LEXUS','PICKUP','2007','DORADO','TIBURONES-377',TO_TIMESTAMP('01-SEP-08 11.50.39.000000 PM','DD-Mon-YY HH12:MI:SS:MS PM'));
INSERT INTO DENUNCIA_ROBO VALUES('V16448252',TO_TIMESTAMP('25-AUG-08 12.19.27.000000 PM','DD-Mon-YY HH12:MI:SS:MS PM'),'TOMAS RICARDO FERRER SOSA','URB EL PARAISO',TO_TIMESTAMP('21-AUG-08 07.36.04.000000 PM','DD-Mon-YY HH12:MI:SS:MS PM'),'PDJ3759','TIBURONES-368');
INSERT INTO SOSPECHOSO VALUES('V27022461','VICTOR BEJAMIN MARQUEZ GARCIA',2810712);
INSERT INTO SE_DETIENE VALUES('V27022461','TIBURONES-377',TO_TIMESTAMP('01-SEP-08 11.50.39.000000 PM','DD-Mon-YY HH12:MI:SS:MS PM'));
INSERT INTO SE_DETIENE VALUES('V15163962','TIBURONES-377',TO_TIMESTAMP('01-SEP-08 11.50.39.000000 PM','DD-Mon-YY HH12:MI:SS:MS PM'));
INSERT INTO DETENCION VALUES('ZORROS-492',TO_TIMESTAMP('27-SEP-08 03.55.56.000000 AM','DD-Mon-YY HH12:MI:SS:MS AM'),'BARRIO EL CALVARIO');
INSERT INTO VEHICULO_ROBADO VALUES('WVZXL83','MAZDA','MICRO','1991','DORADO','ZORROS-492',TO_TIMESTAMP('27-SEP-08 03.55.56.000000 AM','DD-Mon-YY HH12:MI:SS:MS AM'));
INSERT INTO DENUNCIA_ROBO VALUES('V73483005',TO_TIMESTAMP('13-SEP-08 11.04.55.000000 AM','DD-Mon-YY HH12:MI:SS:MS AM'),'ANTONIO EMILIO PARRA GUERRA','BARRIO AGUACATICO',TO_TIMESTAMP('10-SEP-08 11.09.26.000000 PM','DD-Mon-YY HH12:MI:SS:MS PM'),'WVZXL83','OSOS-134');
INSERT INTO SOSPECHOSO VALUES('V81602281','CECILIA VICTORIA PEREZ GUERRERO',8731393);
INSERT INTO SE_DETIENE VALUES('V81602281','ZORROS-492',TO_TIMESTAMP('27-SEP-08 03.55.56.000000 AM','DD-Mon-YY HH12:MI:SS:MS AM'));
INSERT INTO SE_DETIENE VALUES('E67183842','ZORROS-492',TO_TIMESTAMP('27-SEP-08 03.55.56.000000 AM','DD-Mon-YY HH12:MI:SS:MS AM'));
INSERT INTO SE_DETIENE VALUES('E36229665','ZORROS-492',TO_TIMESTAMP('27-SEP-08 03.55.56.000000 AM','DD-Mon-YY HH12:MI:SS:MS AM'));
INSERT INTO SE_DETIENE VALUES('V4220431','ZORROS-492',TO_TIMESTAMP('27-SEP-08 03.55.56.000000 AM','DD-Mon-YY HH12:MI:SS:MS AM'));
INSERT INTO DETENCION VALUES('TIBURONES-218',TO_TIMESTAMP('29-AUG-08 10.38.57.000000 PM','DD-Mon-YY HH12:MI:SS:MS PM'),'BARRIO AGUA AMARILLA');
INSERT INTO VEHICULO_ROBADO VALUES('RANR375','PORSCHE','DEPORTIVO','2006','GRIS','TIBURONES-218',TO_TIMESTAMP('29-AUG-08 10.38.57.000000 PM','DD-Mon-YY HH12:MI:SS:MS PM'));
INSERT INTO DENUNCIA_ROBO VALUES('V53966824',TO_TIMESTAMP('19-AUG-08 11.21.40.000000 AM','DD-Mon-YY HH12:MI:SS:MS AM'),'PEDRO ALBERTO GONZALEZ ADRIAN','BARRIO LA BANDERA',TO_TIMESTAMP('14-AUG-08 12.53.53.000000 AM','DD-Mon-YY HH12:MI:SS:MS AM'),'RANR375','OSOS-182');
INSERT INTO SOSPECHOSO VALUES('V16979915','EDUARDO BEJAMIN TORRES GONZALEZ',4028110);
INSERT INTO SE_DETIENE VALUES('V16979915','TIBURONES-218',TO_TIMESTAMP('29-AUG-08 10.38.57.000000 PM','DD-Mon-YY HH12:MI:SS:MS PM'));
INSERT INTO SE_DETIENE VALUES('E27157964','TIBURONES-218',TO_TIMESTAMP('29-AUG-08 10.38.57.000000 PM','DD-Mon-YY HH12:MI:SS:MS PM'));
INSERT INTO DETENCION VALUES('ARACNIDOS-171',TO_TIMESTAMP('26-SEP-08 08.01.50.000000 PM','DD-Mon-YY HH12:MI:SS:MS PM'),'BARRIO LA DOLORITA');
INSERT INTO VEHICULO_ROBADO VALUES('OF20828','TOYOTA','FURGONETA','1997','AZUL','ARACNIDOS-171',TO_TIMESTAMP('26-SEP-08 08.01.50.000000 PM','DD-Mon-YY HH12:MI:SS:MS PM'));
INSERT INTO DENUNCIA_ROBO VALUES('V23218736',TO_TIMESTAMP('07-SEP-08 12.12.56.000000 AM','DD-Mon-YY HH12:MI:SS:MS AM'),'GUILLERMO EDUARDO GUERRERO FERRER','BARRIO BRISAS DE PETARE',TO_TIMESTAMP('06-SEP-08 06.32.02.000000 PM','DD-Mon-YY HH12:MI:SS:MS PM'),'OF20828','OSOS-773');
INSERT INTO SOSPECHOSO VALUES('V89048510','CARMEN CAROLINA ADRIAN CASTILLO',1057759);
INSERT INTO SE_DETIENE VALUES('V89048510','ARACNIDOS-171',TO_TIMESTAMP('26-SEP-08 08.01.50.000000 PM','DD-Mon-YY HH12:MI:SS:MS PM'));
INSERT INTO SE_DETIENE VALUES('E87321506','ARACNIDOS-171',TO_TIMESTAMP('26-SEP-08 08.01.50.000000 PM','DD-Mon-YY HH12:MI:SS:MS PM'));
INSERT INTO SE_DETIENE VALUES('E12104514','ARACNIDOS-171',TO_TIMESTAMP('26-SEP-08 08.01.50.000000 PM','DD-Mon-YY HH12:MI:SS:MS PM'));
INSERT INTO SE_DETIENE VALUES('E88228181','ARACNIDOS-171',TO_TIMESTAMP('26-SEP-08 08.01.50.000000 PM','DD-Mon-YY HH12:MI:SS:MS PM'));
INSERT INTO SE_DETIENE VALUES('E92876896','ARACNIDOS-171',TO_TIMESTAMP('26-SEP-08 08.01.50.000000 PM','DD-Mon-YY HH12:MI:SS:MS PM'));
INSERT INTO DETENCION VALUES('OSOS-773',TO_TIMESTAMP('04-SEP-08 03.16.26.000000 PM','DD-Mon-YY HH12:MI:SS:MS PM'),'URB LAS PALMAS');
INSERT INTO VEHICULO_ROBADO VALUES('GRNW507','BMW','PICKUP','2008','VERDE','OSOS-773',TO_TIMESTAMP('04-SEP-08 03.16.26.000000 PM','DD-Mon-YY HH12:MI:SS:MS PM'));
INSERT INTO DENUNCIA_ROBO VALUES('E14494616',TO_TIMESTAMP('21-AUG-08 08.26.14.000000 PM','DD-Mon-YY HH12:MI:SS:MS PM'),'PEDRO EMILIO SOSA CASTILLO','URB 23 ENERO',TO_TIMESTAMP('17-AUG-08 10.56.53.000000 PM','DD-Mon-YY HH12:MI:SS:MS PM'),'GRNW507','TIBURONES-794');
INSERT INTO SOSPECHOSO VALUES('V12898352','CAROLINA MARIA SOSA PARRA',9355537);
INSERT INTO SE_DETIENE VALUES('V12898352','OSOS-773',TO_TIMESTAMP('04-SEP-08 03.16.26.000000 PM','DD-Mon-YY HH12:MI:SS:MS PM'));
INSERT INTO SE_DETIENE VALUES('E29499849','OSOS-773',TO_TIMESTAMP('04-SEP-08 03.16.26.000000 PM','DD-Mon-YY HH12:MI:SS:MS PM'));
INSERT INTO SE_DETIENE VALUES('E36229665','OSOS-773',TO_TIMESTAMP('04-SEP-08 03.16.26.000000 PM','DD-Mon-YY HH12:MI:SS:MS PM'));
INSERT INTO SE_DETIENE VALUES('E99844357','OSOS-773',TO_TIMESTAMP('04-SEP-08 03.16.26.000000 PM','DD-Mon-YY HH12:MI:SS:MS PM'));
INSERT INTO DETENCION VALUES('AGUILAS-700',TO_TIMESTAMP('21-SEP-08 09.11.05.000000 AM','DD-Mon-YY HH12:MI:SS:MS AM'),'URB COLINAS DE LOS CAOBOS');
INSERT INTO VEHICULO_ROBADO VALUES('LRWYQ97','RENAULT','MICRO','1990','BLANCO','AGUILAS-700',TO_TIMESTAMP('21-SEP-08 09.11.05.000000 AM','DD-Mon-YY HH12:MI:SS:MS AM'));
INSERT INTO DENUNCIA_ROBO VALUES('V53713829',TO_TIMESTAMP('04-SEP-08 11.21.14.000000 PM','DD-Mon-YY HH12:MI:SS:MS PM'),'ISMAEL ALBERTO FERRER GALLEGOS','URB LOS GUAYABITOS',TO_TIMESTAMP('04-SEP-08 06.27.49.000000 PM','DD-Mon-YY HH12:MI:SS:MS PM'),'LRWYQ97','LEONES-728');
INSERT INTO SOSPECHOSO VALUES('E47443075','RICARDO JESUS GARCIA LANDAETA',2339603);
INSERT INTO SE_DETIENE VALUES('E47443075','AGUILAS-700',TO_TIMESTAMP('21-SEP-08 09.11.05.000000 AM','DD-Mon-YY HH12:MI:SS:MS AM'));
INSERT INTO SE_DETIENE VALUES('E67566095','AGUILAS-700',TO_TIMESTAMP('21-SEP-08 09.11.05.000000 AM','DD-Mon-YY HH12:MI:SS:MS AM'));
INSERT INTO DETENCION VALUES('ARACNIDOS-143',TO_TIMESTAMP('28-OCT-08 11.43.07.000000 PM','DD-Mon-YY HH12:MI:SS:MS PM'),'URB PARQUE CARABOBO');
INSERT INTO VEHICULO_ROBADO VALUES('ZJ48274','CADILLAC','DEPORTIVO','1996','GRIS','ARACNIDOS-143',TO_TIMESTAMP('28-OCT-08 11.43.07.000000 PM','DD-Mon-YY HH12:MI:SS:MS PM'));
INSERT INTO DENUNCIA_ROBO VALUES('V53956107',TO_TIMESTAMP('16-SEP-08 09.13.01.000000 PM','DD-Mon-YY HH12:MI:SS:MS PM'),'VICTOR CHRISTIAN ALGARIN LOPEZ','CARMELITAS',TO_TIMESTAMP('10-SEP-08 08.48.41.000000 PM','DD-Mon-YY HH12:MI:SS:MS PM'),'ZJ48274','PANTERAS-744');
INSERT INTO SOSPECHOSO VALUES('V29445976','MONICA VICTORIA TORRES PARRA',4646117);
INSERT INTO SE_DETIENE VALUES('V29445976','ARACNIDOS-143',TO_TIMESTAMP('28-OCT-08 11.43.07.000000 PM','DD-Mon-YY HH12:MI:SS:MS PM'));
INSERT INTO SE_DETIENE VALUES('E67566095','ARACNIDOS-143',TO_TIMESTAMP('28-OCT-08 11.43.07.000000 PM','DD-Mon-YY HH12:MI:SS:MS PM'));
INSERT INTO SE_DETIENE VALUES('E99792858','ARACNIDOS-143',TO_TIMESTAMP('28-OCT-08 11.43.07.000000 PM','DD-Mon-YY HH12:MI:SS:MS PM'));
INSERT INTO SE_DETIENE VALUES('E72114586','ARACNIDOS-143',TO_TIMESTAMP('28-OCT-08 11.43.07.000000 PM','DD-Mon-YY HH12:MI:SS:MS PM'));
INSERT INTO SE_DETIENE VALUES('E8762669','ARACNIDOS-143',TO_TIMESTAMP('28-OCT-08 11.43.07.000000 PM','DD-Mon-YY HH12:MI:SS:MS PM'));
INSERT INTO SE_DETIENE VALUES('E17892138','ARACNIDOS-143',TO_TIMESTAMP('28-OCT-08 11.43.07.000000 PM','DD-Mon-YY HH12:MI:SS:MS PM'));
INSERT INTO DETENCION VALUES('PANTERAS-319',TO_TIMESTAMP('27-AUG-08 10.11.49.000000 PM','DD-Mon-YY HH12:MI:SS:MS PM'),'BARRIO ANDRES ELOY BLANCO');
INSERT INTO VEHICULO_ROBADO VALUES('TJHDI21','PORSCHE','PICKUP','2003','GRIS','PANTERAS-319',TO_TIMESTAMP('27-AUG-08 10.11.49.000000 PM','DD-Mon-YY HH12:MI:SS:MS PM'));
INSERT INTO DENUNCIA_ROBO VALUES('V25081032',TO_TIMESTAMP('21-AUG-08 04.45.19.000000 PM','DD-Mon-YY HH12:MI:SS:MS PM'),'RAFAEL DAVID ALGARIN GONZALEZ','PROPATRIA',TO_TIMESTAMP('17-AUG-08 12.07.45.000000 PM','DD-Mon-YY HH12:MI:SS:MS PM'),'TJHDI21','PANTERAS-182');
INSERT INTO SOSPECHOSO VALUES('E11158512','ANTONIO ESTEFANO GALLEGOS FERNADEZ',4390879);
INSERT INTO SE_DETIENE VALUES('E11158512','PANTERAS-319',TO_TIMESTAMP('27-AUG-08 10.11.49.000000 PM','DD-Mon-YY HH12:MI:SS:MS PM'));
INSERT INTO SE_DETIENE VALUES('V4220431','PANTERAS-319',TO_TIMESTAMP('27-AUG-08 10.11.49.000000 PM','DD-Mon-YY HH12:MI:SS:MS PM'));
INSERT INTO SE_DETIENE VALUES('V15163962','PANTERAS-319',TO_TIMESTAMP('27-AUG-08 10.11.49.000000 PM','DD-Mon-YY HH12:MI:SS:MS PM'));
INSERT INTO SE_DETIENE VALUES('E87321506','PANTERAS-319',TO_TIMESTAMP('27-AUG-08 10.11.49.000000 PM','DD-Mon-YY HH12:MI:SS:MS PM'));
INSERT INTO DETENCION VALUES('LEONES-632',TO_TIMESTAMP('26-SEP-08 03.14.25.000000 PM','DD-Mon-YY HH12:MI:SS:MS PM'),'SANTA CLARA');
INSERT INTO VEHICULO_ROBADO VALUES('N373221','PEUGOT','DEPORTIVO','2005','PLATA','LEONES-632',TO_TIMESTAMP('26-SEP-08 03.14.25.000000 PM','DD-Mon-YY HH12:MI:SS:MS PM'));
INSERT INTO DENUNCIA_ROBO VALUES('E15108844',TO_TIMESTAMP('24-AUG-08 04.21.32.000000 PM','DD-Mon-YY HH12:MI:SS:MS PM'),'LILIAN CAROLINA MENDOZA TIRADO','BARRIO CORTADA DE CATIA',TO_TIMESTAMP('19-AUG-08 09.47.44.000000 AM','DD-Mon-YY HH12:MI:SS:MS AM'),'N373221','ZORROS-954');
INSERT INTO SOSPECHOSO VALUES('V76194516','BEJAMIN DAVID ADRIAN GONZALEZ',7405203);
INSERT INTO SE_DETIENE VALUES('V76194516','LEONES-632',TO_TIMESTAMP('26-SEP-08 03.14.25.000000 PM','DD-Mon-YY HH12:MI:SS:MS PM'));
INSERT INTO SE_DETIENE VALUES('E7573923','LEONES-632',TO_TIMESTAMP('26-SEP-08 03.14.25.000000 PM','DD-Mon-YY HH12:MI:SS:MS PM'));
INSERT INTO SE_DETIENE VALUES('V47381153','LEONES-632',TO_TIMESTAMP('26-SEP-08 03.14.25.000000 PM','DD-Mon-YY HH12:MI:SS:MS PM'));
INSERT INTO SE_DETIENE VALUES('E67183842','LEONES-632',TO_TIMESTAMP('26-SEP-08 03.14.25.000000 PM','DD-Mon-YY HH12:MI:SS:MS PM'));
INSERT INTO SE_DETIENE VALUES('E54332266','LEONES-632',TO_TIMESTAMP('26-SEP-08 03.14.25.000000 PM','DD-Mon-YY HH12:MI:SS:MS PM'));
INSERT INTO DETENCION VALUES('ARACNIDOS-171',TO_TIMESTAMP('14-SEP-08 03.03.17.000000 AM','DD-Mon-YY HH12:MI:SS:MS AM'),'URB PARQUE CENTRAL');
INSERT INTO VEHICULO_ROBADO VALUES('EDA6756','VOLKSWAGEN','PICKUP','2001','PLATA','ARACNIDOS-171',TO_TIMESTAMP('14-SEP-08 03.03.17.000000 AM','DD-Mon-YY HH12:MI:SS:MS AM'));
INSERT INTO DENUNCIA_ROBO VALUES('V59842845',TO_TIMESTAMP('20-AUG-08 06.57.00.000000 PM','DD-Mon-YY HH12:MI:SS:MS PM'),'CECILIA ANDREINA FERRER ZAMBRANO','BARRIO EL TRIANGULO EL CEMENTERIO',TO_TIMESTAMP('16-AUG-08 12.41.50.000000 AM','DD-Mon-YY HH12:MI:SS:MS AM'),'EDA6756','OSOS-389');
INSERT INTO SOSPECHOSO VALUES('V4393946','MARISOL ANA TIRADO GOMEZ',4048598);
INSERT INTO SE_DETIENE VALUES('V4393946','ARACNIDOS-171',TO_TIMESTAMP('14-SEP-08 03.03.17.000000 AM','DD-Mon-YY HH12:MI:SS:MS AM'));
INSERT INTO SE_DETIENE VALUES('E88228181','ARACNIDOS-171',TO_TIMESTAMP('14-SEP-08 03.03.17.000000 AM','DD-Mon-YY HH12:MI:SS:MS AM'));
INSERT INTO SE_DETIENE VALUES('E36229665','ARACNIDOS-171',TO_TIMESTAMP('14-SEP-08 03.03.17.000000 AM','DD-Mon-YY HH12:MI:SS:MS AM'));
INSERT INTO SE_DETIENE VALUES('E29499849','ARACNIDOS-171',TO_TIMESTAMP('14-SEP-08 03.03.17.000000 AM','DD-Mon-YY HH12:MI:SS:MS AM'));
INSERT INTO SE_DETIENE VALUES('V16481829','ARACNIDOS-171',TO_TIMESTAMP('14-SEP-08 03.03.17.000000 AM','DD-Mon-YY HH12:MI:SS:MS AM'));
INSERT INTO SE_DETIENE VALUES('E36229665','ARACNIDOS-171',TO_TIMESTAMP('14-SEP-08 03.03.17.000000 AM','DD-Mon-YY HH12:MI:SS:MS AM'));
INSERT INTO DETENCION VALUES('TIBURONES-218',TO_TIMESTAMP('23-SEP-08 08.10.03.000000 AM','DD-Mon-YY HH12:MI:SS:MS AM'),'PARROQUIA SANTA TERESA');
INSERT INTO VEHICULO_ROBADO VALUES('QQ79236','CHRYSLER','MICRO','1997','NARANJA','TIBURONES-218',TO_TIMESTAMP('23-SEP-08 08.10.03.000000 AM','DD-Mon-YY HH12:MI:SS:MS AM'));
INSERT INTO DENUNCIA_ROBO VALUES('E19942670',TO_TIMESTAMP('04-SEP-08 08.49.05.000000 PM','DD-Mon-YY HH12:MI:SS:MS PM'),'TERESA ESTHER GARCIA PEREZ','BARUTA',TO_TIMESTAMP('29-AUG-08 08.31.58.000000 AM','DD-Mon-YY HH12:MI:SS:MS AM'),'QQ79236','PANTERAS-565');
INSERT INTO SOSPECHOSO VALUES('V87542066','PEDRO ALBERTO GARCIA LOPEZ',7528643);
INSERT INTO SE_DETIENE VALUES('V87542066','TIBURONES-218',TO_TIMESTAMP('23-SEP-08 08.10.03.000000 AM','DD-Mon-YY HH12:MI:SS:MS AM'));
INSERT INTO SE_DETIENE VALUES('E17892138','TIBURONES-218',TO_TIMESTAMP('23-SEP-08 08.10.03.000000 AM','DD-Mon-YY HH12:MI:SS:MS AM'));
INSERT INTO SE_DETIENE VALUES('E28171064','TIBURONES-218',TO_TIMESTAMP('23-SEP-08 08.10.03.000000 AM','DD-Mon-YY HH12:MI:SS:MS AM'));
INSERT INTO SE_DETIENE VALUES('E99792858','TIBURONES-218',TO_TIMESTAMP('23-SEP-08 08.10.03.000000 AM','DD-Mon-YY HH12:MI:SS:MS AM'));
INSERT INTO DETENCION VALUES('TIBURONES-436',TO_TIMESTAMP('03-OCT-08 06.26.17.000000 PM','DD-Mon-YY HH12:MI:SS:MS PM'),'BARRIO EL CALVARIO');
INSERT INTO VEHICULO_ROBADO VALUES('FY42032','MITSUBISHI','DEPORTIVO','2005','DORADO','TIBURONES-436',TO_TIMESTAMP('03-OCT-08 06.26.17.000000 PM','DD-Mon-YY HH12:MI:SS:MS PM'));
INSERT INTO DENUNCIA_ROBO VALUES('E27041113',TO_TIMESTAMP('22-AUG-08 11.27.53.000000 AM','DD-Mon-YY HH12:MI:SS:MS AM'),'MARIA ANGELICA ZAMBRANO GIRALDEZ','BARRIO ALTOS DE LIDICE',TO_TIMESTAMP('22-AUG-08 01.08.45.000000 AM','DD-Mon-YY HH12:MI:SS:MS AM'),'FY42032','TIBURONES-794');
INSERT INTO SOSPECHOSO VALUES('V65701089','FELIPE EMILIO MENDOZA FERNADEZ',7182200);
INSERT INTO SE_DETIENE VALUES('V65701089','TIBURONES-436',TO_TIMESTAMP('03-OCT-08 06.26.17.000000 PM','DD-Mon-YY HH12:MI:SS:MS PM'));
INSERT INTO SE_DETIENE VALUES('E88228181','TIBURONES-436',TO_TIMESTAMP('03-OCT-08 06.26.17.000000 PM','DD-Mon-YY HH12:MI:SS:MS PM'));
INSERT INTO SE_DETIENE VALUES('E8762669','TIBURONES-436',TO_TIMESTAMP('03-OCT-08 06.26.17.000000 PM','DD-Mon-YY HH12:MI:SS:MS PM'));
INSERT INTO SE_DETIENE VALUES('E87321506','TIBURONES-436',TO_TIMESTAMP('03-OCT-08 06.26.17.000000 PM','DD-Mon-YY HH12:MI:SS:MS PM'));
INSERT INTO SE_DETIENE VALUES('E4202507','TIBURONES-436',TO_TIMESTAMP('03-OCT-08 06.26.17.000000 PM','DD-Mon-YY HH12:MI:SS:MS PM'));
INSERT INTO DETENCION VALUES('ARACNIDOS-380',TO_TIMESTAMP('08-OCT-08 01.01.27.000000 AM','DD-Mon-YY HH12:MI:SS:MS AM'),'SANTA ROSA');
INSERT INTO VEHICULO_ROBADO VALUES('QPA9050','DODGE','PICKUP','2001','ROJO','ARACNIDOS-380',TO_TIMESTAMP('08-OCT-08 01.01.27.000000 AM','DD-Mon-YY HH12:MI:SS:MS AM'));
INSERT INTO DENUNCIA_ROBO VALUES('E75690139',TO_TIMESTAMP('04-SEP-08 06.02.00.000000 AM','DD-Mon-YY HH12:MI:SS:MS AM'),'VICTOR CHRISTIAN GIRALDEZ PEREIRA','SANTA MONICA',TO_TIMESTAMP('01-SEP-08 05.41.24.000000 PM','DD-Mon-YY HH12:MI:SS:MS PM'),'QPA9050','OSOS-340');
INSERT INTO SOSPECHOSO VALUES('E14248044','ESTHER CRISTINA FERRER GOMEZ',2914401);
INSERT INTO SE_DETIENE VALUES('E14248044','ARACNIDOS-380',TO_TIMESTAMP('08-OCT-08 01.01.27.000000 AM','DD-Mon-YY HH12:MI:SS:MS AM'));
INSERT INTO SE_DETIENE VALUES('E88228181','ARACNIDOS-380',TO_TIMESTAMP('08-OCT-08 01.01.27.000000 AM','DD-Mon-YY HH12:MI:SS:MS AM'));
INSERT INTO SE_DETIENE VALUES('V20657353','ARACNIDOS-380',TO_TIMESTAMP('08-OCT-08 01.01.27.000000 AM','DD-Mon-YY HH12:MI:SS:MS AM'));
INSERT INTO SE_DETIENE VALUES('E99792858','ARACNIDOS-380',TO_TIMESTAMP('08-OCT-08 01.01.27.000000 AM','DD-Mon-YY HH12:MI:SS:MS AM'));
INSERT INTO SE_DETIENE VALUES('V33486065','ARACNIDOS-380',TO_TIMESTAMP('08-OCT-08 01.01.27.000000 AM','DD-Mon-YY HH12:MI:SS:MS AM'));
INSERT INTO SE_DETIENE VALUES('E7573923','ARACNIDOS-380',TO_TIMESTAMP('08-OCT-08 01.01.27.000000 AM','DD-Mon-YY HH12:MI:SS:MS AM'));
INSERT INTO DETENCION VALUES('ARACNIDOS-378',TO_TIMESTAMP('08-OCT-08 01.07.39.000000 AM','DD-Mon-YY HH12:MI:SS:MS AM'),'BARRIO BRISAS DE PETARE');
INSERT INTO VEHICULO_ROBADO VALUES('UE71323','HONDA','PICKUP','1998','VIOLETA','ARACNIDOS-378',TO_TIMESTAMP('08-OCT-08 01.07.39.000000 AM','DD-Mon-YY HH12:MI:SS:MS AM'));
INSERT INTO DENUNCIA_ROBO VALUES('V75090557',TO_TIMESTAMP('01-SEP-08 02.03.13.000000 PM','DD-Mon-YY HH12:MI:SS:MS PM'),'DANIELA ROSA GARCIA FERRER','BARRIO EL CALVARIO',TO_TIMESTAMP('26-AUG-08 06.53.19.000000 AM','DD-Mon-YY HH12:MI:SS:MS AM'),'UE71323','OSOS-629');
INSERT INTO SOSPECHOSO VALUES('E26449977','ALICIA VICTORIA GUERRERO FERRER',2486929);
INSERT INTO SE_DETIENE VALUES('E26449977','ARACNIDOS-378',TO_TIMESTAMP('08-OCT-08 01.07.39.000000 AM','DD-Mon-YY HH12:MI:SS:MS AM'));
INSERT INTO SE_DETIENE VALUES('E7826048','ARACNIDOS-378',TO_TIMESTAMP('08-OCT-08 01.07.39.000000 AM','DD-Mon-YY HH12:MI:SS:MS AM'));
INSERT INTO SE_DETIENE VALUES('V20657353','ARACNIDOS-378',TO_TIMESTAMP('08-OCT-08 01.07.39.000000 AM','DD-Mon-YY HH12:MI:SS:MS AM'));
INSERT INTO SE_DETIENE VALUES('V4220431','ARACNIDOS-378',TO_TIMESTAMP('08-OCT-08 01.07.39.000000 AM','DD-Mon-YY HH12:MI:SS:MS AM'));
INSERT INTO DETENCION VALUES('LEONES-848',TO_TIMESTAMP('11-SEP-08 11.45.36.000000 AM','DD-Mon-YY HH12:MI:SS:MS AM'),'ARAGUITA');
INSERT INTO VEHICULO_ROBADO VALUES('WCSNT42','DODGE','PICKUP','2006','AMARILLO','LEONES-848',TO_TIMESTAMP('11-SEP-08 11.45.36.000000 AM','DD-Mon-YY HH12:MI:SS:MS AM'));
INSERT INTO DENUNCIA_ROBO VALUES('E96589465',TO_TIMESTAMP('25-AUG-08 03.30.43.000000 AM','DD-Mon-YY HH12:MI:SS:MS AM'),'LILIAN ANDREINA MENDOZA GIRALDEZ','VALLE ALTO',TO_TIMESTAMP('18-AUG-08 12.11.19.000000 PM','DD-Mon-YY HH12:MI:SS:MS PM'),'WCSNT42','PANTERAS-565');
INSERT INTO SOSPECHOSO VALUES('E56085600','CARLOS EMILIO PEREZ GUERRA',5599552);
INSERT INTO SE_DETIENE VALUES('E56085600','LEONES-848',TO_TIMESTAMP('11-SEP-08 11.45.36.000000 AM','DD-Mon-YY HH12:MI:SS:MS AM'));
INSERT INTO SE_DETIENE VALUES('V15163962','LEONES-848',TO_TIMESTAMP('11-SEP-08 11.45.36.000000 AM','DD-Mon-YY HH12:MI:SS:MS AM'));
INSERT INTO DETENCION VALUES('PANTERAS-456',TO_TIMESTAMP('03-OCT-08 10.49.43.000000 AM','DD-Mon-YY HH12:MI:SS:MS AM'),'SANTA FE');
INSERT INTO VEHICULO_ROBADO VALUES('LIIXTA9','ALFA ROMEO','DEPORTIVO','2004','NEGRO','PANTERAS-456',TO_TIMESTAMP('03-OCT-08 10.49.43.000000 AM','DD-Mon-YY HH12:MI:SS:MS AM'));
INSERT INTO DENUNCIA_ROBO VALUES('E91829389',TO_TIMESTAMP('24-AUG-08 05.46.21.000000 AM','DD-Mon-YY HH12:MI:SS:MS AM'),'ESTEFANO TOMAS PARRA TORRES','BARRIO EL TRIANGULO LA VEGA',TO_TIMESTAMP('23-AUG-08 05.16.57.000000 PM','DD-Mon-YY HH12:MI:SS:MS PM'),'LIIXTA9','OSOS-365');
INSERT INTO SOSPECHOSO VALUES('V97903120','EDUARDO EMILIO PARRA MENDOZA',3563387);
INSERT INTO SE_DETIENE VALUES('V97903120','PANTERAS-456',TO_TIMESTAMP('03-OCT-08 10.49.43.000000 AM','DD-Mon-YY HH12:MI:SS:MS AM'));
INSERT INTO SE_DETIENE VALUES('E99792858','PANTERAS-456',TO_TIMESTAMP('03-OCT-08 10.49.43.000000 AM','DD-Mon-YY HH12:MI:SS:MS AM'));
INSERT INTO SE_DETIENE VALUES('E17892138','PANTERAS-456',TO_TIMESTAMP('03-OCT-08 10.49.43.000000 AM','DD-Mon-YY HH12:MI:SS:MS AM'));
INSERT INTO SE_DETIENE VALUES('E4202507','PANTERAS-456',TO_TIMESTAMP('03-OCT-08 10.49.43.000000 AM','DD-Mon-YY HH12:MI:SS:MS AM'));
INSERT INTO DETENCION VALUES('ARACNIDOS-378',TO_TIMESTAMP('27-AUG-08 10.44.34.000000 PM','DD-Mon-YY HH12:MI:SS:MS PM'),'U.C.V.');
INSERT INTO VEHICULO_ROBADO VALUES('NYRDHH6','AUDI','CAMIONETA','1997','ROJO','ARACNIDOS-378',TO_TIMESTAMP('27-AUG-08 10.44.34.000000 PM','DD-Mon-YY HH12:MI:SS:MS PM'));
INSERT INTO DENUNCIA_ROBO VALUES('E34261099',TO_TIMESTAMP('03-AUG-08 12.24.59.000000 AM','DD-Mon-YY HH12:MI:SS:MS AM'),'FELIX ALBERTO FERRER MENDOZA','BARRIO EL CALVARIO',TO_TIMESTAMP('01-AUG-08 07.40.23.000000 AM','DD-Mon-YY HH12:MI:SS:MS AM'),'NYRDHH6','TIBURONES-881');
INSERT INTO SOSPECHOSO VALUES('E80555310','ROSA ALICIA GUERRA FERNADEZ',1478179);
INSERT INTO SE_DETIENE VALUES('E80555310','ARACNIDOS-378',TO_TIMESTAMP('27-AUG-08 10.44.34.000000 PM','DD-Mon-YY HH12:MI:SS:MS PM'));
INSERT INTO SE_DETIENE VALUES('E99844357','ARACNIDOS-378',TO_TIMESTAMP('27-AUG-08 10.44.34.000000 PM','DD-Mon-YY HH12:MI:SS:MS PM'));
INSERT INTO DETENCION VALUES('LEONES-729',TO_TIMESTAMP('29-SEP-08 05.44.32.000000 AM','DD-Mon-YY HH12:MI:SS:MS AM'),'URB LOS CAOBOS');
INSERT INTO VEHICULO_ROBADO VALUES('PXNVO65','MASERATI','DEPORTIVO','2006','ROJO','LEONES-729',TO_TIMESTAMP('29-SEP-08 05.44.32.000000 AM','DD-Mon-YY HH12:MI:SS:MS AM'));
INSERT INTO DENUNCIA_ROBO VALUES('V42647717',TO_TIMESTAMP('12-SEP-08 06.21.10.000000 AM','DD-Mon-YY HH12:MI:SS:MS AM'),'ALICIA ANGELA GUERRA LOPEZ','URB CAMPO CLARO',TO_TIMESTAMP('08-SEP-08 05.28.18.000000 AM','DD-Mon-YY HH12:MI:SS:MS AM'),'PXNVO65','ARACNIDOS-167');
INSERT INTO SOSPECHOSO VALUES('E71591876','ISMAEL ALBERTO ZAMBRANO TIRADO',8120984);
INSERT INTO SE_DETIENE VALUES('E71591876','LEONES-729',TO_TIMESTAMP('29-SEP-08 05.44.32.000000 AM','DD-Mon-YY HH12:MI:SS:MS AM'));
INSERT INTO SE_DETIENE VALUES('E72761183','LEONES-729',TO_TIMESTAMP('29-SEP-08 05.44.32.000000 AM','DD-Mon-YY HH12:MI:SS:MS AM'));
INSERT INTO SE_DETIENE VALUES('E87321506','LEONES-729',TO_TIMESTAMP('29-SEP-08 05.44.32.000000 AM','DD-Mon-YY HH12:MI:SS:MS AM'));
INSERT INTO SE_DETIENE VALUES('E28171064','LEONES-729',TO_TIMESTAMP('29-SEP-08 05.44.32.000000 AM','DD-Mon-YY HH12:MI:SS:MS AM'));
INSERT INTO SE_DETIENE VALUES('E8762669','LEONES-729',TO_TIMESTAMP('29-SEP-08 05.44.32.000000 AM','DD-Mon-YY HH12:MI:SS:MS AM'));
INSERT INTO SE_DETIENE VALUES('V33486065','LEONES-729',TO_TIMESTAMP('29-SEP-08 05.44.32.000000 AM','DD-Mon-YY HH12:MI:SS:MS AM'));
INSERT INTO DETENCION VALUES('TIBURONES-138',TO_TIMESTAMP('10-SEP-08 03.23.01.000000 PM','DD-Mon-YY HH12:MI:SS:MS PM'),'URB COLINAS DE LOS CAOBOS');
INSERT INTO VEHICULO_ROBADO VALUES('ATD4273','MAZDA','CAMIONETA','2006','VERDE','TIBURONES-138',TO_TIMESTAMP('10-SEP-08 03.23.01.000000 PM','DD-Mon-YY HH12:MI:SS:MS PM'));
INSERT INTO DENUNCIA_ROBO VALUES('V25090321',TO_TIMESTAMP('18-AUG-08 12.18.33.000000 AM','DD-Mon-YY HH12:MI:SS:MS AM'),'FELIPE BEJAMIN GUERRA GIRALDEZ','BARRIO LA LAGUNITA',TO_TIMESTAMP('13-AUG-08 12.16.55.000000 PM','DD-Mon-YY HH12:MI:SS:MS PM'),'ATD4273','PANTERAS-300');
INSERT INTO SOSPECHOSO VALUES('V61842539','MARISOL LILIAN FERRER TORRES',9204894);
INSERT INTO SE_DETIENE VALUES('V61842539','TIBURONES-138',TO_TIMESTAMP('10-SEP-08 03.23.01.000000 PM','DD-Mon-YY HH12:MI:SS:MS PM'));
INSERT INTO SE_DETIENE VALUES('E72114586','TIBURONES-138',TO_TIMESTAMP('10-SEP-08 03.23.01.000000 PM','DD-Mon-YY HH12:MI:SS:MS PM'));
INSERT INTO SE_DETIENE VALUES('E11842475','TIBURONES-138',TO_TIMESTAMP('10-SEP-08 03.23.01.000000 PM','DD-Mon-YY HH12:MI:SS:MS PM'));
INSERT INTO SE_DETIENE VALUES('V16594596','TIBURONES-138',TO_TIMESTAMP('10-SEP-08 03.23.01.000000 PM','DD-Mon-YY HH12:MI:SS:MS PM'));
INSERT INTO DETENCION VALUES('TIBURONES-873',TO_TIMESTAMP('03-OCT-08 01.12.55.000000 PM','DD-Mon-YY HH12:MI:SS:MS PM'),'BARRIO CENTRO ITALO');
INSERT INTO VEHICULO_ROBADO VALUES('PZMDSQ4','SEAT','CAMIONETA','2000','VERDE','TIBURONES-873',TO_TIMESTAMP('03-OCT-08 01.12.55.000000 PM','DD-Mon-YY HH12:MI:SS:MS PM'));
INSERT INTO DENUNCIA_ROBO VALUES('V49502502',TO_TIMESTAMP('03-SEP-08 05.09.55.000000 PM','DD-Mon-YY HH12:MI:SS:MS PM'),'DAVID BEJAMIN ZAMBRANO TIRADO','LA CANDELARIA',TO_TIMESTAMP('30-AUG-08 04.17.33.000000 AM','DD-Mon-YY HH12:MI:SS:MS AM'),'PZMDSQ4','OSOS-529');
INSERT INTO SOSPECHOSO VALUES('E34737828','FELIPE ESTEFANO TIRADO GOMEZ',5864817);
INSERT INTO SE_DETIENE VALUES('E34737828','TIBURONES-873',TO_TIMESTAMP('03-OCT-08 01.12.55.000000 PM','DD-Mon-YY HH12:MI:SS:MS PM'));
INSERT INTO SE_DETIENE VALUES('E17892138','TIBURONES-873',TO_TIMESTAMP('03-OCT-08 01.12.55.000000 PM','DD-Mon-YY HH12:MI:SS:MS PM'));
INSERT INTO SE_DETIENE VALUES('E7826048','TIBURONES-873',TO_TIMESTAMP('03-OCT-08 01.12.55.000000 PM','DD-Mon-YY HH12:MI:SS:MS PM'));
INSERT INTO SE_DETIENE VALUES('E4202507','TIBURONES-873',TO_TIMESTAMP('03-OCT-08 01.12.55.000000 PM','DD-Mon-YY HH12:MI:SS:MS PM'));
INSERT INTO SE_DETIENE VALUES('V33486065','TIBURONES-873',TO_TIMESTAMP('03-OCT-08 01.12.55.000000 PM','DD-Mon-YY HH12:MI:SS:MS PM'));
INSERT INTO DETENCION VALUES('OSOS-401',TO_TIMESTAMP('21-SEP-08 01.28.06.000000 PM','DD-Mon-YY HH12:MI:SS:MS PM'),'BARRIO BRISAS DE PETARE');
INSERT INTO VEHICULO_ROBADO VALUES('WS76943','TOYOTA','PICKUP','2003','VERDE','OSOS-401',TO_TIMESTAMP('21-SEP-08 01.28.06.000000 PM','DD-Mon-YY HH12:MI:SS:MS PM'));
INSERT INTO DENUNCIA_ROBO VALUES('E73713185',TO_TIMESTAMP('17-AUG-08 11.48.18.000000 PM','DD-Mon-YY HH12:MI:SS:MS PM'),'CHRISTIAN TOMAS GARCIA LANDAETA','U.C.V.',TO_TIMESTAMP('11-AUG-08 03.14.03.000000 AM','DD-Mon-YY HH12:MI:SS:MS AM'),'WS76943','AGUILAS-246');
INSERT INTO SOSPECHOSO VALUES('V89147505','EDUARDO CHRISTIAN ZAMBRANO CASTILLO',5036469);
INSERT INTO SE_DETIENE VALUES('V89147505','OSOS-401',TO_TIMESTAMP('21-SEP-08 01.28.06.000000 PM','DD-Mon-YY HH12:MI:SS:MS PM'));
INSERT INTO SE_DETIENE VALUES('E36229665','OSOS-401',TO_TIMESTAMP('21-SEP-08 01.28.06.000000 PM','DD-Mon-YY HH12:MI:SS:MS PM'));
INSERT INTO SE_DETIENE VALUES('E12104514','OSOS-401',TO_TIMESTAMP('21-SEP-08 01.28.06.000000 PM','DD-Mon-YY HH12:MI:SS:MS PM'));
INSERT INTO SE_DETIENE VALUES('E36229665','OSOS-401',TO_TIMESTAMP('21-SEP-08 01.28.06.000000 PM','DD-Mon-YY HH12:MI:SS:MS PM'));
INSERT INTO SE_DETIENE VALUES('V16481829','OSOS-401',TO_TIMESTAMP('21-SEP-08 01.28.06.000000 PM','DD-Mon-YY HH12:MI:SS:MS PM'));
INSERT INTO DETENCION VALUES('TRIGRES-176',TO_TIMESTAMP('25-SEP-08 12.09.34.000000 AM','DD-Mon-YY HH12:MI:SS:MS AM'),'BARRIO JOSE FELIX RIVAS');
INSERT INTO VEHICULO_ROBADO VALUES('XLDX529','DAEWOO','FURGONETA','2008','PLATA','TRIGRES-176',TO_TIMESTAMP('25-SEP-08 12.09.34.000000 AM','DD-Mon-YY HH12:MI:SS:MS AM'));
INSERT INTO DENUNCIA_ROBO VALUES('V90914008',TO_TIMESTAMP('29-AUG-08 07.13.46.000000 PM','DD-Mon-YY HH12:MI:SS:MS PM'),'ESTHER MONICA GONZALEZ ALGARIN','BARUTA',TO_TIMESTAMP('27-AUG-08 09.56.02.000000 PM','DD-Mon-YY HH12:MI:SS:MS PM'),'XLDX529','ZORROS-329');
INSERT INTO SOSPECHOSO VALUES('V68540689','MIRIAM VICTORIA TIRADO GUERRERO',1620304);
INSERT INTO SE_DETIENE VALUES('V68540689','TRIGRES-176',TO_TIMESTAMP('25-SEP-08 12.09.34.000000 AM','DD-Mon-YY HH12:MI:SS:MS AM'));
INSERT INTO SE_DETIENE VALUES('E7826048','TRIGRES-176',TO_TIMESTAMP('25-SEP-08 12.09.34.000000 AM','DD-Mon-YY HH12:MI:SS:MS AM'));
INSERT INTO SE_DETIENE VALUES('E72761183','TRIGRES-176',TO_TIMESTAMP('25-SEP-08 12.09.34.000000 AM','DD-Mon-YY HH12:MI:SS:MS AM'));
INSERT INTO SE_DETIENE VALUES('E29499849','TRIGRES-176',TO_TIMESTAMP('25-SEP-08 12.09.34.000000 AM','DD-Mon-YY HH12:MI:SS:MS AM'));
INSERT INTO SE_DETIENE VALUES('V16594596','TRIGRES-176',TO_TIMESTAMP('25-SEP-08 12.09.34.000000 AM','DD-Mon-YY HH12:MI:SS:MS AM'));
INSERT INTO DETENCION VALUES('ARACNIDOS-904',TO_TIMESTAMP('25-AUG-08 03.27.25.000000 AM','DD-Mon-YY HH12:MI:SS:MS AM'),'EL VALLE');
INSERT INTO VEHICULO_ROBADO VALUES('CZYSKU6','ALFA ROMEO','FURGONETA','1994','ROJO','ARACNIDOS-904',TO_TIMESTAMP('25-AUG-08 03.27.25.000000 AM','DD-Mon-YY HH12:MI:SS:MS AM'));
INSERT INTO DENUNCIA_ROBO VALUES('E64461448',TO_TIMESTAMP('08-AUG-08 07.21.24.000000 AM','DD-Mon-YY HH12:MI:SS:MS AM'),'ROSA CRISTINA TORRES PEREZ','LA PASTORA',TO_TIMESTAMP('02-AUG-08 02.53.51.000000 PM','DD-Mon-YY HH12:MI:SS:MS PM'),'CZYSKU6','LEONES-798');
INSERT INTO SOSPECHOSO VALUES('E45503434','ANGELICA CECILIA GARCIA GIRALDEZ',1163744);
INSERT INTO SE_DETIENE VALUES('E45503434','ARACNIDOS-904',TO_TIMESTAMP('25-AUG-08 03.27.25.000000 AM','DD-Mon-YY HH12:MI:SS:MS AM'));
INSERT INTO SE_DETIENE VALUES('E67566095','ARACNIDOS-904',TO_TIMESTAMP('25-AUG-08 03.27.25.000000 AM','DD-Mon-YY HH12:MI:SS:MS AM'));
INSERT INTO SE_DETIENE VALUES('E36229665','ARACNIDOS-904',TO_TIMESTAMP('25-AUG-08 03.27.25.000000 AM','DD-Mon-YY HH12:MI:SS:MS AM'));
INSERT INTO SE_DETIENE VALUES('E29499849','ARACNIDOS-904',TO_TIMESTAMP('25-AUG-08 03.27.25.000000 AM','DD-Mon-YY HH12:MI:SS:MS AM'));
INSERT INTO SE_DETIENE VALUES('E36229665','ARACNIDOS-904',TO_TIMESTAMP('25-AUG-08 03.27.25.000000 AM','DD-Mon-YY HH12:MI:SS:MS AM'));
INSERT INTO SE_DETIENE VALUES('E11842475','ARACNIDOS-904',TO_TIMESTAMP('25-AUG-08 03.27.25.000000 AM','DD-Mon-YY HH12:MI:SS:MS AM'));
INSERT INTO DETENCION VALUES('TRIGRES-991',TO_TIMESTAMP('05-SEP-08 12.18.31.000000 AM','DD-Mon-YY HH12:MI:SS:MS AM'),'URB COLINAS DE LOS CHAGUARAMOS');
INSERT INTO VEHICULO_ROBADO VALUES('YAE6180','CITROEN','PICKUP','1996','NARANJA','TRIGRES-991',TO_TIMESTAMP('05-SEP-08 12.18.31.000000 AM','DD-Mon-YY HH12:MI:SS:MS AM'));
INSERT INTO DENUNCIA_ROBO VALUES('V70582033',TO_TIMESTAMP('08-AUG-08 03.30.56.000000 PM','DD-Mon-YY HH12:MI:SS:MS PM'),'FELIPE LEONARDO SOSA PARRA','PARROQUIA SANTA TERESA',TO_TIMESTAMP('06-AUG-08 06.51.00.000000 PM','DD-Mon-YY HH12:MI:SS:MS PM'),'YAE6180','TRIGRES-296');
INSERT INTO SOSPECHOSO VALUES('E2361733','LILIAN CAROLINA GONZALEZ TORRES',8338220);
INSERT INTO SE_DETIENE VALUES('E2361733','TRIGRES-991',TO_TIMESTAMP('05-SEP-08 12.18.31.000000 AM','DD-Mon-YY HH12:MI:SS:MS AM'));
INSERT INTO SE_DETIENE VALUES('V15163962','TRIGRES-991',TO_TIMESTAMP('05-SEP-08 12.18.31.000000 AM','DD-Mon-YY HH12:MI:SS:MS AM'));
INSERT INTO SE_DETIENE VALUES('E88228181','TRIGRES-991',TO_TIMESTAMP('05-SEP-08 12.18.31.000000 AM','DD-Mon-YY HH12:MI:SS:MS AM'));
INSERT INTO SE_DETIENE VALUES('E99844357','TRIGRES-991',TO_TIMESTAMP('05-SEP-08 12.18.31.000000 AM','DD-Mon-YY HH12:MI:SS:MS AM'));
INSERT INTO SE_DETIENE VALUES('E99844357','TRIGRES-991',TO_TIMESTAMP('05-SEP-08 12.18.31.000000 AM','DD-Mon-YY HH12:MI:SS:MS AM'));
INSERT INTO SE_DETIENE VALUES('E17892138','TRIGRES-991',TO_TIMESTAMP('05-SEP-08 12.18.31.000000 AM','DD-Mon-YY HH12:MI:SS:MS AM'));
INSERT INTO DETENCION VALUES('PANTERAS-499',TO_TIMESTAMP('20-SEP-08 09.16.49.000000 PM','DD-Mon-YY HH12:MI:SS:MS PM'),'BARRIO ALTOS DE LIDICE');
INSERT INTO VEHICULO_ROBADO VALUES('N479361','FIAT','PICKUP','1996','VIOLETA','PANTERAS-499',TO_TIMESTAMP('20-SEP-08 09.16.49.000000 PM','DD-Mon-YY HH12:MI:SS:MS PM'));
INSERT INTO DENUNCIA_ROBO VALUES('V82732993',TO_TIMESTAMP('17-AUG-08 08.26.43.000000 AM','DD-Mon-YY HH12:MI:SS:MS AM'),'CARMEN CAROLINA SOSA LANDAETA','BARRIO BRISAS DE PROPATRIA',TO_TIMESTAMP('12-AUG-08 05.46.03.000000 PM','DD-Mon-YY HH12:MI:SS:MS PM'),'N479361','OSOS-745');
INSERT INTO SOSPECHOSO VALUES('V34293746','ESTHER LILIAN PEREZ MENDOZA',8268477);
INSERT INTO SE_DETIENE VALUES('V34293746','PANTERAS-499',TO_TIMESTAMP('20-SEP-08 09.16.49.000000 PM','DD-Mon-YY HH12:MI:SS:MS PM'));
INSERT INTO SE_DETIENE VALUES('V4220431','PANTERAS-499',TO_TIMESTAMP('20-SEP-08 09.16.49.000000 PM','DD-Mon-YY HH12:MI:SS:MS PM'));
INSERT INTO SE_DETIENE VALUES('E29499849','PANTERAS-499',TO_TIMESTAMP('20-SEP-08 09.16.49.000000 PM','DD-Mon-YY HH12:MI:SS:MS PM'));
INSERT INTO SE_DETIENE VALUES('V20657353','PANTERAS-499',TO_TIMESTAMP('20-SEP-08 09.16.49.000000 PM','DD-Mon-YY HH12:MI:SS:MS PM'));
INSERT INTO SE_DETIENE VALUES('V4220431','PANTERAS-499',TO_TIMESTAMP('20-SEP-08 09.16.49.000000 PM','DD-Mon-YY HH12:MI:SS:MS PM'));
INSERT INTO SE_DETIENE VALUES('E7826048','PANTERAS-499',TO_TIMESTAMP('20-SEP-08 09.16.49.000000 PM','DD-Mon-YY HH12:MI:SS:MS PM'));
INSERT INTO DETENCION VALUES('TIBURONES-224',TO_TIMESTAMP('04-SEP-08 05.43.07.000000 AM','DD-Mon-YY HH12:MI:SS:MS AM'),'EL VALLE');
INSERT INTO VEHICULO_ROBADO VALUES('GGU3731','AUDI','FURGONETA','1993','DORADO','TIBURONES-224',TO_TIMESTAMP('04-SEP-08 05.43.07.000000 AM','DD-Mon-YY HH12:MI:SS:MS AM'));
INSERT INTO DENUNCIA_ROBO VALUES('V41702056',TO_TIMESTAMP('09-AUG-08 08.59.51.000000 AM','DD-Mon-YY HH12:MI:SS:MS AM'),'JONATHAN FELIPE ADRIAN GIRALDEZ','BARRIO CENTRO ITALO',TO_TIMESTAMP('08-AUG-08 06.58.56.000000 PM','DD-Mon-YY HH12:MI:SS:MS PM'),'GGU3731','PANTERAS-456');
INSERT INTO SOSPECHOSO VALUES('E60316209','ANDREINA MIRIAM GUERRERO LANDAETA',5349667);
INSERT INTO SE_DETIENE VALUES('E60316209','TIBURONES-224',TO_TIMESTAMP('04-SEP-08 05.43.07.000000 AM','DD-Mon-YY HH12:MI:SS:MS AM'));
INSERT INTO SE_DETIENE VALUES('V47381153','TIBURONES-224',TO_TIMESTAMP('04-SEP-08 05.43.07.000000 AM','DD-Mon-YY HH12:MI:SS:MS AM'));
INSERT INTO SE_DETIENE VALUES('E4202507','TIBURONES-224',TO_TIMESTAMP('04-SEP-08 05.43.07.000000 AM','DD-Mon-YY HH12:MI:SS:MS AM'));
INSERT INTO SE_DETIENE VALUES('E88228181','TIBURONES-224',TO_TIMESTAMP('04-SEP-08 05.43.07.000000 AM','DD-Mon-YY HH12:MI:SS:MS AM'));
INSERT INTO SE_DETIENE VALUES('E72761183','TIBURONES-224',TO_TIMESTAMP('04-SEP-08 05.43.07.000000 AM','DD-Mon-YY HH12:MI:SS:MS AM'));
INSERT INTO SE_DETIENE VALUES('E99792858','TIBURONES-224',TO_TIMESTAMP('04-SEP-08 05.43.07.000000 AM','DD-Mon-YY HH12:MI:SS:MS AM'));
INSERT INTO DETENCION VALUES('LEONES-136',TO_TIMESTAMP('03-SEP-08 10.14.36.000000 PM','DD-Mon-YY HH12:MI:SS:MS PM'),'URB ALTA FLORIDA');
INSERT INTO VEHICULO_ROBADO VALUES('XLUY150','BMW','DEPORTIVO','2001','ROJO','LEONES-136',TO_TIMESTAMP('03-SEP-08 10.14.36.000000 PM','DD-Mon-YY HH12:MI:SS:MS PM'));
INSERT INTO DENUNCIA_ROBO VALUES('E3396549',TO_TIMESTAMP('25-AUG-08 07.50.29.000000 PM','DD-Mon-YY HH12:MI:SS:MS PM'),'ADRIANA MARISOL FERRER ALGARIN','BARRIO CARAPITA',TO_TIMESTAMP('24-AUG-08 03.48.58.000000 AM','DD-Mon-YY HH12:MI:SS:MS AM'),'XLUY150','TIBURONES-881');
INSERT INTO SOSPECHOSO VALUES('E5660819','CECILIA ROSA GARCIA TIRADO',4092465);
INSERT INTO SE_DETIENE VALUES('E5660819','LEONES-136',TO_TIMESTAMP('03-SEP-08 10.14.36.000000 PM','DD-Mon-YY HH12:MI:SS:MS PM'));
INSERT INTO SE_DETIENE VALUES('E7826048','LEONES-136',TO_TIMESTAMP('03-SEP-08 10.14.36.000000 PM','DD-Mon-YY HH12:MI:SS:MS PM'));
INSERT INTO SE_DETIENE VALUES('E11842475','LEONES-136',TO_TIMESTAMP('03-SEP-08 10.14.36.000000 PM','DD-Mon-YY HH12:MI:SS:MS PM'));
INSERT INTO SE_DETIENE VALUES('E92876896','LEONES-136',TO_TIMESTAMP('03-SEP-08 10.14.36.000000 PM','DD-Mon-YY HH12:MI:SS:MS PM'));
INSERT INTO SE_DETIENE VALUES('V16481829','LEONES-136',TO_TIMESTAMP('03-SEP-08 10.14.36.000000 PM','DD-Mon-YY HH12:MI:SS:MS PM'));
INSERT INTO SE_DETIENE VALUES('V47381153','LEONES-136',TO_TIMESTAMP('03-SEP-08 10.14.36.000000 PM','DD-Mon-YY HH12:MI:SS:MS PM'));
INSERT INTO DETENCION VALUES('ARACNIDOS-143',TO_TIMESTAMP('22-AUG-08 11.45.50.000000 AM','DD-Mon-YY HH12:MI:SS:MS AM'),'BARUTA');
INSERT INTO VEHICULO_ROBADO VALUES('EMTLRW7','NISSAN','MICRO','2005','ROJO','ARACNIDOS-143',TO_TIMESTAMP('22-AUG-08 11.45.50.000000 AM','DD-Mon-YY HH12:MI:SS:MS AM'));
INSERT INTO DENUNCIA_ROBO VALUES('V42459065',TO_TIMESTAMP('14-AUG-08 04.34.09.000000 PM','DD-Mon-YY HH12:MI:SS:MS PM'),'LUIS RAFAEL GUERRA LOPEZ','CHICHIRIVICHE',TO_TIMESTAMP('12-AUG-08 10.49.39.000000 PM','DD-Mon-YY HH12:MI:SS:MS PM'),'EMTLRW7','PANTERAS-565');
INSERT INTO SOSPECHOSO VALUES('E40698982','FELIX RICARDO SOSA GONZALEZ',5354752);
INSERT INTO SE_DETIENE VALUES('E40698982','ARACNIDOS-143',TO_TIMESTAMP('22-AUG-08 11.45.50.000000 AM','DD-Mon-YY HH12:MI:SS:MS AM'));
INSERT INTO SE_DETIENE VALUES('V15163962','ARACNIDOS-143',TO_TIMESTAMP('22-AUG-08 11.45.50.000000 AM','DD-Mon-YY HH12:MI:SS:MS AM'));
INSERT INTO SE_DETIENE VALUES('V33486065','ARACNIDOS-143',TO_TIMESTAMP('22-AUG-08 11.45.50.000000 AM','DD-Mon-YY HH12:MI:SS:MS AM'));
INSERT INTO DETENCION VALUES('OSOS-719',TO_TIMESTAMP('11-SEP-08 08.46.15.000000 AM','DD-Mon-YY HH12:MI:SS:MS AM'),'SANTA MONICA');
INSERT INTO VEHICULO_ROBADO VALUES('CRES210','DODGE','DEPORTIVO','2004','NEGRO','OSOS-719',TO_TIMESTAMP('11-SEP-08 08.46.15.000000 AM','DD-Mon-YY HH12:MI:SS:MS AM'));
INSERT INTO DENUNCIA_ROBO VALUES('V63541449',TO_TIMESTAMP('05-AUG-08 12.08.03.000000 AM','DD-Mon-YY HH12:MI:SS:MS AM'),'GUILLERMO CARLOS FERRER ALGARIN','U.C.V.',TO_TIMESTAMP('31-JUL-08 05.15.08.000000 PM','DD-Mon-YY HH12:MI:SS:MS PM'),'CRES210','TIBURONES-224');
INSERT INTO SOSPECHOSO VALUES('E36148613','EDUARDO GUILLERMO PARRA ZAMBRANO',2815030);
INSERT INTO SE_DETIENE VALUES('E36148613','OSOS-719',TO_TIMESTAMP('11-SEP-08 08.46.15.000000 AM','DD-Mon-YY HH12:MI:SS:MS AM'));
INSERT INTO SE_DETIENE VALUES('E7573923','OSOS-719',TO_TIMESTAMP('11-SEP-08 08.46.15.000000 AM','DD-Mon-YY HH12:MI:SS:MS AM'));
INSERT INTO SE_DETIENE VALUES('E88228181','OSOS-719',TO_TIMESTAMP('11-SEP-08 08.46.15.000000 AM','DD-Mon-YY HH12:MI:SS:MS AM'));
INSERT INTO SE_DETIENE VALUES('V33486065','OSOS-719',TO_TIMESTAMP('11-SEP-08 08.46.15.000000 AM','DD-Mon-YY HH12:MI:SS:MS AM'));
INSERT INTO SE_DETIENE VALUES('E42844779','OSOS-719',TO_TIMESTAMP('11-SEP-08 08.46.15.000000 AM','DD-Mon-YY HH12:MI:SS:MS AM'));
INSERT INTO SE_DETIENE VALUES('E12104514','OSOS-719',TO_TIMESTAMP('11-SEP-08 08.46.15.000000 AM','DD-Mon-YY HH12:MI:SS:MS AM'));
INSERT INTO DETENCION VALUES('ARACNIDOS-163',TO_TIMESTAMP('29-AUG-08 06.54.40.000000 AM','DD-Mon-YY HH12:MI:SS:MS AM'),'PLAZA VENEZUELA');
INSERT INTO VEHICULO_ROBADO VALUES('MLSMCP6','LEXUS','DEPORTIVO','1991','NEGRO','ARACNIDOS-163',TO_TIMESTAMP('29-AUG-08 06.54.40.000000 AM','DD-Mon-YY HH12:MI:SS:MS AM'));
INSERT INTO DENUNCIA_ROBO VALUES('E77465938',TO_TIMESTAMP('31-JUL-08 12.00.58.000000 PM','DD-Mon-YY HH12:MI:SS:MS PM'),'LILIAN VICTORIA GARCIA PARRA','PIEDRA AZUL',TO_TIMESTAMP('31-JUL-08 02.11.57.000000 AM','DD-Mon-YY HH12:MI:SS:MS AM'),'MLSMCP6','OSOS-544');
INSERT INTO SOSPECHOSO VALUES('V95351531','CECILIA ANGELA GIRALDEZ TORRES',4403927);
INSERT INTO SE_DETIENE VALUES('V95351531','ARACNIDOS-163',TO_TIMESTAMP('29-AUG-08 06.54.40.000000 AM','DD-Mon-YY HH12:MI:SS:MS AM'));
INSERT INTO SE_DETIENE VALUES('E67566095','ARACNIDOS-163',TO_TIMESTAMP('29-AUG-08 06.54.40.000000 AM','DD-Mon-YY HH12:MI:SS:MS AM'));
INSERT INTO SE_DETIENE VALUES('E36229665','ARACNIDOS-163',TO_TIMESTAMP('29-AUG-08 06.54.40.000000 AM','DD-Mon-YY HH12:MI:SS:MS AM'));
INSERT INTO SE_DETIENE VALUES('E42844779','ARACNIDOS-163',TO_TIMESTAMP('29-AUG-08 06.54.40.000000 AM','DD-Mon-YY HH12:MI:SS:MS AM'));
INSERT INTO DETENCION VALUES('OSOS-365',TO_TIMESTAMP('14-OCT-08 12.55.17.000000 AM','DD-Mon-YY HH12:MI:SS:MS AM'),'SABANA GRANDE');
INSERT INTO VEHICULO_ROBADO VALUES('DUSOBM7','MASERATI','MICRO','2001','CAFE','OSOS-365',TO_TIMESTAMP('14-OCT-08 12.55.17.000000 AM','DD-Mon-YY HH12:MI:SS:MS AM'));
INSERT INTO DENUNCIA_ROBO VALUES('V92243107',TO_TIMESTAMP('02-SEP-08 10.31.59.000000 AM','DD-Mon-YY HH12:MI:SS:MS AM'),'ESTEFANO FELIX MARQUEZ GARCIA','CANDELARIA',TO_TIMESTAMP('27-AUG-08 07.21.02.000000 PM','DD-Mon-YY HH12:MI:SS:MS PM'),'DUSOBM7','OSOS-544');
INSERT INTO SOSPECHOSO VALUES('V88950817','ADRIANA ESTHER TIRADO GARCIA',3693269);
INSERT INTO SE_DETIENE VALUES('V88950817','OSOS-365',TO_TIMESTAMP('14-OCT-08 12.55.17.000000 AM','DD-Mon-YY HH12:MI:SS:MS AM'));
INSERT INTO SE_DETIENE VALUES('V33486065','OSOS-365',TO_TIMESTAMP('14-OCT-08 12.55.17.000000 AM','DD-Mon-YY HH12:MI:SS:MS AM'));
INSERT INTO SE_DETIENE VALUES('E42844779','OSOS-365',TO_TIMESTAMP('14-OCT-08 12.55.17.000000 AM','DD-Mon-YY HH12:MI:SS:MS AM'));
INSERT INTO DETENCION VALUES('OSOS-686',TO_TIMESTAMP('14-OCT-08 02.20.23.000000 PM','DD-Mon-YY HH12:MI:SS:MS PM'),'BARRIO JOSE FELIX RIVAS');
INSERT INTO VEHICULO_ROBADO VALUES('FN24739','FIAT','CAMIONETA','1999','VIOLETA','OSOS-686',TO_TIMESTAMP('14-OCT-08 02.20.23.000000 PM','DD-Mon-YY HH12:MI:SS:MS PM'));
INSERT INTO DENUNCIA_ROBO VALUES('E91082676',TO_TIMESTAMP('31-AUG-08 01.34.53.000000 PM','DD-Mon-YY HH12:MI:SS:MS PM'),'ANGELA CRISTINA GUERRERO CASTILLO','BARRIO AJURO',TO_TIMESTAMP('28-AUG-08 01.11.44.000000 PM','DD-Mon-YY HH12:MI:SS:MS PM'),'FN24739','OSOS-544');
INSERT INTO SOSPECHOSO VALUES('V82728044','TOMAS RICARDO ALGARIN LANDAETA',6080022);
INSERT INTO SE_DETIENE VALUES('V82728044','OSOS-686',TO_TIMESTAMP('14-OCT-08 02.20.23.000000 PM','DD-Mon-YY HH12:MI:SS:MS PM'));
INSERT INTO SE_DETIENE VALUES('E11842475','OSOS-686',TO_TIMESTAMP('14-OCT-08 02.20.23.000000 PM','DD-Mon-YY HH12:MI:SS:MS PM'));
INSERT INTO SE_DETIENE VALUES('E29499849','OSOS-686',TO_TIMESTAMP('14-OCT-08 02.20.23.000000 PM','DD-Mon-YY HH12:MI:SS:MS PM'));
INSERT INTO SE_DETIENE VALUES('E4202507','OSOS-686',TO_TIMESTAMP('14-OCT-08 02.20.23.000000 PM','DD-Mon-YY HH12:MI:SS:MS PM'));
INSERT INTO DETENCION VALUES('LEONES-728',TO_TIMESTAMP('25-SEP-08 05.48.44.000000 PM','DD-Mon-YY HH12:MI:SS:MS PM'),'BARRIO ALTOS DE LIDICE');
INSERT INTO VEHICULO_ROBADO VALUES('DVRLGW3','HONDA','FURGONETA','2004','NARANJA','LEONES-728',TO_TIMESTAMP('25-SEP-08 05.48.44.000000 PM','DD-Mon-YY HH12:MI:SS:MS PM'));
INSERT INTO DENUNCIA_ROBO VALUES('V80011709',TO_TIMESTAMP('01-SEP-08 02.16.51.000000 PM','DD-Mon-YY HH12:MI:SS:MS PM'),'CHRISTIAN VICTOR PEREZ GUERRA','PIEDRA AZUL',TO_TIMESTAMP('01-SEP-08 10.43.48.000000 AM','DD-Mon-YY HH12:MI:SS:MS AM'),'DVRLGW3','OSOS-745');
INSERT INTO SOSPECHOSO VALUES('V47952822','ROSA CRISTINA FERRER TORRES',3223766);
INSERT INTO SE_DETIENE VALUES('V47952822','LEONES-728',TO_TIMESTAMP('25-SEP-08 05.48.44.000000 PM','DD-Mon-YY HH12:MI:SS:MS PM'));
INSERT INTO SE_DETIENE VALUES('E17892138','LEONES-728',TO_TIMESTAMP('25-SEP-08 05.48.44.000000 PM','DD-Mon-YY HH12:MI:SS:MS PM'));
INSERT INTO SE_DETIENE VALUES('E88228181','LEONES-728',TO_TIMESTAMP('25-SEP-08 05.48.44.000000 PM','DD-Mon-YY HH12:MI:SS:MS PM'));
INSERT INTO SE_DETIENE VALUES('V16481829','LEONES-728',TO_TIMESTAMP('25-SEP-08 05.48.44.000000 PM','DD-Mon-YY HH12:MI:SS:MS PM'));
INSERT INTO SE_DETIENE VALUES('V4220431','LEONES-728',TO_TIMESTAMP('25-SEP-08 05.48.44.000000 PM','DD-Mon-YY HH12:MI:SS:MS PM'));
INSERT INTO SE_DETIENE VALUES('V33486065','LEONES-728',TO_TIMESTAMP('25-SEP-08 05.48.44.000000 PM','DD-Mon-YY HH12:MI:SS:MS PM'));
INSERT INTO SE_DETIENE VALUES('E29499849','LEONES-728',TO_TIMESTAMP('25-SEP-08 05.48.44.000000 PM','DD-Mon-YY HH12:MI:SS:MS PM'));
INSERT INTO DETENCION VALUES('LEONES-632',TO_TIMESTAMP('08-SEP-08 12.54.57.000000 PM','DD-Mon-YY HH12:MI:SS:MS PM'),'BARRIO BRISAS DE PROPATRIA');
INSERT INTO VEHICULO_ROBADO VALUES('CG19280','SEAT','FURGONETA','1995','NARANJA','LEONES-632',TO_TIMESTAMP('08-SEP-08 12.54.57.000000 PM','DD-Mon-YY HH12:MI:SS:MS PM'));
INSERT INTO DENUNCIA_ROBO VALUES('E99300720',TO_TIMESTAMP('22-AUG-08 01.35.43.000000 AM','DD-Mon-YY HH12:MI:SS:MS AM'),'ANTONIO JONATHAN MENDOZA PEREZ','BARRIO EL TRIANGULO LA VEGA',TO_TIMESTAMP('15-AUG-08 07.02.59.000000 AM','DD-Mon-YY HH12:MI:SS:MS AM'),'CG19280','PANTERAS-565');
INSERT INTO SOSPECHOSO VALUES('E13009703','ALICIA ANGELICA SOSA FERRER',1316779);
INSERT INTO SE_DETIENE VALUES('E13009703','LEONES-632',TO_TIMESTAMP('08-SEP-08 12.54.57.000000 PM','DD-Mon-YY HH12:MI:SS:MS PM'));
INSERT INTO SE_DETIENE VALUES('E92876896','LEONES-632',TO_TIMESTAMP('08-SEP-08 12.54.57.000000 PM','DD-Mon-YY HH12:MI:SS:MS PM'));
INSERT INTO SE_DETIENE VALUES('V20657353','LEONES-632',TO_TIMESTAMP('08-SEP-08 12.54.57.000000 PM','DD-Mon-YY HH12:MI:SS:MS PM'));
INSERT INTO SE_DETIENE VALUES('V97272367','LEONES-632',TO_TIMESTAMP('08-SEP-08 12.54.57.000000 PM','DD-Mon-YY HH12:MI:SS:MS PM'));
INSERT INTO SE_DETIENE VALUES('E67566095','LEONES-632',TO_TIMESTAMP('08-SEP-08 12.54.57.000000 PM','DD-Mon-YY HH12:MI:SS:MS PM'));
INSERT INTO SE_DETIENE VALUES('E67183842','LEONES-632',TO_TIMESTAMP('08-SEP-08 12.54.57.000000 PM','DD-Mon-YY HH12:MI:SS:MS PM'));
INSERT INTO DETENCION VALUES('AGUILAS-932',TO_TIMESTAMP('30-SEP-08 10.19.42.000000 AM','DD-Mon-YY HH12:MI:SS:MS AM'),'URDANETA');
INSERT INTO VEHICULO_ROBADO VALUES('LXRN850','RENAULT','FURGONETA','2002','DORADO','AGUILAS-932',TO_TIMESTAMP('30-SEP-08 10.19.42.000000 AM','DD-Mon-YY HH12:MI:SS:MS AM'));
INSERT INTO DENUNCIA_ROBO VALUES('E87374778',TO_TIMESTAMP('19-AUG-08 05.35.59.000000 AM','DD-Mon-YY HH12:MI:SS:MS AM'),'LEONARDO TOMAS FERRER GALLEGOS','URB ALTA FLORIDA',TO_TIMESTAMP('14-AUG-08 09.32.22.000000 PM','DD-Mon-YY HH12:MI:SS:MS PM'),'LXRN850','OSOS-172');
INSERT INTO SOSPECHOSO VALUES('E93262573','GABRIELA TERESA MARQUEZ MENDOZA',2964614);
INSERT INTO SE_DETIENE VALUES('E93262573','AGUILAS-932',TO_TIMESTAMP('30-SEP-08 10.19.42.000000 AM','DD-Mon-YY HH12:MI:SS:MS AM'));
INSERT INTO SE_DETIENE VALUES('E12104514','AGUILAS-932',TO_TIMESTAMP('30-SEP-08 10.19.42.000000 AM','DD-Mon-YY HH12:MI:SS:MS AM'));
INSERT INTO SE_DETIENE VALUES('V47381153','AGUILAS-932',TO_TIMESTAMP('30-SEP-08 10.19.42.000000 AM','DD-Mon-YY HH12:MI:SS:MS AM'));
INSERT INTO SE_DETIENE VALUES('E28171064','AGUILAS-932',TO_TIMESTAMP('30-SEP-08 10.19.42.000000 AM','DD-Mon-YY HH12:MI:SS:MS AM'));
INSERT INTO SE_DETIENE VALUES('V33486065','AGUILAS-932',TO_TIMESTAMP('30-SEP-08 10.19.42.000000 AM','DD-Mon-YY HH12:MI:SS:MS AM'));
INSERT INTO SE_DETIENE VALUES('E42844779','AGUILAS-932',TO_TIMESTAMP('30-SEP-08 10.19.42.000000 AM','DD-Mon-YY HH12:MI:SS:MS AM'));
INSERT INTO DETENCION VALUES('LEONES-798',TO_TIMESTAMP('12-OCT-08 04.50.16.000000 AM','DD-Mon-YY HH12:MI:SS:MS AM'),'EL VALLE');
INSERT INTO VEHICULO_ROBADO VALUES('SKQJP82','PEUGOT','CAMIONETA','1998','NEGRO','LEONES-798',TO_TIMESTAMP('12-OCT-08 04.50.16.000000 AM','DD-Mon-YY HH12:MI:SS:MS AM'));
INSERT INTO DENUNCIA_ROBO VALUES('V62977605',TO_TIMESTAMP('28-AUG-08 08.32.30.000000 PM','DD-Mon-YY HH12:MI:SS:MS PM'),'ALICIA VICTORIA SOSA GONZALEZ','BARRIO AGUACATICO',TO_TIMESTAMP('28-AUG-08 05.27.04.000000 AM','DD-Mon-YY HH12:MI:SS:MS AM'),'SKQJP82','PANTERAS-825');
INSERT INTO SOSPECHOSO VALUES('E43121850','MIRIAM VICTORIA SOSA LOPEZ',2543757);
INSERT INTO SE_DETIENE VALUES('E43121850','LEONES-798',TO_TIMESTAMP('12-OCT-08 04.50.16.000000 AM','DD-Mon-YY HH12:MI:SS:MS AM'));
INSERT INTO SE_DETIENE VALUES('E28171064','LEONES-798',TO_TIMESTAMP('12-OCT-08 04.50.16.000000 AM','DD-Mon-YY HH12:MI:SS:MS AM'));
INSERT INTO SE_DETIENE VALUES('V33486065','LEONES-798',TO_TIMESTAMP('12-OCT-08 04.50.16.000000 AM','DD-Mon-YY HH12:MI:SS:MS AM'));
INSERT INTO SE_DETIENE VALUES('E72761183','LEONES-798',TO_TIMESTAMP('12-OCT-08 04.50.16.000000 AM','DD-Mon-YY HH12:MI:SS:MS AM'));
INSERT INTO SE_DETIENE VALUES('E8762669','LEONES-798',TO_TIMESTAMP('12-OCT-08 04.50.16.000000 AM','DD-Mon-YY HH12:MI:SS:MS AM'));
INSERT INTO DETENCION VALUES('TIBURONES-870',TO_TIMESTAMP('11-SEP-08 04.05.02.000000 AM','DD-Mon-YY HH12:MI:SS:MS AM'),'URB EL BOSQUE');
INSERT INTO VEHICULO_ROBADO VALUES('PRWUD28','FORD','MICRO','1995','GRIS','TIBURONES-870',TO_TIMESTAMP('11-SEP-08 04.05.02.000000 AM','DD-Mon-YY HH12:MI:SS:MS AM'));
INSERT INTO DENUNCIA_ROBO VALUES('V38505651',TO_TIMESTAMP('09-AUG-08 01.54.31.000000 PM','DD-Mon-YY HH12:MI:SS:MS PM'),'LILIAN ESTHER SOSA GIRALDEZ','URB LOS CAOBOS',TO_TIMESTAMP('07-AUG-08 08.35.22.000000 AM','DD-Mon-YY HH12:MI:SS:MS AM'),'PRWUD28','ZORROS-775');
INSERT INTO SOSPECHOSO VALUES('E52499992','RAFAEL LUIS GOMEZ LOPEZ',9529032);
INSERT INTO SE_DETIENE VALUES('E52499992','TIBURONES-870',TO_TIMESTAMP('11-SEP-08 04.05.02.000000 AM','DD-Mon-YY HH12:MI:SS:MS AM'));
INSERT INTO SE_DETIENE VALUES('E54332266','TIBURONES-870',TO_TIMESTAMP('11-SEP-08 04.05.02.000000 AM','DD-Mon-YY HH12:MI:SS:MS AM'));
INSERT INTO SE_DETIENE VALUES('E88228181','TIBURONES-870',TO_TIMESTAMP('11-SEP-08 04.05.02.000000 AM','DD-Mon-YY HH12:MI:SS:MS AM'));
INSERT INTO SE_DETIENE VALUES('E54332266','TIBURONES-870',TO_TIMESTAMP('11-SEP-08 04.05.02.000000 AM','DD-Mon-YY HH12:MI:SS:MS AM'));
INSERT INTO SE_DETIENE VALUES('E54332266','TIBURONES-870',TO_TIMESTAMP('11-SEP-08 04.05.02.000000 AM','DD-Mon-YY HH12:MI:SS:MS AM'));
INSERT INTO SE_DETIENE VALUES('E72114586','TIBURONES-870',TO_TIMESTAMP('11-SEP-08 04.05.02.000000 AM','DD-Mon-YY HH12:MI:SS:MS AM'));
INSERT INTO SE_DETIENE VALUES('E27157964','TIBURONES-870',TO_TIMESTAMP('11-SEP-08 04.05.02.000000 AM','DD-Mon-YY HH12:MI:SS:MS AM'));
INSERT INTO DETENCION VALUES('OSOS-524',TO_TIMESTAMP('19-AUG-08 03.21.22.000000 AM','DD-Mon-YY HH12:MI:SS:MS AM'),'BARRIO ANAUCO');
INSERT INTO VEHICULO_ROBADO VALUES('QBW7708','MAZDA','PICKUP','2009','PLATA','OSOS-524',TO_TIMESTAMP('19-AUG-08 03.21.22.000000 AM','DD-Mon-YY HH12:MI:SS:MS AM'));
INSERT INTO DENUNCIA_ROBO VALUES('E14086840',TO_TIMESTAMP('17-AUG-08 02.45.50.000000 AM','DD-Mon-YY HH12:MI:SS:MS AM'),'RAFAEL FELIX PEREZ ALGARIN','URB COLINAS DE LOS CAOBOS',TO_TIMESTAMP('11-AUG-08 12.27.56.000000 AM','DD-Mon-YY HH12:MI:SS:MS AM'),'QBW7708','OSOS-401');
INSERT INTO SOSPECHOSO VALUES('E97640016','CAROLINA MARIA CASTILLO ALGARIN',2390001);
INSERT INTO SE_DETIENE VALUES('E97640016','OSOS-524',TO_TIMESTAMP('19-AUG-08 03.21.22.000000 AM','DD-Mon-YY HH12:MI:SS:MS AM'));
INSERT INTO SE_DETIENE VALUES('E11842475','OSOS-524',TO_TIMESTAMP('19-AUG-08 03.21.22.000000 AM','DD-Mon-YY HH12:MI:SS:MS AM'));
INSERT INTO SE_DETIENE VALUES('E7826048','OSOS-524',TO_TIMESTAMP('19-AUG-08 03.21.22.000000 AM','DD-Mon-YY HH12:MI:SS:MS AM'));
INSERT INTO SE_DETIENE VALUES('V97272367','OSOS-524',TO_TIMESTAMP('19-AUG-08 03.21.22.000000 AM','DD-Mon-YY HH12:MI:SS:MS AM'));
INSERT INTO DETENCION VALUES('ARACNIDOS-380',TO_TIMESTAMP('13-SEP-08 02.50.23.000000 AM','DD-Mon-YY HH12:MI:SS:MS AM'),'SAN AGUSTIN');
INSERT INTO VEHICULO_ROBADO VALUES('UT15523','DAEWOO','PICKUP','2008','DORADO','ARACNIDOS-380',TO_TIMESTAMP('13-SEP-08 02.50.23.000000 AM','DD-Mon-YY HH12:MI:SS:MS AM'));
INSERT INTO DENUNCIA_ROBO VALUES('V77146318',TO_TIMESTAMP('01-SEP-08 02.33.41.000000 AM','DD-Mon-YY HH12:MI:SS:MS AM'),'ISMAEL JOSE CASTILLO GALLEGOS','URB EL BOSQUE',TO_TIMESTAMP('26-AUG-08 05.53.16.000000 AM','DD-Mon-YY HH12:MI:SS:MS AM'),'UT15523','ARACNIDOS-904');
INSERT INTO SOSPECHOSO VALUES('V33885373','CARLOS EMILIO ADRIAN PEREZ',7489367);
INSERT INTO SE_DETIENE VALUES('V33885373','ARACNIDOS-380',TO_TIMESTAMP('13-SEP-08 02.50.23.000000 AM','DD-Mon-YY HH12:MI:SS:MS AM'));
INSERT INTO SE_DETIENE VALUES('E7826048','ARACNIDOS-380',TO_TIMESTAMP('13-SEP-08 02.50.23.000000 AM','DD-Mon-YY HH12:MI:SS:MS AM'));
INSERT INTO SE_DETIENE VALUES('E17892138','ARACNIDOS-380',TO_TIMESTAMP('13-SEP-08 02.50.23.000000 AM','DD-Mon-YY HH12:MI:SS:MS AM'));
INSERT INTO SE_DETIENE VALUES('E7826048','ARACNIDOS-380',TO_TIMESTAMP('13-SEP-08 02.50.23.000000 AM','DD-Mon-YY HH12:MI:SS:MS AM'));
INSERT INTO SE_DETIENE VALUES('E28171064','ARACNIDOS-380',TO_TIMESTAMP('13-SEP-08 02.50.23.000000 AM','DD-Mon-YY HH12:MI:SS:MS AM'));
INSERT INTO SE_DETIENE VALUES('E8762669','ARACNIDOS-380',TO_TIMESTAMP('13-SEP-08 02.50.23.000000 AM','DD-Mon-YY HH12:MI:SS:MS AM'));
INSERT INTO SE_DETIENE VALUES('E4202507','ARACNIDOS-380',TO_TIMESTAMP('13-SEP-08 02.50.23.000000 AM','DD-Mon-YY HH12:MI:SS:MS AM'));
INSERT INTO DETENCION VALUES('OSOS-401',TO_TIMESTAMP('30-SEP-08 01.18.05.000000 PM','DD-Mon-YY HH12:MI:SS:MS PM'),'SANTA MONICA');
INSERT INTO VEHICULO_ROBADO VALUES('MMHL641','SUSUKI','SEDAN','1996','VERDE','OSOS-401',TO_TIMESTAMP('30-SEP-08 01.18.05.000000 PM','DD-Mon-YY HH12:MI:SS:MS PM'));
INSERT INTO DENUNCIA_ROBO VALUES('V57180203',TO_TIMESTAMP('11-SEP-08 01.15.32.000000 PM','DD-Mon-YY HH12:MI:SS:MS PM'),'ISMAEL ESTEFANO MARQUEZ ALGARIN','BARRIO LAS ADJUNTAS',TO_TIMESTAMP('10-SEP-08 01.16.34.000000 AM','DD-Mon-YY HH12:MI:SS:MS AM'),'MMHL641','OSOS-389');
INSERT INTO SOSPECHOSO VALUES('V39363175','PEDRO BEJAMIN ADRIAN CASTILLO',7119135);
INSERT INTO SE_DETIENE VALUES('V39363175','OSOS-401',TO_TIMESTAMP('30-SEP-08 01.18.05.000000 PM','DD-Mon-YY HH12:MI:SS:MS PM'));
INSERT INTO SE_DETIENE VALUES('E67183842','OSOS-401',TO_TIMESTAMP('30-SEP-08 01.18.05.000000 PM','DD-Mon-YY HH12:MI:SS:MS PM'));
INSERT INTO SE_DETIENE VALUES('E11842475','OSOS-401',TO_TIMESTAMP('30-SEP-08 01.18.05.000000 PM','DD-Mon-YY HH12:MI:SS:MS PM'));
INSERT INTO SE_DETIENE VALUES('V15163962','OSOS-401',TO_TIMESTAMP('30-SEP-08 01.18.05.000000 PM','DD-Mon-YY HH12:MI:SS:MS PM'));
INSERT INTO SE_DETIENE VALUES('V33486065','OSOS-401',TO_TIMESTAMP('30-SEP-08 01.18.05.000000 PM','DD-Mon-YY HH12:MI:SS:MS PM'));
INSERT INTO DETENCION VALUES('ARACNIDOS-680',TO_TIMESTAMP('11-SEP-08 05.14.11.000000 PM','DD-Mon-YY HH12:MI:SS:MS PM'),'URB LOS GUAYABITOS');
INSERT INTO VEHICULO_ROBADO VALUES('YSCZR77','PORSCHE','MICRO','2000','VERDE','ARACNIDOS-680',TO_TIMESTAMP('11-SEP-08 05.14.11.000000 PM','DD-Mon-YY HH12:MI:SS:MS PM'));
INSERT INTO DENUNCIA_ROBO VALUES('V51029697',TO_TIMESTAMP('05-AUG-08 04.16.59.000000 PM','DD-Mon-YY HH12:MI:SS:MS PM'),'ADOLFO TOMAS PEREZ ALGARIN','VALLE ARRIBA',TO_TIMESTAMP('04-AUG-08 12.00.22.000000 AM','DD-Mon-YY HH12:MI:SS:MS AM'),'YSCZR77','TIBURONES-870');
INSERT INTO SOSPECHOSO VALUES('V7688932','VICTORIA ADRIANA PEREIRA LANDAETA',2103272);
INSERT INTO SE_DETIENE VALUES('V7688932','ARACNIDOS-680',TO_TIMESTAMP('11-SEP-08 05.14.11.000000 PM','DD-Mon-YY HH12:MI:SS:MS PM'));
INSERT INTO SE_DETIENE VALUES('E29499849','ARACNIDOS-680',TO_TIMESTAMP('11-SEP-08 05.14.11.000000 PM','DD-Mon-YY HH12:MI:SS:MS PM'));
INSERT INTO SE_DETIENE VALUES('E99844357','ARACNIDOS-680',TO_TIMESTAMP('11-SEP-08 05.14.11.000000 PM','DD-Mon-YY HH12:MI:SS:MS PM'));
INSERT INTO DETENCION VALUES('ARACNIDOS-680',TO_TIMESTAMP('12-OCT-08 02.01.44.000000 PM','DD-Mon-YY HH12:MI:SS:MS PM'),'PEREZ BONALDE');
INSERT INTO VEHICULO_ROBADO VALUES('GIMHOL2','PORSCHE','SEDAN','2006','AZUL','ARACNIDOS-680',TO_TIMESTAMP('12-OCT-08 02.01.44.000000 PM','DD-Mon-YY HH12:MI:SS:MS PM'));
INSERT INTO DENUNCIA_ROBO VALUES('E55129227',TO_TIMESTAMP('30-AUG-08 07.16.32.000000 AM','DD-Mon-YY HH12:MI:SS:MS AM'),'LILIAN ANDREINA GALLEGOS PARRA','VALLE ARRIBA',TO_TIMESTAMP('26-AUG-08 06.21.44.000000 AM','DD-Mon-YY HH12:MI:SS:MS AM'),'GIMHOL2','OSOS-773');
INSERT INTO SOSPECHOSO VALUES('V64690730','CRISTINA ESTHER PARRA ALGARIN',8641300);
INSERT INTO SE_DETIENE VALUES('V64690730','ARACNIDOS-680',TO_TIMESTAMP('12-OCT-08 02.01.44.000000 PM','DD-Mon-YY HH12:MI:SS:MS PM'));
INSERT INTO SE_DETIENE VALUES('E17892138','ARACNIDOS-680',TO_TIMESTAMP('12-OCT-08 02.01.44.000000 PM','DD-Mon-YY HH12:MI:SS:MS PM'));
INSERT INTO SE_DETIENE VALUES('E28171064','ARACNIDOS-680',TO_TIMESTAMP('12-OCT-08 02.01.44.000000 PM','DD-Mon-YY HH12:MI:SS:MS PM'));
INSERT INTO SE_DETIENE VALUES('E8762669','ARACNIDOS-680',TO_TIMESTAMP('12-OCT-08 02.01.44.000000 PM','DD-Mon-YY HH12:MI:SS:MS PM'));
INSERT INTO SE_DETIENE VALUES('E27157964','ARACNIDOS-680',TO_TIMESTAMP('12-OCT-08 02.01.44.000000 PM','DD-Mon-YY HH12:MI:SS:MS PM'));
INSERT INTO DETENCION VALUES('ZORROS-954',TO_TIMESTAMP('20-AUG-08 10.24.59.000000 AM','DD-Mon-YY HH12:MI:SS:MS AM'),'URB BELLO MONTE');
INSERT INTO VEHICULO_ROBADO VALUES('UH98918','CHEVROLET','PICKUP','2006','AMARILLO','ZORROS-954',TO_TIMESTAMP('20-AUG-08 10.24.59.000000 AM','DD-Mon-YY HH12:MI:SS:MS AM'));
INSERT INTO DENUNCIA_ROBO VALUES('V76800414',TO_TIMESTAMP('03-AUG-08 07.09.13.000000 PM','DD-Mon-YY HH12:MI:SS:MS PM'),'ALBERTO TOMAS GUERRA CASTILLO','URB CAMPO CLARO',TO_TIMESTAMP('30-JUL-08 09.31.48.000000 PM','DD-Mon-YY HH12:MI:SS:MS PM'),'UH98918','LEONES-136');
INSERT INTO SOSPECHOSO VALUES('V95188409','ISMAEL ESTEFANO FERRER SOSA',6014389);
INSERT INTO SE_DETIENE VALUES('V95188409','ZORROS-954',TO_TIMESTAMP('20-AUG-08 10.24.59.000000 AM','DD-Mon-YY HH12:MI:SS:MS AM'));
INSERT INTO SE_DETIENE VALUES('E28171064','ZORROS-954',TO_TIMESTAMP('20-AUG-08 10.24.59.000000 AM','DD-Mon-YY HH12:MI:SS:MS AM'));
INSERT INTO SE_DETIENE VALUES('E72761183','ZORROS-954',TO_TIMESTAMP('20-AUG-08 10.24.59.000000 AM','DD-Mon-YY HH12:MI:SS:MS AM'));
INSERT INTO SE_DETIENE VALUES('E29499849','ZORROS-954',TO_TIMESTAMP('20-AUG-08 10.24.59.000000 AM','DD-Mon-YY HH12:MI:SS:MS AM'));
INSERT INTO SE_DETIENE VALUES('V15163962','ZORROS-954',TO_TIMESTAMP('20-AUG-08 10.24.59.000000 AM','DD-Mon-YY HH12:MI:SS:MS AM'));
INSERT INTO SE_DETIENE VALUES('E8762669','ZORROS-954',TO_TIMESTAMP('20-AUG-08 10.24.59.000000 AM','DD-Mon-YY HH12:MI:SS:MS AM'));
INSERT INTO SE_DETIENE VALUES('E36229665','ZORROS-954',TO_TIMESTAMP('20-AUG-08 10.24.59.000000 AM','DD-Mon-YY HH12:MI:SS:MS AM'));
INSERT INTO DETENCION VALUES('OSOS-529',TO_TIMESTAMP('11-OCT-08 05.39.05.000000 AM','DD-Mon-YY HH12:MI:SS:MS AM'),'PARAISO');
INSERT INTO VEHICULO_ROBADO VALUES('LKR8488','AUDI','MICRO','2006','BLANCO','OSOS-529',TO_TIMESTAMP('11-OCT-08 05.39.05.000000 AM','DD-Mon-YY HH12:MI:SS:MS AM'));
INSERT INTO DENUNCIA_ROBO VALUES('V17216943',TO_TIMESTAMP('07-SEP-08 07.56.19.000000 AM','DD-Mon-YY HH12:MI:SS:MS AM'),'ANGELA TERESA GALLEGOS LANDAETA','BARRIO LAS ADJUNTAS',TO_TIMESTAMP('01-SEP-08 07.02.37.000000 PM','DD-Mon-YY HH12:MI:SS:MS PM'),'LKR8488','TRIGRES-296');
INSERT INTO SOSPECHOSO VALUES('V22571801','MONICA ANGELA SOSA PEREZ',6527235);
INSERT INTO SE_DETIENE VALUES('V22571801','OSOS-529',TO_TIMESTAMP('11-OCT-08 05.39.05.000000 AM','DD-Mon-YY HH12:MI:SS:MS AM'));
INSERT INTO SE_DETIENE VALUES('V20657353','OSOS-529',TO_TIMESTAMP('11-OCT-08 05.39.05.000000 AM','DD-Mon-YY HH12:MI:SS:MS AM'));
INSERT INTO SE_DETIENE VALUES('E67183842','OSOS-529',TO_TIMESTAMP('11-OCT-08 05.39.05.000000 AM','DD-Mon-YY HH12:MI:SS:MS AM'));
INSERT INTO SE_DETIENE VALUES('E92876896','OSOS-529',TO_TIMESTAMP('11-OCT-08 05.39.05.000000 AM','DD-Mon-YY HH12:MI:SS:MS AM'));
INSERT INTO DETENCION VALUES('PANTERAS-825',TO_TIMESTAMP('21-SEP-08 08.16.07.000000 PM','DD-Mon-YY HH12:MI:SS:MS PM'),'LA CANDELARIA');
INSERT INTO VEHICULO_ROBADO VALUES('WFTBH78','BMW','FURGONETA','1993','AZUL','PANTERAS-825',TO_TIMESTAMP('21-SEP-08 08.16.07.000000 PM','DD-Mon-YY HH12:MI:SS:MS PM'));
INSERT INTO DENUNCIA_ROBO VALUES('V41149970',TO_TIMESTAMP('14-AUG-08 06.09.18.000000 PM','DD-Mon-YY HH12:MI:SS:MS PM'),'PEDRO EMILIO FERNADEZ MENDOZA','BARRIO COTIZA',TO_TIMESTAMP('08-AUG-08 12.17.10.000000 AM','DD-Mon-YY HH12:MI:SS:MS AM'),'WFTBH78','TIBURONES-293');
INSERT INTO SOSPECHOSO VALUES('E66421894','CECILIA ROSA FERNADEZ ALGARIN',3880071);
INSERT INTO SE_DETIENE VALUES('E66421894','PANTERAS-825',TO_TIMESTAMP('21-SEP-08 08.16.07.000000 PM','DD-Mon-YY HH12:MI:SS:MS PM'));
INSERT INTO SE_DETIENE VALUES('V15163962','PANTERAS-825',TO_TIMESTAMP('21-SEP-08 08.16.07.000000 PM','DD-Mon-YY HH12:MI:SS:MS PM'));
INSERT INTO DETENCION VALUES('LEONES-560',TO_TIMESTAMP('20-SEP-08 03.56.04.000000 PM','DD-Mon-YY HH12:MI:SS:MS PM'),'BARRIO EL TRIANGULO LA VEGA');
INSERT INTO VEHICULO_ROBADO VALUES('UJMC210','AUDI','PICKUP','1997','AZUL','LEONES-560',TO_TIMESTAMP('20-SEP-08 03.56.04.000000 PM','DD-Mon-YY HH12:MI:SS:MS PM'));
INSERT INTO DENUNCIA_ROBO VALUES('V86262422',TO_TIMESTAMP('09-SEP-08 12.44.01.000000 AM','DD-Mon-YY HH12:MI:SS:MS AM'),'RICARDO TOMAS PEREZ GUERRA','BARRIO CORTADA DE CATIA',TO_TIMESTAMP('02-SEP-08 08.46.30.000000 PM','DD-Mon-YY HH12:MI:SS:MS PM'),'UJMC210','TIBURONES-224');
INSERT INTO SOSPECHOSO VALUES('E69576350','ISMAEL RICARDO FERNADEZ PEREIRA',6976669);
INSERT INTO SE_DETIENE VALUES('E69576350','LEONES-560',TO_TIMESTAMP('20-SEP-08 03.56.04.000000 PM','DD-Mon-YY HH12:MI:SS:MS PM'));
INSERT INTO SE_DETIENE VALUES('E12104514','LEONES-560',TO_TIMESTAMP('20-SEP-08 03.56.04.000000 PM','DD-Mon-YY HH12:MI:SS:MS PM'));
INSERT INTO DETENCION VALUES('ZORROS-955',TO_TIMESTAMP('27-SEP-08 01.57.12.000000 AM','DD-Mon-YY HH12:MI:SS:MS AM'),'URB ALTA FLORIDA');
INSERT INTO VEHICULO_ROBADO VALUES('ME14666','HYUNDAI','PICKUP','1992','BLANCO','ZORROS-955',TO_TIMESTAMP('27-SEP-08 01.57.12.000000 AM','DD-Mon-YY HH12:MI:SS:MS AM'));
INSERT INTO DENUNCIA_ROBO VALUES('V52975166',TO_TIMESTAMP('19-AUG-08 02.09.24.000000 PM','DD-Mon-YY HH12:MI:SS:MS PM'),'FELIX ADOLFO PARRA SOSA','PARAISO',TO_TIMESTAMP('13-AUG-08 02.04.19.000000 AM','DD-Mon-YY HH12:MI:SS:MS AM'),'ME14666','ARACNIDOS-117');
INSERT INTO SOSPECHOSO VALUES('E96545094','RICARDO EDUARDO ALGARIN GONZALEZ',9902069);
INSERT INTO SE_DETIENE VALUES('E96545094','ZORROS-955',TO_TIMESTAMP('27-SEP-08 01.57.12.000000 AM','DD-Mon-YY HH12:MI:SS:MS AM'));
INSERT INTO SE_DETIENE VALUES('E36229665','ZORROS-955',TO_TIMESTAMP('27-SEP-08 01.57.12.000000 AM','DD-Mon-YY HH12:MI:SS:MS AM'));
INSERT INTO SE_DETIENE VALUES('E67183842','ZORROS-955',TO_TIMESTAMP('27-SEP-08 01.57.12.000000 AM','DD-Mon-YY HH12:MI:SS:MS AM'));
INSERT INTO SE_DETIENE VALUES('E99844357','ZORROS-955',TO_TIMESTAMP('27-SEP-08 01.57.12.000000 AM','DD-Mon-YY HH12:MI:SS:MS AM'));
INSERT INTO SE_DETIENE VALUES('E72114586','ZORROS-955',TO_TIMESTAMP('27-SEP-08 01.57.12.000000 AM','DD-Mon-YY HH12:MI:SS:MS AM'));
INSERT INTO DETENCION VALUES('OSOS-524',TO_TIMESTAMP('20-SEP-08 12.28.24.000000 PM','DD-Mon-YY HH12:MI:SS:MS PM'),'PLAZA VENEZUELA');
INSERT INTO VEHICULO_ROBADO VALUES('P357142','TOYOTA','SEDAN','1992','NARANJA','OSOS-524',TO_TIMESTAMP('20-SEP-08 12.28.24.000000 PM','DD-Mon-YY HH12:MI:SS:MS PM'));
INSERT INTO DENUNCIA_ROBO VALUES('V83480536',TO_TIMESTAMP('11-SEP-08 03.11.44.000000 PM','DD-Mon-YY HH12:MI:SS:MS PM'),'FELIX EMILIO ZAMBRANO MARQUEZ','BARRIO LA LAGUNITA',TO_TIMESTAMP('07-SEP-08 01.21.52.000000 PM','DD-Mon-YY HH12:MI:SS:MS PM'),'P357142','ZORROS-775');
INSERT INTO SOSPECHOSO VALUES('E60599388','LILIAN MARISOL ALGARIN GIRALDEZ',1260625);
INSERT INTO SE_DETIENE VALUES('E60599388','OSOS-524',TO_TIMESTAMP('20-SEP-08 12.28.24.000000 PM','DD-Mon-YY HH12:MI:SS:MS PM'));
INSERT INTO SE_DETIENE VALUES('E88228181','OSOS-524',TO_TIMESTAMP('20-SEP-08 12.28.24.000000 PM','DD-Mon-YY HH12:MI:SS:MS PM'));
INSERT INTO SE_DETIENE VALUES('E72114586','OSOS-524',TO_TIMESTAMP('20-SEP-08 12.28.24.000000 PM','DD-Mon-YY HH12:MI:SS:MS PM'));
INSERT INTO SE_DETIENE VALUES('E42844779','OSOS-524',TO_TIMESTAMP('20-SEP-08 12.28.24.000000 PM','DD-Mon-YY HH12:MI:SS:MS PM'));
INSERT INTO SE_DETIENE VALUES('V15163962','OSOS-524',TO_TIMESTAMP('20-SEP-08 12.28.24.000000 PM','DD-Mon-YY HH12:MI:SS:MS PM'));
INSERT INTO DETENCION VALUES('OSOS-389',TO_TIMESTAMP('14-SEP-08 12.34.00.000000 PM','DD-Mon-YY HH12:MI:SS:MS PM'),'CAFETAL');
INSERT INTO VEHICULO_ROBADO VALUES('IRBD884','NISSAN','FURGONETA','2006','GRIS','OSOS-389',TO_TIMESTAMP('14-SEP-08 12.34.00.000000 PM','DD-Mon-YY HH12:MI:SS:MS PM'));
INSERT INTO DENUNCIA_ROBO VALUES('V74614470',TO_TIMESTAMP('12-AUG-08 08.59.27.000000 AM','DD-Mon-YY HH12:MI:SS:MS AM'),'ALICIA ANGELA GIRALDEZ PEREIRA','URB LOS CAMPITOS',TO_TIMESTAMP('09-AUG-08 12.48.07.000000 PM','DD-Mon-YY HH12:MI:SS:MS PM'),'IRBD884','TRIGRES-517');
INSERT INTO SOSPECHOSO VALUES('E48865477','CARMEN MARISOL SOSA LOPEZ',8077341);
INSERT INTO SE_DETIENE VALUES('E48865477','OSOS-389',TO_TIMESTAMP('14-SEP-08 12.34.00.000000 PM','DD-Mon-YY HH12:MI:SS:MS PM'));
INSERT INTO SE_DETIENE VALUES('V16481829','OSOS-389',TO_TIMESTAMP('14-SEP-08 12.34.00.000000 PM','DD-Mon-YY HH12:MI:SS:MS PM'));
INSERT INTO SE_DETIENE VALUES('E87321506','OSOS-389',TO_TIMESTAMP('14-SEP-08 12.34.00.000000 PM','DD-Mon-YY HH12:MI:SS:MS PM'));
INSERT INTO SE_DETIENE VALUES('V47381153','OSOS-389',TO_TIMESTAMP('14-SEP-08 12.34.00.000000 PM','DD-Mon-YY HH12:MI:SS:MS PM'));
INSERT INTO SE_DETIENE VALUES('E36229665','OSOS-389',TO_TIMESTAMP('14-SEP-08 12.34.00.000000 PM','DD-Mon-YY HH12:MI:SS:MS PM'));
INSERT INTO DETENCION VALUES('TRIGRES-991',TO_TIMESTAMP('09-OCT-08 10.56.06.000000 AM','DD-Mon-YY HH12:MI:SS:MS AM'),'BARRIO AGUA AMARILLA');
INSERT INTO VEHICULO_ROBADO VALUES('MEKXWY2','DODGE','SEDAN','2001','PLATA','TRIGRES-991',TO_TIMESTAMP('09-OCT-08 10.56.06.000000 AM','DD-Mon-YY HH12:MI:SS:MS AM'));
INSERT INTO DENUNCIA_ROBO VALUES('V59470225',TO_TIMESTAMP('01-SEP-08 05.14.52.000000 AM','DD-Mon-YY HH12:MI:SS:MS AM'),'GUILLERMO DAVID GUERRA GIRALDEZ','LA CANDELARIA',TO_TIMESTAMP('31-AUG-08 12.13.18.000000 AM','DD-Mon-YY HH12:MI:SS:MS AM'),'MEKXWY2','TRIGRES-206');
INSERT INTO SOSPECHOSO VALUES('E66281235','ANDREINA CARMEN FERNADEZ ALGARIN',4265062);
INSERT INTO SE_DETIENE VALUES('E66281235','TRIGRES-991',TO_TIMESTAMP('09-OCT-08 10.56.06.000000 AM','DD-Mon-YY HH12:MI:SS:MS AM'));
INSERT INTO SE_DETIENE VALUES('E28171064','TRIGRES-991',TO_TIMESTAMP('09-OCT-08 10.56.06.000000 AM','DD-Mon-YY HH12:MI:SS:MS AM'));
INSERT INTO SE_DETIENE VALUES('V97272367','TRIGRES-991',TO_TIMESTAMP('09-OCT-08 10.56.06.000000 AM','DD-Mon-YY HH12:MI:SS:MS AM'));
INSERT INTO SE_DETIENE VALUES('E67566095','TRIGRES-991',TO_TIMESTAMP('09-OCT-08 10.56.06.000000 AM','DD-Mon-YY HH12:MI:SS:MS AM'));
INSERT INTO SE_DETIENE VALUES('E92876896','TRIGRES-991',TO_TIMESTAMP('09-OCT-08 10.56.06.000000 AM','DD-Mon-YY HH12:MI:SS:MS AM'));
INSERT INTO DETENCION VALUES('TIBURONES-794',TO_TIMESTAMP('28-SEP-08 12.53.09.000000 AM','DD-Mon-YY HH12:MI:SS:MS AM'),'CANDELARIA');
INSERT INTO VEHICULO_ROBADO VALUES('IRKTX27','LAND ROVER','PICKUP','2005','NARANJA','TIBURONES-794',TO_TIMESTAMP('28-SEP-08 12.53.09.000000 AM','DD-Mon-YY HH12:MI:SS:MS AM'));
INSERT INTO DENUNCIA_ROBO VALUES('E10227046',TO_TIMESTAMP('26-AUG-08 06.45.43.000000 PM','DD-Mon-YY HH12:MI:SS:MS PM'),'FELIX RAFAEL FERRER GALLEGOS','URB LOS CAOBOS',TO_TIMESTAMP('21-AUG-08 02.16.20.000000 AM','DD-Mon-YY HH12:MI:SS:MS AM'),'IRKTX27','OSOS-577');
INSERT INTO SOSPECHOSO VALUES('E12307673','TERESA ELENA FERNADEZ GALLEGOS',2676274);
INSERT INTO SE_DETIENE VALUES('E12307673','TIBURONES-794',TO_TIMESTAMP('28-SEP-08 12.53.09.000000 AM','DD-Mon-YY HH12:MI:SS:MS AM'));
INSERT INTO SE_DETIENE VALUES('E72761183','TIBURONES-794',TO_TIMESTAMP('28-SEP-08 12.53.09.000000 AM','DD-Mon-YY HH12:MI:SS:MS AM'));
INSERT INTO SE_DETIENE VALUES('E36229665','TIBURONES-794',TO_TIMESTAMP('28-SEP-08 12.53.09.000000 AM','DD-Mon-YY HH12:MI:SS:MS AM'));
INSERT INTO SE_DETIENE VALUES('V16594596','TIBURONES-794',TO_TIMESTAMP('28-SEP-08 12.53.09.000000 AM','DD-Mon-YY HH12:MI:SS:MS AM'));
INSERT INTO SE_DETIENE VALUES('V16481829','TIBURONES-794',TO_TIMESTAMP('28-SEP-08 12.53.09.000000 AM','DD-Mon-YY HH12:MI:SS:MS AM'));
INSERT INTO DETENCION VALUES('OSOS-331',TO_TIMESTAMP('13-SEP-08 09.47.26.000000 AM','DD-Mon-YY HH12:MI:SS:MS AM'),'SABANA GRANDE');
INSERT INTO VEHICULO_ROBADO VALUES('NUX8287','CHRYSLER','DEPORTIVO','2000','AZUL','OSOS-331',TO_TIMESTAMP('13-SEP-08 09.47.26.000000 AM','DD-Mon-YY HH12:MI:SS:MS AM'));
INSERT INTO DENUNCIA_ROBO VALUES('E32731729',TO_TIMESTAMP('15-AUG-08 12.26.19.000000 AM','DD-Mon-YY HH12:MI:SS:MS AM'),'ROSA LILIAN PARRA GUERRA','BARRIO ANDRES BELLO',TO_TIMESTAMP('13-AUG-08 04.03.52.000000 AM','DD-Mon-YY HH12:MI:SS:MS AM'),'NUX8287','PANTERAS-825');
INSERT INTO SOSPECHOSO VALUES('E35319675','ALICIA ELENA ADRIAN TIRADO',9753774);
INSERT INTO SE_DETIENE VALUES('E35319675','OSOS-331',TO_TIMESTAMP('13-SEP-08 09.47.26.000000 AM','DD-Mon-YY HH12:MI:SS:MS AM'));
INSERT INTO SE_DETIENE VALUES('E7573923','OSOS-331',TO_TIMESTAMP('13-SEP-08 09.47.26.000000 AM','DD-Mon-YY HH12:MI:SS:MS AM'));
INSERT INTO SE_DETIENE VALUES('E72114586','OSOS-331',TO_TIMESTAMP('13-SEP-08 09.47.26.000000 AM','DD-Mon-YY HH12:MI:SS:MS AM'));
INSERT INTO DETENCION VALUES('ZORROS-954',TO_TIMESTAMP('06-SEP-08 06.45.40.000000 PM','DD-Mon-YY HH12:MI:SS:MS PM'),'SARRIA');
INSERT INTO VEHICULO_ROBADO VALUES('FP80314','CITROEN','CAMIONETA','2007','ROJO','ZORROS-954',TO_TIMESTAMP('06-SEP-08 06.45.40.000000 PM','DD-Mon-YY HH12:MI:SS:MS PM'));
INSERT INTO DENUNCIA_ROBO VALUES('V35001854',TO_TIMESTAMP('01-SEP-08 08.09.13.000000 PM','DD-Mon-YY HH12:MI:SS:MS PM'),'RICARDO FELIPE GONZALEZ GUERRERO','BARRIO CARAPITA',TO_TIMESTAMP('30-AUG-08 10.16.55.000000 AM','DD-Mon-YY HH12:MI:SS:MS AM'),'FP80314','OSOS-783');
INSERT INTO SOSPECHOSO VALUES('E2377219','ANDREINA ALICIA ADRIAN PARRA',7834510);
INSERT INTO SE_DETIENE VALUES('E2377219','ZORROS-954',TO_TIMESTAMP('06-SEP-08 06.45.40.000000 PM','DD-Mon-YY HH12:MI:SS:MS PM'));
INSERT INTO SE_DETIENE VALUES('E12104514','ZORROS-954',TO_TIMESTAMP('06-SEP-08 06.45.40.000000 PM','DD-Mon-YY HH12:MI:SS:MS PM'));
INSERT INTO SE_DETIENE VALUES('E88228181','ZORROS-954',TO_TIMESTAMP('06-SEP-08 06.45.40.000000 PM','DD-Mon-YY HH12:MI:SS:MS PM'));
INSERT INTO SE_DETIENE VALUES('E99792858','ZORROS-954',TO_TIMESTAMP('06-SEP-08 06.45.40.000000 PM','DD-Mon-YY HH12:MI:SS:MS PM'));
INSERT INTO SE_DETIENE VALUES('V97272367','ZORROS-954',TO_TIMESTAMP('06-SEP-08 06.45.40.000000 PM','DD-Mon-YY HH12:MI:SS:MS PM'));
INSERT INTO DETENCION VALUES('ARACNIDOS-380',TO_TIMESTAMP('16-OCT-08 01.44.34.000000 AM','DD-Mon-YY HH12:MI:SS:MS AM'),'BARRIO LA LAGUNITA');
INSERT INTO VEHICULO_ROBADO VALUES('XTH8952','BMW','MICRO','2008','CAFE','ARACNIDOS-380',TO_TIMESTAMP('16-OCT-08 01.44.34.000000 AM','DD-Mon-YY HH12:MI:SS:MS AM'));
INSERT INTO DENUNCIA_ROBO VALUES('V54488133',TO_TIMESTAMP('03-SEP-08 05.26.36.000000 AM','DD-Mon-YY HH12:MI:SS:MS AM'),'ISMAEL RICARDO LOPEZ TORRES','BARRIO LAS ADJUNTAS',TO_TIMESTAMP('30-AUG-08 11.47.31.000000 PM','DD-Mon-YY HH12:MI:SS:MS PM'),'XTH8952','OSOS-401');
INSERT INTO SOSPECHOSO VALUES('V24501117','EDUARDO ADOLFO ALGARIN GIRALDEZ',9612000);
INSERT INTO SE_DETIENE VALUES('V24501117','ARACNIDOS-380',TO_TIMESTAMP('16-OCT-08 01.44.34.000000 AM','DD-Mon-YY HH12:MI:SS:MS AM'));
INSERT INTO SE_DETIENE VALUES('E11842475','ARACNIDOS-380',TO_TIMESTAMP('16-OCT-08 01.44.34.000000 AM','DD-Mon-YY HH12:MI:SS:MS AM'));
INSERT INTO SE_DETIENE VALUES('E12104514','ARACNIDOS-380',TO_TIMESTAMP('16-OCT-08 01.44.34.000000 AM','DD-Mon-YY HH12:MI:SS:MS AM'));
INSERT INTO SE_DETIENE VALUES('E88228181','ARACNIDOS-380',TO_TIMESTAMP('16-OCT-08 01.44.34.000000 AM','DD-Mon-YY HH12:MI:SS:MS AM'));
INSERT INTO SE_DETIENE VALUES('E36229665','ARACNIDOS-380',TO_TIMESTAMP('16-OCT-08 01.44.34.000000 AM','DD-Mon-YY HH12:MI:SS:MS AM'));
INSERT INTO SE_DETIENE VALUES('V47381153','ARACNIDOS-380',TO_TIMESTAMP('16-OCT-08 01.44.34.000000 AM','DD-Mon-YY HH12:MI:SS:MS AM'));
INSERT INTO DETENCION VALUES('AGUILAS-556',TO_TIMESTAMP('17-SEP-08 08.47.44.000000 AM','DD-Mon-YY HH12:MI:SS:MS AM'),'BARRIO LA BANDERA');
INSERT INTO VEHICULO_ROBADO VALUES('F524287','NISSAN','DEPORTIVO','1999','CAFE','AGUILAS-556',TO_TIMESTAMP('17-SEP-08 08.47.44.000000 AM','DD-Mon-YY HH12:MI:SS:MS AM'));
INSERT INTO DENUNCIA_ROBO VALUES('V92136553',TO_TIMESTAMP('09-SEP-08 08.43.02.000000 AM','DD-Mon-YY HH12:MI:SS:MS AM'),'CECILIA MARISOL TORRES PEREZ','BARRIO ANDRES ELOY BLANCO',TO_TIMESTAMP('03-SEP-08 03.52.50.000000 AM','DD-Mon-YY HH12:MI:SS:MS AM'),'F524287','AGUILAS-556');
INSERT INTO SOSPECHOSO VALUES('E79424942','FELIX RAFAEL GARCIA FERRER',5062201);
INSERT INTO SE_DETIENE VALUES('E79424942','AGUILAS-556',TO_TIMESTAMP('17-SEP-08 08.47.44.000000 AM','DD-Mon-YY HH12:MI:SS:MS AM'));
INSERT INTO SE_DETIENE VALUES('E72761183','AGUILAS-556',TO_TIMESTAMP('17-SEP-08 08.47.44.000000 AM','DD-Mon-YY HH12:MI:SS:MS AM'));
INSERT INTO SE_DETIENE VALUES('V47381153','AGUILAS-556',TO_TIMESTAMP('17-SEP-08 08.47.44.000000 AM','DD-Mon-YY HH12:MI:SS:MS AM'));
INSERT INTO SE_DETIENE VALUES('E92876896','AGUILAS-556',TO_TIMESTAMP('17-SEP-08 08.47.44.000000 AM','DD-Mon-YY HH12:MI:SS:MS AM'));
INSERT INTO DETENCION VALUES('TIBURONES-870',TO_TIMESTAMP('03-SEP-08 04.42.50.000000 PM','DD-Mon-YY HH12:MI:SS:MS PM'),'BARRIO LA LAGUNITA');
INSERT INTO VEHICULO_ROBADO VALUES('YJKSB67','BMW','MICRO','1994','BLANCO','TIBURONES-870',TO_TIMESTAMP('03-SEP-08 04.42.50.000000 PM','DD-Mon-YY HH12:MI:SS:MS PM'));
INSERT INTO DENUNCIA_ROBO VALUES('E29466707',TO_TIMESTAMP('03-SEP-08 01.49.48.000000 PM','DD-Mon-YY HH12:MI:SS:MS PM'),'TERESA ESTHER FERRER PEREIRA','URB COLINAS DE LOS CHAGUARAMOS',TO_TIMESTAMP('30-AUG-08 01.14.11.000000 AM','DD-Mon-YY HH12:MI:SS:MS AM'),'YJKSB67','TIBURONES-377');
INSERT INTO SOSPECHOSO VALUES('E75887984','VICTORIA ALICIA GARCIA FERRER',8010558);
INSERT INTO SE_DETIENE VALUES('E75887984','TIBURONES-870',TO_TIMESTAMP('03-SEP-08 04.42.50.000000 PM','DD-Mon-YY HH12:MI:SS:MS PM'));
INSERT INTO SE_DETIENE VALUES('V33486065','TIBURONES-870',TO_TIMESTAMP('03-SEP-08 04.42.50.000000 PM','DD-Mon-YY HH12:MI:SS:MS PM'));
INSERT INTO SE_DETIENE VALUES('E72761183','TIBURONES-870',TO_TIMESTAMP('03-SEP-08 04.42.50.000000 PM','DD-Mon-YY HH12:MI:SS:MS PM'));
INSERT INTO DETENCION VALUES('OSOS-401',TO_TIMESTAMP('21-SEP-08 01.18.03.000000 AM','DD-Mon-YY HH12:MI:SS:MS AM'),'BARRIO LAS MAYAS');
INSERT INTO VEHICULO_ROBADO VALUES('AB63260','SUSUKI','FURGONETA','2001','BLANCO','OSOS-401',TO_TIMESTAMP('21-SEP-08 01.18.03.000000 AM','DD-Mon-YY HH12:MI:SS:MS AM'));
INSERT INTO DENUNCIA_ROBO VALUES('E68473460',TO_TIMESTAMP('04-SEP-08 06.20.32.000000 AM','DD-Mon-YY HH12:MI:SS:MS AM'),'ANGELA ADRIANA GALLEGOS PARRA','URDANETA',TO_TIMESTAMP('03-SEP-08 04.23.06.000000 AM','DD-Mon-YY HH12:MI:SS:MS AM'),'AB63260','AGUILAS-700');
INSERT INTO SOSPECHOSO VALUES('E51505480','JESUS RICARDO GALLEGOS FERRER',1513662);
INSERT INTO SE_DETIENE VALUES('E51505480','OSOS-401',TO_TIMESTAMP('21-SEP-08 01.18.03.000000 AM','DD-Mon-YY HH12:MI:SS:MS AM'));
INSERT INTO SE_DETIENE VALUES('E12104514','OSOS-401',TO_TIMESTAMP('21-SEP-08 01.18.03.000000 AM','DD-Mon-YY HH12:MI:SS:MS AM'));
INSERT INTO SE_DETIENE VALUES('E36229665','OSOS-401',TO_TIMESTAMP('21-SEP-08 01.18.03.000000 AM','DD-Mon-YY HH12:MI:SS:MS AM'));
INSERT INTO SE_DETIENE VALUES('E72114586','OSOS-401',TO_TIMESTAMP('21-SEP-08 01.18.03.000000 AM','DD-Mon-YY HH12:MI:SS:MS AM'));
INSERT INTO DETENCION VALUES('LEONES-848',TO_TIMESTAMP('23-SEP-08 05.28.31.000000 AM','DD-Mon-YY HH12:MI:SS:MS AM'),'BARRIO AGUACATICO');
INSERT INTO VEHICULO_ROBADO VALUES('KIDJM52','SUSUKI','FURGONETA','2004','ROJO','LEONES-848',TO_TIMESTAMP('23-SEP-08 05.28.31.000000 AM','DD-Mon-YY HH12:MI:SS:MS AM'));
INSERT INTO DENUNCIA_ROBO VALUES('V8853120',TO_TIMESTAMP('21-AUG-08 06.59.03.000000 AM','DD-Mon-YY HH12:MI:SS:MS AM'),'CARLOS LEONARDO FERRER TORRES','BARRIO AGUACATICO',TO_TIMESTAMP('21-AUG-08 12.02.23.000000 AM','DD-Mon-YY HH12:MI:SS:MS AM'),'KIDJM52','LEONES-560');
INSERT INTO SOSPECHOSO VALUES('V90326938','ANGELICA CRISTINA GIRALDEZ ALGARIN',6987553);
INSERT INTO SE_DETIENE VALUES('V90326938','LEONES-848',TO_TIMESTAMP('23-SEP-08 05.28.31.000000 AM','DD-Mon-YY HH12:MI:SS:MS AM'));
INSERT INTO SE_DETIENE VALUES('E8762669','LEONES-848',TO_TIMESTAMP('23-SEP-08 05.28.31.000000 AM','DD-Mon-YY HH12:MI:SS:MS AM'));
INSERT INTO SE_DETIENE VALUES('E7826048','LEONES-848',TO_TIMESTAMP('23-SEP-08 05.28.31.000000 AM','DD-Mon-YY HH12:MI:SS:MS AM'));
INSERT INTO DETENCION VALUES('PANTERAS-456',TO_TIMESTAMP('23-SEP-08 12.18.14.000000 AM','DD-Mon-YY HH12:MI:SS:MS AM'),'URB CHACAITO');
INSERT INTO VEHICULO_ROBADO VALUES('GXXY279','MAZDA','PICKUP','2001','CAFE','PANTERAS-456',TO_TIMESTAMP('23-SEP-08 12.18.14.000000 AM','DD-Mon-YY HH12:MI:SS:MS AM'));
INSERT INTO DENUNCIA_ROBO VALUES('V7563113',TO_TIMESTAMP('16-SEP-08 05.58.39.000000 AM','DD-Mon-YY HH12:MI:SS:MS AM'),'BEJAMIN EDUARDO FERNADEZ GUERRA','PLAZA VENEZUELA',TO_TIMESTAMP('13-SEP-08 02.27.59.000000 AM','DD-Mon-YY HH12:MI:SS:MS AM'),'GXXY279','ARACNIDOS-749');
INSERT INTO SOSPECHOSO VALUES('E78532222','LEONARDO LUIS LANDAETA GUERRA',2728707);
INSERT INTO SE_DETIENE VALUES('E78532222','PANTERAS-456',TO_TIMESTAMP('23-SEP-08 12.18.14.000000 AM','DD-Mon-YY HH12:MI:SS:MS AM'));
INSERT INTO SE_DETIENE VALUES('V15163962','PANTERAS-456',TO_TIMESTAMP('23-SEP-08 12.18.14.000000 AM','DD-Mon-YY HH12:MI:SS:MS AM'));
INSERT INTO SE_DETIENE VALUES('V16481829','PANTERAS-456',TO_TIMESTAMP('23-SEP-08 12.18.14.000000 AM','DD-Mon-YY HH12:MI:SS:MS AM'));
INSERT INTO SE_DETIENE VALUES('E72761183','PANTERAS-456',TO_TIMESTAMP('23-SEP-08 12.18.14.000000 AM','DD-Mon-YY HH12:MI:SS:MS AM'));
INSERT INTO SE_DETIENE VALUES('E92876896','PANTERAS-456',TO_TIMESTAMP('23-SEP-08 12.18.14.000000 AM','DD-Mon-YY HH12:MI:SS:MS AM'));
INSERT INTO DETENCION VALUES('TIBURONES-794',TO_TIMESTAMP('24-SEP-08 09.11.48.000000 AM','DD-Mon-YY HH12:MI:SS:MS AM'),'VALLE ALTO');
INSERT INTO VEHICULO_ROBADO VALUES('AZSQYA7','PEUGOT','PICKUP','2008','PLATA','TIBURONES-794',TO_TIMESTAMP('24-SEP-08 09.11.48.000000 AM','DD-Mon-YY HH12:MI:SS:MS AM'));
INSERT INTO DENUNCIA_ROBO VALUES('E47712021',TO_TIMESTAMP('14-SEP-08 12.06.48.000000 PM','DD-Mon-YY HH12:MI:SS:MS PM'),'ANA ANDREINA LANDAETA GOMEZ','BARRIO ANDRES ELOY BLANCO',TO_TIMESTAMP('10-SEP-08 03.20.31.000000 PM','DD-Mon-YY HH12:MI:SS:MS PM'),'AZSQYA7','PANTERAS-499');
INSERT INTO SOSPECHOSO VALUES('V5261941','CECILIA MARISOL SOSA CASTILLO',7903699);
INSERT INTO SE_DETIENE VALUES('V5261941','TIBURONES-794',TO_TIMESTAMP('24-SEP-08 09.11.48.000000 AM','DD-Mon-YY HH12:MI:SS:MS AM'));
INSERT INTO SE_DETIENE VALUES('E11842475','TIBURONES-794',TO_TIMESTAMP('24-SEP-08 09.11.48.000000 AM','DD-Mon-YY HH12:MI:SS:MS AM'));
INSERT INTO DETENCION VALUES('OSOS-719',TO_TIMESTAMP('16-AUG-08 11.34.41.000000 AM','DD-Mon-YY HH12:MI:SS:MS AM'),'CAFETAL');
INSERT INTO VEHICULO_ROBADO VALUES('JPRJNW2','LAND ROVER','DEPORTIVO','2001','BLANCO','OSOS-719',TO_TIMESTAMP('16-AUG-08 11.34.41.000000 AM','DD-Mon-YY HH12:MI:SS:MS AM'));
INSERT INTO DENUNCIA_ROBO VALUES('E8311216',TO_TIMESTAMP('10-AUG-08 12.50.45.000000 PM','DD-Mon-YY HH12:MI:SS:MS PM'),'CECILIA MARISOL GIRALDEZ TORRES','URB COLINAS DE LOS CAOBOS',TO_TIMESTAMP('05-AUG-08 08.14.35.000000 AM','DD-Mon-YY HH12:MI:SS:MS AM'),'JPRJNW2','OSOS-389');
INSERT INTO SOSPECHOSO VALUES('V47503665','ANGELICA LILIAN LOPEZ GUERRERO',2991110);
INSERT INTO SE_DETIENE VALUES('V47503665','OSOS-719',TO_TIMESTAMP('16-AUG-08 11.34.41.000000 AM','DD-Mon-YY HH12:MI:SS:MS AM'));
INSERT INTO SE_DETIENE VALUES('V16594596','OSOS-719',TO_TIMESTAMP('16-AUG-08 11.34.41.000000 AM','DD-Mon-YY HH12:MI:SS:MS AM'));
INSERT INTO SE_DETIENE VALUES('E72761183','OSOS-719',TO_TIMESTAMP('16-AUG-08 11.34.41.000000 AM','DD-Mon-YY HH12:MI:SS:MS AM'));
INSERT INTO SE_DETIENE VALUES('E27157964','OSOS-719',TO_TIMESTAMP('16-AUG-08 11.34.41.000000 AM','DD-Mon-YY HH12:MI:SS:MS AM'));
INSERT INTO DETENCION VALUES('PANTERAS-300',TO_TIMESTAMP('14-AUG-08 10.13.17.000000 PM','DD-Mon-YY HH12:MI:SS:MS PM'),'URB EL BOSQUE');
INSERT INTO VEHICULO_ROBADO VALUES('ZKBJ838','RENAULT','PICKUP','2002','GRIS','PANTERAS-300',TO_TIMESTAMP('14-AUG-08 10.13.17.000000 PM','DD-Mon-YY HH12:MI:SS:MS PM'));
INSERT INTO DENUNCIA_ROBO VALUES('V92099734',TO_TIMESTAMP('14-AUG-08 12.35.21.000000 PM','DD-Mon-YY HH12:MI:SS:MS PM'),'CRISTINA MARISOL GOMEZ GONZALEZ','BARRIO ANDRES BELLO',TO_TIMESTAMP('07-AUG-08 06.22.55.000000 PM','DD-Mon-YY HH12:MI:SS:MS PM'),'ZKBJ838','AGUILAS-647');
INSERT INTO SOSPECHOSO VALUES('V78314349','PEDRO CHRISTIAN FERRER ADRIAN',7277238);
INSERT INTO SE_DETIENE VALUES('V78314349','PANTERAS-300',TO_TIMESTAMP('14-AUG-08 10.13.17.000000 PM','DD-Mon-YY HH12:MI:SS:MS PM'));
INSERT INTO SE_DETIENE VALUES('E7826048','PANTERAS-300',TO_TIMESTAMP('14-AUG-08 10.13.17.000000 PM','DD-Mon-YY HH12:MI:SS:MS PM'));
INSERT INTO SE_DETIENE VALUES('E99844357','PANTERAS-300',TO_TIMESTAMP('14-AUG-08 10.13.17.000000 PM','DD-Mon-YY HH12:MI:SS:MS PM'));
INSERT INTO DETENCION VALUES('OSOS-629',TO_TIMESTAMP('07-OCT-08 06.41.39.000000 AM','DD-Mon-YY HH12:MI:SS:MS AM'),'PARROQUIA SANTA TERESA');
INSERT INTO VEHICULO_ROBADO VALUES('OQFZH18','ALFA ROMEO','DEPORTIVO','2009','NEGRO','OSOS-629',TO_TIMESTAMP('07-OCT-08 06.41.39.000000 AM','DD-Mon-YY HH12:MI:SS:MS AM'));
INSERT INTO DENUNCIA_ROBO VALUES('E99994135',TO_TIMESTAMP('03-SEP-08 10.21.31.000000 PM','DD-Mon-YY HH12:MI:SS:MS PM'),'JESUS RICARDO LOPEZ ADRIAN','BARRIO ALBERTO RAVELL',TO_TIMESTAMP('29-AUG-08 01.50.11.000000 PM','DD-Mon-YY HH12:MI:SS:MS PM'),'OQFZH18','TIBURONES-999');
INSERT INTO SOSPECHOSO VALUES('E54419199','GABRIELA CECILIA TIRADO GUERRA',9260668);
INSERT INTO SE_DETIENE VALUES('E54419199','OSOS-629',TO_TIMESTAMP('07-OCT-08 06.41.39.000000 AM','DD-Mon-YY HH12:MI:SS:MS AM'));
INSERT INTO SE_DETIENE VALUES('E72114586','OSOS-629',TO_TIMESTAMP('07-OCT-08 06.41.39.000000 AM','DD-Mon-YY HH12:MI:SS:MS AM'));
INSERT INTO SE_DETIENE VALUES('E7573923','OSOS-629',TO_TIMESTAMP('07-OCT-08 06.41.39.000000 AM','DD-Mon-YY HH12:MI:SS:MS AM'));
INSERT INTO SE_DETIENE VALUES('E28171064','OSOS-629',TO_TIMESTAMP('07-OCT-08 06.41.39.000000 AM','DD-Mon-YY HH12:MI:SS:MS AM'));
INSERT INTO SE_DETIENE VALUES('E7573923','OSOS-629',TO_TIMESTAMP('07-OCT-08 06.41.39.000000 AM','DD-Mon-YY HH12:MI:SS:MS AM'));
INSERT INTO DETENCION VALUES('ZORROS-426',TO_TIMESTAMP('05-SEP-08 10.14.43.000000 AM','DD-Mon-YY HH12:MI:SS:MS AM'),'BARRIO ANDRES ELOY BLANCO');
INSERT INTO VEHICULO_ROBADO VALUES('ESKK385','SUSUKI','DEPORTIVO','2006','NEGRO','ZORROS-426',TO_TIMESTAMP('05-SEP-08 10.14.43.000000 AM','DD-Mon-YY HH12:MI:SS:MS AM'));
INSERT INTO DENUNCIA_ROBO VALUES('E38264493',TO_TIMESTAMP('02-SEP-08 06.18.09.000000 AM','DD-Mon-YY HH12:MI:SS:MS AM'),'ESTEFANO EDUARDO GUERRA CASTILLO','URB CHACAITO',TO_TIMESTAMP('01-SEP-08 09.43.24.000000 PM','DD-Mon-YY HH12:MI:SS:MS PM'),'ESKK385','ZORROS-329');
INSERT INTO SOSPECHOSO VALUES('V59061001','TERESA CAROLINA MENDOZA GONZALEZ',3025184);
INSERT INTO SE_DETIENE VALUES('V59061001','ZORROS-426',TO_TIMESTAMP('05-SEP-08 10.14.43.000000 AM','DD-Mon-YY HH12:MI:SS:MS AM'));
INSERT INTO SE_DETIENE VALUES('E36229665','ZORROS-426',TO_TIMESTAMP('05-SEP-08 10.14.43.000000 AM','DD-Mon-YY HH12:MI:SS:MS AM'));
INSERT INTO SE_DETIENE VALUES('V47381153','ZORROS-426',TO_TIMESTAMP('05-SEP-08 10.14.43.000000 AM','DD-Mon-YY HH12:MI:SS:MS AM'));
INSERT INTO DETENCION VALUES('LEONES-848',TO_TIMESTAMP('17-SEP-08 06.23.22.000000 PM','DD-Mon-YY HH12:MI:SS:MS PM'),'PARAISO');
INSERT INTO VEHICULO_ROBADO VALUES('NMTNC72','MASERATI','DEPORTIVO','1995','CAFE','LEONES-848',TO_TIMESTAMP('17-SEP-08 06.23.22.000000 PM','DD-Mon-YY HH12:MI:SS:MS PM'));
INSERT INTO DENUNCIA_ROBO VALUES('V80673648',TO_TIMESTAMP('10-AUG-08 02.04.52.000000 AM','DD-Mon-YY HH12:MI:SS:MS AM'),'CARMEN ROSA MARQUEZ GUERRERO','SANTA MONICA',TO_TIMESTAMP('06-AUG-08 12.37.16.000000 PM','DD-Mon-YY HH12:MI:SS:MS PM'),'NMTNC72','OSOS-675');
INSERT INTO SOSPECHOSO VALUES('V77959031','LUIS LEONARDO GARCIA MARQUEZ',5432255);
INSERT INTO SE_DETIENE VALUES('V77959031','LEONES-848',TO_TIMESTAMP('17-SEP-08 06.23.22.000000 PM','DD-Mon-YY HH12:MI:SS:MS PM'));
INSERT INTO SE_DETIENE VALUES('E12104514','LEONES-848',TO_TIMESTAMP('17-SEP-08 06.23.22.000000 PM','DD-Mon-YY HH12:MI:SS:MS PM'));
INSERT INTO SE_DETIENE VALUES('E54332266','LEONES-848',TO_TIMESTAMP('17-SEP-08 06.23.22.000000 PM','DD-Mon-YY HH12:MI:SS:MS PM'));
INSERT INTO SE_DETIENE VALUES('E67566095','LEONES-848',TO_TIMESTAMP('17-SEP-08 06.23.22.000000 PM','DD-Mon-YY HH12:MI:SS:MS PM'));
INSERT INTO SE_DETIENE VALUES('E12104514','LEONES-848',TO_TIMESTAMP('17-SEP-08 06.23.22.000000 PM','DD-Mon-YY HH12:MI:SS:MS PM'));
INSERT INTO SE_DETIENE VALUES('E99844357','LEONES-848',TO_TIMESTAMP('17-SEP-08 06.23.22.000000 PM','DD-Mon-YY HH12:MI:SS:MS PM'));
INSERT INTO DETENCION VALUES('OSOS-780',TO_TIMESTAMP('12-SEP-08 03.04.03.000000 PM','DD-Mon-YY HH12:MI:SS:MS PM'),'BARRIO JOSE FELIX RIVAS');
INSERT INTO VEHICULO_ROBADO VALUES('BQ55159','HONDA','PICKUP','1995','VERDE','OSOS-780',TO_TIMESTAMP('12-SEP-08 03.04.03.000000 PM','DD-Mon-YY HH12:MI:SS:MS PM'));
INSERT INTO DENUNCIA_ROBO VALUES('V78818036',TO_TIMESTAMP('01-AUG-08 07.50.12.000000 AM','DD-Mon-YY HH12:MI:SS:MS AM'),'GUILLERMO PEDRO PEREIRA FERNADEZ','SANTA CECILIA',TO_TIMESTAMP('30-JUL-08 08.27.11.000000 PM','DD-Mon-YY HH12:MI:SS:MS PM'),'BQ55159','OSOS-182');
INSERT INTO SOSPECHOSO VALUES('E6615184','TERESA ESTHER FERNADEZ TORRES',7886299);
INSERT INTO SE_DETIENE VALUES('E6615184','OSOS-780',TO_TIMESTAMP('12-SEP-08 03.04.03.000000 PM','DD-Mon-YY HH12:MI:SS:MS PM'));
INSERT INTO SE_DETIENE VALUES('E27157964','OSOS-780',TO_TIMESTAMP('12-SEP-08 03.04.03.000000 PM','DD-Mon-YY HH12:MI:SS:MS PM'));
INSERT INTO SE_DETIENE VALUES('E7826048','OSOS-780',TO_TIMESTAMP('12-SEP-08 03.04.03.000000 PM','DD-Mon-YY HH12:MI:SS:MS PM'));
INSERT INTO SE_DETIENE VALUES('V15163962','OSOS-780',TO_TIMESTAMP('12-SEP-08 03.04.03.000000 PM','DD-Mon-YY HH12:MI:SS:MS PM'));
INSERT INTO DETENCION VALUES('ARACNIDOS-143',TO_TIMESTAMP('13-SEP-08 03.26.27.000000 AM','DD-Mon-YY HH12:MI:SS:MS AM'),'URB LA CAMPINIA');
INSERT INTO VEHICULO_ROBADO VALUES('HIZS422','CITROEN','PICKUP','1992','AMARILLO','ARACNIDOS-143',TO_TIMESTAMP('13-SEP-08 03.26.27.000000 AM','DD-Mon-YY HH12:MI:SS:MS AM'));
INSERT INTO DENUNCIA_ROBO VALUES('E10296732',TO_TIMESTAMP('13-AUG-08 03.08.31.000000 PM','DD-Mon-YY HH12:MI:SS:MS PM'),'CECILIA VICTORIA TIRADO TORRES','CARICUAO',TO_TIMESTAMP('11-AUG-08 10.49.59.000000 PM','DD-Mon-YY HH12:MI:SS:MS PM'),'HIZS422','OSOS-365');
INSERT INTO SOSPECHOSO VALUES('E19943523','ANDREINA TERESA TORRES FERRER',8856548);
INSERT INTO SE_DETIENE VALUES('E19943523','ARACNIDOS-143',TO_TIMESTAMP('13-SEP-08 03.26.27.000000 AM','DD-Mon-YY HH12:MI:SS:MS AM'));
INSERT INTO SE_DETIENE VALUES('E87321506','ARACNIDOS-143',TO_TIMESTAMP('13-SEP-08 03.26.27.000000 AM','DD-Mon-YY HH12:MI:SS:MS AM'));
INSERT INTO SE_DETIENE VALUES('E7826048','ARACNIDOS-143',TO_TIMESTAMP('13-SEP-08 03.26.27.000000 AM','DD-Mon-YY HH12:MI:SS:MS AM'));
INSERT INTO SE_DETIENE VALUES('E28171064','ARACNIDOS-143',TO_TIMESTAMP('13-SEP-08 03.26.27.000000 AM','DD-Mon-YY HH12:MI:SS:MS AM'));
INSERT INTO SE_DETIENE VALUES('E36229665','ARACNIDOS-143',TO_TIMESTAMP('13-SEP-08 03.26.27.000000 AM','DD-Mon-YY HH12:MI:SS:MS AM'));
INSERT INTO SE_DETIENE VALUES('E27157964','ARACNIDOS-143',TO_TIMESTAMP('13-SEP-08 03.26.27.000000 AM','DD-Mon-YY HH12:MI:SS:MS AM'));
INSERT INTO SE_DETIENE VALUES('E12104514','ARACNIDOS-143',TO_TIMESTAMP('13-SEP-08 03.26.27.000000 AM','DD-Mon-YY HH12:MI:SS:MS AM'));
INSERT INTO DETENCION VALUES('OSOS-867',TO_TIMESTAMP('24-OCT-08 06.11.02.000000 AM','DD-Mon-YY HH12:MI:SS:MS AM'),'BARRIO ALBERTO RAVELL');
INSERT INTO VEHICULO_ROBADO VALUES('MU25738','ALFA ROMEO','PICKUP','1991','AZUL','OSOS-867',TO_TIMESTAMP('24-OCT-08 06.11.02.000000 AM','DD-Mon-YY HH12:MI:SS:MS AM'));
INSERT INTO DENUNCIA_ROBO VALUES('V32171057',TO_TIMESTAMP('18-SEP-08 12.13.44.000000 PM','DD-Mon-YY HH12:MI:SS:MS PM'),'EMILIO EDUARDO FERNADEZ GUERRA','BARRIO LA BANDERA',TO_TIMESTAMP('13-SEP-08 06.06.48.000000 AM','DD-Mon-YY HH12:MI:SS:MS AM'),'MU25738','OSOS-780');
INSERT INTO SOSPECHOSO VALUES('E23736681','LUIS ADOLFO GOMEZ CASTILLO',3640753);
INSERT INTO SE_DETIENE VALUES('E23736681','OSOS-867',TO_TIMESTAMP('24-OCT-08 06.11.02.000000 AM','DD-Mon-YY HH12:MI:SS:MS AM'));
INSERT INTO SE_DETIENE VALUES('E28171064','OSOS-867',TO_TIMESTAMP('24-OCT-08 06.11.02.000000 AM','DD-Mon-YY HH12:MI:SS:MS AM'));
INSERT INTO SE_DETIENE VALUES('V16481829','OSOS-867',TO_TIMESTAMP('24-OCT-08 06.11.02.000000 AM','DD-Mon-YY HH12:MI:SS:MS AM'));
INSERT INTO SE_DETIENE VALUES('E8762669','OSOS-867',TO_TIMESTAMP('24-OCT-08 06.11.02.000000 AM','DD-Mon-YY HH12:MI:SS:MS AM'));
INSERT INTO SE_DETIENE VALUES('E27157964','OSOS-867',TO_TIMESTAMP('24-OCT-08 06.11.02.000000 AM','DD-Mon-YY HH12:MI:SS:MS AM'));
INSERT INTO SE_DETIENE VALUES('V33486065','OSOS-867',TO_TIMESTAMP('24-OCT-08 06.11.02.000000 AM','DD-Mon-YY HH12:MI:SS:MS AM'));
INSERT INTO DETENCION VALUES('OSOS-359',TO_TIMESTAMP('27-SEP-08 05.11.05.000000 AM','DD-Mon-YY HH12:MI:SS:MS AM'),'BARRIO HOYADA');
INSERT INTO VEHICULO_ROBADO VALUES('VAXYJ16','MERCEDES','CAMIONETA','1997','VIOLETA','OSOS-359',TO_TIMESTAMP('27-SEP-08 05.11.05.000000 AM','DD-Mon-YY HH12:MI:SS:MS AM'));
INSERT INTO DENUNCIA_ROBO VALUES('E64958260',TO_TIMESTAMP('23-AUG-08 02.08.48.000000 PM','DD-Mon-YY HH12:MI:SS:MS PM'),'PEDRO LEONARDO GONZALEZ SOSA','PEREZ BONALDE',TO_TIMESTAMP('21-AUG-08 10.51.27.000000 AM','DD-Mon-YY HH12:MI:SS:MS AM'),'VAXYJ16','TIBURONES-138');
INSERT INTO SOSPECHOSO VALUES('V49618138','ANTONIO ALBERTO LOPEZ GALLEGOS',6728512);
INSERT INTO SE_DETIENE VALUES('V49618138','OSOS-359',TO_TIMESTAMP('27-SEP-08 05.11.05.000000 AM','DD-Mon-YY HH12:MI:SS:MS AM'));
INSERT INTO SE_DETIENE VALUES('E7573923','OSOS-359',TO_TIMESTAMP('27-SEP-08 05.11.05.000000 AM','DD-Mon-YY HH12:MI:SS:MS AM'));
INSERT INTO SE_DETIENE VALUES('V15163962','OSOS-359',TO_TIMESTAMP('27-SEP-08 05.11.05.000000 AM','DD-Mon-YY HH12:MI:SS:MS AM'));
INSERT INTO DETENCION VALUES('OSOS-365',TO_TIMESTAMP('13-SEP-08 08.35.57.000000 AM','DD-Mon-YY HH12:MI:SS:MS AM'),'URB COCHE');
INSERT INTO VEHICULO_ROBADO VALUES('Y924223','MERCEDES','DEPORTIVO','1998','DORADO','OSOS-365',TO_TIMESTAMP('13-SEP-08 08.35.57.000000 AM','DD-Mon-YY HH12:MI:SS:MS AM'));
INSERT INTO DENUNCIA_ROBO VALUES('V81801621',TO_TIMESTAMP('20-AUG-08 05.38.53.000000 PM','DD-Mon-YY HH12:MI:SS:MS PM'),'CECILIA CAROLINA GUERRERO FERRER','PEREZ BONALDE',TO_TIMESTAMP('18-AUG-08 02.15.40.000000 AM','DD-Mon-YY HH12:MI:SS:MS AM'),'Y924223','ARACNIDOS-446');
INSERT INTO SOSPECHOSO VALUES('V45114229','LUIS RICARDO CASTILLO ADRIAN',4463133);
INSERT INTO SE_DETIENE VALUES('V45114229','OSOS-365',TO_TIMESTAMP('13-SEP-08 08.35.57.000000 AM','DD-Mon-YY HH12:MI:SS:MS AM'));
INSERT INTO SE_DETIENE VALUES('E4202507','OSOS-365',TO_TIMESTAMP('13-SEP-08 08.35.57.000000 AM','DD-Mon-YY HH12:MI:SS:MS AM'));
INSERT INTO SE_DETIENE VALUES('V20657353','OSOS-365',TO_TIMESTAMP('13-SEP-08 08.35.57.000000 AM','DD-Mon-YY HH12:MI:SS:MS AM'));
INSERT INTO SE_DETIENE VALUES('E87321506','OSOS-365',TO_TIMESTAMP('13-SEP-08 08.35.57.000000 AM','DD-Mon-YY HH12:MI:SS:MS AM'));
INSERT INTO SE_DETIENE VALUES('E92876896','OSOS-365',TO_TIMESTAMP('13-SEP-08 08.35.57.000000 AM','DD-Mon-YY HH12:MI:SS:MS AM'));
INSERT INTO DETENCION VALUES('LEONES-798',TO_TIMESTAMP('07-SEP-08 06.31.38.000000 PM','DD-Mon-YY HH12:MI:SS:MS PM'),'CAFETAL');
INSERT INTO VEHICULO_ROBADO VALUES('VOWU901','DODGE','SEDAN','1998','NARANJA','LEONES-798',TO_TIMESTAMP('07-SEP-08 06.31.38.000000 PM','DD-Mon-YY HH12:MI:SS:MS PM'));
INSERT INTO DENUNCIA_ROBO VALUES('E39242444',TO_TIMESTAMP('26-AUG-08 02.26.32.000000 PM','DD-Mon-YY HH12:MI:SS:MS PM'),'ESTHER MONICA FERNADEZ MENDOZA','CHICHIRIVICHE',TO_TIMESTAMP('20-AUG-08 05.10.07.000000 AM','DD-Mon-YY HH12:MI:SS:MS AM'),'VOWU901','LEONES-728');
INSERT INTO SOSPECHOSO VALUES('E2153078','ADRIANA CAROLINA FERRER ALGARIN',5953749);
INSERT INTO SE_DETIENE VALUES('E2153078','LEONES-798',TO_TIMESTAMP('07-SEP-08 06.31.38.000000 PM','DD-Mon-YY HH12:MI:SS:MS PM'));
INSERT INTO SE_DETIENE VALUES('E88228181','LEONES-798',TO_TIMESTAMP('07-SEP-08 06.31.38.000000 PM','DD-Mon-YY HH12:MI:SS:MS PM'));
INSERT INTO SE_DETIENE VALUES('E67183842','LEONES-798',TO_TIMESTAMP('07-SEP-08 06.31.38.000000 PM','DD-Mon-YY HH12:MI:SS:MS PM'));
INSERT INTO DETENCION VALUES('PANTERAS-456',TO_TIMESTAMP('03-SEP-08 07.29.56.000000 AM','DD-Mon-YY HH12:MI:SS:MS AM'),'BARRIO ANDRES ELOY BLANCO');
INSERT INTO VEHICULO_ROBADO VALUES('MOEK804','SEAT','MICRO','2007','PLATA','PANTERAS-456',TO_TIMESTAMP('03-SEP-08 07.29.56.000000 AM','DD-Mon-YY HH12:MI:SS:MS AM'));
INSERT INTO DENUNCIA_ROBO VALUES('E96916953',TO_TIMESTAMP('07-AUG-08 05.24.22.000000 PM','DD-Mon-YY HH12:MI:SS:MS PM'),'MIRIAM ESTHER LANDAETA SOSA','BARRIO ALBERTO RAVELL',TO_TIMESTAMP('07-AUG-08 03.27.14.000000 AM','DD-Mon-YY HH12:MI:SS:MS AM'),'MOEK804','OSOS-783');
INSERT INTO SOSPECHOSO VALUES('E82322440','PEDRO ADOLFO CASTILLO GUERRERO',9744958);
INSERT INTO SE_DETIENE VALUES('E82322440','PANTERAS-456',TO_TIMESTAMP('03-SEP-08 07.29.56.000000 AM','DD-Mon-YY HH12:MI:SS:MS AM'));
INSERT INTO SE_DETIENE VALUES('E67183842','PANTERAS-456',TO_TIMESTAMP('03-SEP-08 07.29.56.000000 AM','DD-Mon-YY HH12:MI:SS:MS AM'));
INSERT INTO SE_DETIENE VALUES('E17892138','PANTERAS-456',TO_TIMESTAMP('03-SEP-08 07.29.56.000000 AM','DD-Mon-YY HH12:MI:SS:MS AM'));
INSERT INTO SE_DETIENE VALUES('E7826048','PANTERAS-456',TO_TIMESTAMP('03-SEP-08 07.29.56.000000 AM','DD-Mon-YY HH12:MI:SS:MS AM'));
INSERT INTO SE_DETIENE VALUES('E72114586','PANTERAS-456',TO_TIMESTAMP('03-SEP-08 07.29.56.000000 AM','DD-Mon-YY HH12:MI:SS:MS AM'));
INSERT INTO SE_DETIENE VALUES('E72114586','PANTERAS-456',TO_TIMESTAMP('03-SEP-08 07.29.56.000000 AM','DD-Mon-YY HH12:MI:SS:MS AM'));
INSERT INTO DETENCION VALUES('ZORROS-426',TO_TIMESTAMP('14-SEP-08 10.29.42.000000 AM','DD-Mon-YY HH12:MI:SS:MS AM'),'BARRIO ANAUCO');
INSERT INTO VEHICULO_ROBADO VALUES('JEVD492','MITSUBISHI','FURGONETA','2001','DORADO','ZORROS-426',TO_TIMESTAMP('14-SEP-08 10.29.42.000000 AM','DD-Mon-YY HH12:MI:SS:MS AM'));
INSERT INTO DENUNCIA_ROBO VALUES('V41733149',TO_TIMESTAMP('05-AUG-08 04.04.06.000000 AM','DD-Mon-YY HH12:MI:SS:MS AM'),'ALBERTO DAVID ADRIAN LOPEZ','SARTENEJAS',TO_TIMESTAMP('03-AUG-08 07.36.08.000000 AM','DD-Mon-YY HH12:MI:SS:MS AM'),'JEVD492','TIBURONES-377');
INSERT INTO SOSPECHOSO VALUES('E76948252','ANA ANDREINA SOSA GONZALEZ',8129063);
INSERT INTO SE_DETIENE VALUES('E76948252','ZORROS-426',TO_TIMESTAMP('14-SEP-08 10.29.42.000000 AM','DD-Mon-YY HH12:MI:SS:MS AM'));
INSERT INTO SE_DETIENE VALUES('E72114586','ZORROS-426',TO_TIMESTAMP('14-SEP-08 10.29.42.000000 AM','DD-Mon-YY HH12:MI:SS:MS AM'));
INSERT INTO SE_DETIENE VALUES('V4220431','ZORROS-426',TO_TIMESTAMP('14-SEP-08 10.29.42.000000 AM','DD-Mon-YY HH12:MI:SS:MS AM'));
INSERT INTO SE_DETIENE VALUES('E36229665','ZORROS-426',TO_TIMESTAMP('14-SEP-08 10.29.42.000000 AM','DD-Mon-YY HH12:MI:SS:MS AM'));
INSERT INTO DETENCION VALUES('OSOS-719',TO_TIMESTAMP('01-OCT-08 02.03.19.000000 PM','DD-Mon-YY HH12:MI:SS:MS PM'),'EL VALLE');
INSERT INTO VEHICULO_ROBADO VALUES('GQGIQL5','HYUNDAI','FURGONETA','2008','AMARILLO','OSOS-719',TO_TIMESTAMP('01-OCT-08 02.03.19.000000 PM','DD-Mon-YY HH12:MI:SS:MS PM'));
INSERT INTO DENUNCIA_ROBO VALUES('E16458546',TO_TIMESTAMP('22-AUG-08 06.19.38.000000 AM','DD-Mon-YY HH12:MI:SS:MS AM'),'JONATHAN TOMAS GARCIA PARRA','URB CHACAITO',TO_TIMESTAMP('17-AUG-08 12.11.26.000000 AM','DD-Mon-YY HH12:MI:SS:MS AM'),'GQGIQL5','OSOS-340');
INSERT INTO SOSPECHOSO VALUES('E11021172','ANDREINA ANA SOSA CASTILLO',2348270);
INSERT INTO SE_DETIENE VALUES('E11021172','OSOS-719',TO_TIMESTAMP('01-OCT-08 02.03.19.000000 PM','DD-Mon-YY HH12:MI:SS:MS PM'));
INSERT INTO SE_DETIENE VALUES('E92876896','OSOS-719',TO_TIMESTAMP('01-OCT-08 02.03.19.000000 PM','DD-Mon-YY HH12:MI:SS:MS PM'));
INSERT INTO SE_DETIENE VALUES('V16594596','OSOS-719',TO_TIMESTAMP('01-OCT-08 02.03.19.000000 PM','DD-Mon-YY HH12:MI:SS:MS PM'));
INSERT INTO DETENCION VALUES('OSOS-777',TO_TIMESTAMP('03-NOV-08 12.52.48.000000 PM','DD-Mon-YY HH12:MI:SS:MS PM'),'BARRIO LA BANDERA');
INSERT INTO VEHICULO_ROBADO VALUES('WTUEX41','DODGE','MICRO','1995','GRIS','OSOS-777',TO_TIMESTAMP('03-NOV-08 12.52.48.000000 PM','DD-Mon-YY HH12:MI:SS:MS PM'));
INSERT INTO DENUNCIA_ROBO VALUES('E68444858',TO_TIMESTAMP('20-SEP-08 01.25.24.000000 AM','DD-Mon-YY HH12:MI:SS:MS AM'),'MONICA ANDREINA PEREZ SOSA','SAN AGUSTIN',TO_TIMESTAMP('13-SEP-08 05.32.57.000000 AM','DD-Mon-YY HH12:MI:SS:MS AM'),'WTUEX41','OSOS-182');
INSERT INTO SOSPECHOSO VALUES('E12644534','ADRIANA ANDREINA PEREZ GUERRERO',9866584);
INSERT INTO SE_DETIENE VALUES('E12644534','OSOS-777',TO_TIMESTAMP('03-NOV-08 12.52.48.000000 PM','DD-Mon-YY HH12:MI:SS:MS PM'));
INSERT INTO SE_DETIENE VALUES('V97272367','OSOS-777',TO_TIMESTAMP('03-NOV-08 12.52.48.000000 PM','DD-Mon-YY HH12:MI:SS:MS PM'));
INSERT INTO SE_DETIENE VALUES('E67566095','OSOS-777',TO_TIMESTAMP('03-NOV-08 12.52.48.000000 PM','DD-Mon-YY HH12:MI:SS:MS PM'));
INSERT INTO SE_DETIENE VALUES('E7573923','OSOS-777',TO_TIMESTAMP('03-NOV-08 12.52.48.000000 PM','DD-Mon-YY HH12:MI:SS:MS PM'));
INSERT INTO SE_DETIENE VALUES('E72761183','OSOS-777',TO_TIMESTAMP('03-NOV-08 12.52.48.000000 PM','DD-Mon-YY HH12:MI:SS:MS PM'));
INSERT INTO SE_DETIENE VALUES('E29499849','OSOS-777',TO_TIMESTAMP('03-NOV-08 12.52.48.000000 PM','DD-Mon-YY HH12:MI:SS:MS PM'));
INSERT INTO DETENCION VALUES('OSOS-524',TO_TIMESTAMP('09-SEP-08 12.22.51.000000 PM','DD-Mon-YY HH12:MI:SS:MS PM'),'URB COLINAS DE LOS CHAGUARAMOS');
INSERT INTO VEHICULO_ROBADO VALUES('CL60697','VOLKSWAGEN','SEDAN','2004','AMARILLO','OSOS-524',TO_TIMESTAMP('09-SEP-08 12.22.51.000000 PM','DD-Mon-YY HH12:MI:SS:MS PM'));
INSERT INTO DENUNCIA_ROBO VALUES('V2185196',TO_TIMESTAMP('04-SEP-08 10.23.41.000000 PM','DD-Mon-YY HH12:MI:SS:MS PM'),'LILIAN ESTHER GARCIA LOPEZ','URB LOS GUAYABITOS',TO_TIMESTAMP('03-SEP-08 12.35.52.000000 AM','DD-Mon-YY HH12:MI:SS:MS AM'),'CL60697','OSOS-771');
INSERT INTO SOSPECHOSO VALUES('E48377923','EMILIO ISMAEL FERNADEZ ADRIAN',4207685);
INSERT INTO SE_DETIENE VALUES('E48377923','OSOS-524',TO_TIMESTAMP('09-SEP-08 12.22.51.000000 PM','DD-Mon-YY HH12:MI:SS:MS PM'));
INSERT INTO SE_DETIENE VALUES('E7826048','OSOS-524',TO_TIMESTAMP('09-SEP-08 12.22.51.000000 PM','DD-Mon-YY HH12:MI:SS:MS PM'));
INSERT INTO DETENCION VALUES('PANTERAS-623',TO_TIMESTAMP('26-SEP-08 02.16.27.000000 AM','DD-Mon-YY HH12:MI:SS:MS AM'),'PROPATRIA');
INSERT INTO VEHICULO_ROBADO VALUES('FBRI323','JEEP','MICRO','2006','AMARILLO','PANTERAS-623',TO_TIMESTAMP('26-SEP-08 02.16.27.000000 AM','DD-Mon-YY HH12:MI:SS:MS AM'));
INSERT INTO DENUNCIA_ROBO VALUES('E65909008',TO_TIMESTAMP('15-AUG-08 10.42.23.000000 PM','DD-Mon-YY HH12:MI:SS:MS PM'),'CRISTINA ESTHER FERNADEZ MENDOZA','SANTA CLARA',TO_TIMESTAMP('09-AUG-08 02.33.50.000000 AM','DD-Mon-YY HH12:MI:SS:MS AM'),'FBRI323','PANTERAS-655');
INSERT INTO SOSPECHOSO VALUES('E18871142','FELIX LEONARDO SOSA MARQUEZ',9337475);
INSERT INTO SE_DETIENE VALUES('E18871142','PANTERAS-623',TO_TIMESTAMP('26-SEP-08 02.16.27.000000 AM','DD-Mon-YY HH12:MI:SS:MS AM'));
INSERT INTO SE_DETIENE VALUES('E99844357','PANTERAS-623',TO_TIMESTAMP('26-SEP-08 02.16.27.000000 AM','DD-Mon-YY HH12:MI:SS:MS AM'));
INSERT INTO SE_DETIENE VALUES('E12104514','PANTERAS-623',TO_TIMESTAMP('26-SEP-08 02.16.27.000000 AM','DD-Mon-YY HH12:MI:SS:MS AM'));
INSERT INTO SE_DETIENE VALUES('E87321506','PANTERAS-623',TO_TIMESTAMP('26-SEP-08 02.16.27.000000 AM','DD-Mon-YY HH12:MI:SS:MS AM'));
INSERT INTO DETENCION VALUES('LEONES-560',TO_TIMESTAMP('27-SEP-08 09.19.07.000000 AM','DD-Mon-YY HH12:MI:SS:MS AM'),'BARRIO ANAUCO');
INSERT INTO VEHICULO_ROBADO VALUES('U602818','VOLKSWAGEN','SEDAN','1998','AMARILLO','LEONES-560',TO_TIMESTAMP('27-SEP-08 09.19.07.000000 AM','DD-Mon-YY HH12:MI:SS:MS AM'));
INSERT INTO DENUNCIA_ROBO VALUES('E93282626',TO_TIMESTAMP('05-SEP-08 08.49.10.000000 AM','DD-Mon-YY HH12:MI:SS:MS AM'),'ADRIANA CAROLINA MENDOZA FERRER','BARRIO AGUACATICO',TO_TIMESTAMP('02-SEP-08 12.10.42.000000 AM','DD-Mon-YY HH12:MI:SS:MS AM'),'U602818','ARACNIDOS-446');
INSERT INTO SOSPECHOSO VALUES('V13284924','CRISTINA ANGELICA GARCIA LANDAETA',2476694);
INSERT INTO SE_DETIENE VALUES('V13284924','LEONES-560',TO_TIMESTAMP('27-SEP-08 09.19.07.000000 AM','DD-Mon-YY HH12:MI:SS:MS AM'));
INSERT INTO SE_DETIENE VALUES('E17892138','LEONES-560',TO_TIMESTAMP('27-SEP-08 09.19.07.000000 AM','DD-Mon-YY HH12:MI:SS:MS AM'));
INSERT INTO SE_DETIENE VALUES('E67566095','LEONES-560',TO_TIMESTAMP('27-SEP-08 09.19.07.000000 AM','DD-Mon-YY HH12:MI:SS:MS AM'));
INSERT INTO SE_DETIENE VALUES('E28171064','LEONES-560',TO_TIMESTAMP('27-SEP-08 09.19.07.000000 AM','DD-Mon-YY HH12:MI:SS:MS AM'));
INSERT INTO DETENCION VALUES('TIBURONES-293',TO_TIMESTAMP('01-SEP-08 08.53.58.000000 AM','DD-Mon-YY HH12:MI:SS:MS AM'),'BARRIO CORTADA DE CATIA');
INSERT INTO VEHICULO_ROBADO VALUES('XFR5802','CADILLAC','PICKUP','2007','VIOLETA','TIBURONES-293',TO_TIMESTAMP('01-SEP-08 08.53.58.000000 AM','DD-Mon-YY HH12:MI:SS:MS AM'));
INSERT INTO DENUNCIA_ROBO VALUES('E37945368',TO_TIMESTAMP('10-AUG-08 04.50.56.000000 PM','DD-Mon-YY HH12:MI:SS:MS PM'),'ADOLFO EDUARDO ALGARIN CASTILLO','URB PARQUE CENTRAL',TO_TIMESTAMP('05-AUG-08 12.08.06.000000 PM','DD-Mon-YY HH12:MI:SS:MS PM'),'XFR5802','ZORROS-955');
INSERT INTO SOSPECHOSO VALUES('V8854127','VICTORIA CRISTINA GALLEGOS PEREZ',8442690);
INSERT INTO SE_DETIENE VALUES('V8854127','TIBURONES-293',TO_TIMESTAMP('01-SEP-08 08.53.58.000000 AM','DD-Mon-YY HH12:MI:SS:MS AM'));
INSERT INTO SE_DETIENE VALUES('E99792858','TIBURONES-293',TO_TIMESTAMP('01-SEP-08 08.53.58.000000 AM','DD-Mon-YY HH12:MI:SS:MS AM'));
INSERT INTO SE_DETIENE VALUES('E7826048','TIBURONES-293',TO_TIMESTAMP('01-SEP-08 08.53.58.000000 AM','DD-Mon-YY HH12:MI:SS:MS AM'));
INSERT INTO SE_DETIENE VALUES('E42844779','TIBURONES-293',TO_TIMESTAMP('01-SEP-08 08.53.58.000000 AM','DD-Mon-YY HH12:MI:SS:MS AM'));
INSERT INTO SE_DETIENE VALUES('E99844357','TIBURONES-293',TO_TIMESTAMP('01-SEP-08 08.53.58.000000 AM','DD-Mon-YY HH12:MI:SS:MS AM'));
INSERT INTO DETENCION VALUES('LEONES-728',TO_TIMESTAMP('13-SEP-08 06.40.21.000000 AM','DD-Mon-YY HH12:MI:SS:MS AM'),'BARRIO BRISAS DE PROPATRIA');
INSERT INTO VEHICULO_ROBADO VALUES('DWR8829','TOYOTA','FURGONETA','1996','VERDE','LEONES-728',TO_TIMESTAMP('13-SEP-08 06.40.21.000000 AM','DD-Mon-YY HH12:MI:SS:MS AM'));
INSERT INTO DENUNCIA_ROBO VALUES('E89020363',TO_TIMESTAMP('20-AUG-08 01.06.02.000000 PM','DD-Mon-YY HH12:MI:SS:MS PM'),'PEDRO BEJAMIN SOSA FERRER','PARROQUIA SANTA TERESA',TO_TIMESTAMP('19-AUG-08 01.58.26.000000 AM','DD-Mon-YY HH12:MI:SS:MS AM'),'DWR8829','PANTERAS-744');
INSERT INTO SOSPECHOSO VALUES('V83946969','EMILIO ANTONIO MARQUEZ PEREIRA',6894222);
INSERT INTO SE_DETIENE VALUES('V83946969','LEONES-728',TO_TIMESTAMP('13-SEP-08 06.40.21.000000 AM','DD-Mon-YY HH12:MI:SS:MS AM'));
INSERT INTO SE_DETIENE VALUES('E17892138','LEONES-728',TO_TIMESTAMP('13-SEP-08 06.40.21.000000 AM','DD-Mon-YY HH12:MI:SS:MS AM'));
INSERT INTO SE_DETIENE VALUES('V16594596','LEONES-728',TO_TIMESTAMP('13-SEP-08 06.40.21.000000 AM','DD-Mon-YY HH12:MI:SS:MS AM'));
INSERT INTO SE_DETIENE VALUES('E67566095','LEONES-728',TO_TIMESTAMP('13-SEP-08 06.40.21.000000 AM','DD-Mon-YY HH12:MI:SS:MS AM'));
INSERT INTO SE_DETIENE VALUES('E54332266','LEONES-728',TO_TIMESTAMP('13-SEP-08 06.40.21.000000 AM','DD-Mon-YY HH12:MI:SS:MS AM'));
INSERT INTO SE_DETIENE VALUES('E87321506','LEONES-728',TO_TIMESTAMP('13-SEP-08 06.40.21.000000 AM','DD-Mon-YY HH12:MI:SS:MS AM'));
INSERT INTO DETENCION VALUES('OSOS-745',TO_TIMESTAMP('19-AUG-08 10.24.00.000000 AM','DD-Mon-YY HH12:MI:SS:MS AM'),'SIMON RODRIGUEZ');
INSERT INTO VEHICULO_ROBADO VALUES('TVKKN98','FIAT','FURGONETA','1993','CAFE','OSOS-745',TO_TIMESTAMP('19-AUG-08 10.24.00.000000 AM','DD-Mon-YY HH12:MI:SS:MS AM'));
INSERT INTO DENUNCIA_ROBO VALUES('V31906764',TO_TIMESTAMP('19-AUG-08 02.22.00.000000 AM','DD-Mon-YY HH12:MI:SS:MS AM'),'GABRIELA TERESA TIRADO GALLEGOS','BARRIO CARAPITA',TO_TIMESTAMP('18-AUG-08 11.07.26.000000 PM','DD-Mon-YY HH12:MI:SS:MS PM'),'TVKKN98','ZORROS-426');
INSERT INTO SOSPECHOSO VALUES('E95029096','MIRIAM GABRIELA GUERRA GIRALDEZ',5385046);
INSERT INTO SE_DETIENE VALUES('E95029096','OSOS-745',TO_TIMESTAMP('19-AUG-08 10.24.00.000000 AM','DD-Mon-YY HH12:MI:SS:MS AM'));
INSERT INTO SE_DETIENE VALUES('E4202507','OSOS-745',TO_TIMESTAMP('19-AUG-08 10.24.00.000000 AM','DD-Mon-YY HH12:MI:SS:MS AM'));
INSERT INTO SE_DETIENE VALUES('V16481829','OSOS-745',TO_TIMESTAMP('19-AUG-08 10.24.00.000000 AM','DD-Mon-YY HH12:MI:SS:MS AM'));
INSERT INTO SE_DETIENE VALUES('V20657353','OSOS-745',TO_TIMESTAMP('19-AUG-08 10.24.00.000000 AM','DD-Mon-YY HH12:MI:SS:MS AM'));
INSERT INTO SE_DETIENE VALUES('V47381153','OSOS-745',TO_TIMESTAMP('19-AUG-08 10.24.00.000000 AM','DD-Mon-YY HH12:MI:SS:MS AM'));
INSERT INTO DETENCION VALUES('AGUILAS-117',TO_TIMESTAMP('01-SEP-08 01.55.51.000000 AM','DD-Mon-YY HH12:MI:SS:MS AM'),'LA PASTORA');
INSERT INTO VEHICULO_ROBADO VALUES('HIJ4972','MASERATI','MICRO','2005','VIOLETA','AGUILAS-117',TO_TIMESTAMP('01-SEP-08 01.55.51.000000 AM','DD-Mon-YY HH12:MI:SS:MS AM'));
INSERT INTO DENUNCIA_ROBO VALUES('E71258052',TO_TIMESTAMP('29-AUG-08 02.23.20.000000 AM','DD-Mon-YY HH12:MI:SS:MS AM'),'CECILIA ELENA MARQUEZ SOSA','ARAGUITA',TO_TIMESTAMP('28-AUG-08 07.45.47.000000 PM','DD-Mon-YY HH12:MI:SS:MS PM'),'HIJ4972','AGUILAS-556');
INSERT INTO SOSPECHOSO VALUES('E17007573','TERESA ANGELICA GUERRERO GIRALDEZ',7886250);
INSERT INTO SE_DETIENE VALUES('E17007573','AGUILAS-117',TO_TIMESTAMP('01-SEP-08 01.55.51.000000 AM','DD-Mon-YY HH12:MI:SS:MS AM'));
INSERT INTO SE_DETIENE VALUES('E54332266','AGUILAS-117',TO_TIMESTAMP('01-SEP-08 01.55.51.000000 AM','DD-Mon-YY HH12:MI:SS:MS AM'));
INSERT INTO SE_DETIENE VALUES('E99792858','AGUILAS-117',TO_TIMESTAMP('01-SEP-08 01.55.51.000000 AM','DD-Mon-YY HH12:MI:SS:MS AM'));
INSERT INTO SE_DETIENE VALUES('V16481829','AGUILAS-117',TO_TIMESTAMP('01-SEP-08 01.55.51.000000 AM','DD-Mon-YY HH12:MI:SS:MS AM'));
INSERT INTO SE_DETIENE VALUES('V16594596','AGUILAS-117',TO_TIMESTAMP('01-SEP-08 01.55.51.000000 AM','DD-Mon-YY HH12:MI:SS:MS AM'));
INSERT INTO DETENCION VALUES('ARACNIDOS-163',TO_TIMESTAMP('17-SEP-08 04.25.44.000000 AM','DD-Mon-YY HH12:MI:SS:MS AM'),'BARUTA');
INSERT INTO VEHICULO_ROBADO VALUES('F604427','PORSCHE','DEPORTIVO','1995','NEGRO','ARACNIDOS-163',TO_TIMESTAMP('17-SEP-08 04.25.44.000000 AM','DD-Mon-YY HH12:MI:SS:MS AM'));
INSERT INTO DENUNCIA_ROBO VALUES('E45875249',TO_TIMESTAMP('10-SEP-08 02.21.22.000000 PM','DD-Mon-YY HH12:MI:SS:MS PM'),'EDUARDO LEONARDO PEREIRA PEREZ','U.C.V.',TO_TIMESTAMP('05-SEP-08 12.10.23.000000 PM','DD-Mon-YY HH12:MI:SS:MS PM'),'F604427','ZORROS-492');
INSERT INTO SOSPECHOSO VALUES('E30792647','LILIAN GABRIELA ADRIAN TIRADO',1606429);
INSERT INTO SE_DETIENE VALUES('E30792647','ARACNIDOS-163',TO_TIMESTAMP('17-SEP-08 04.25.44.000000 AM','DD-Mon-YY HH12:MI:SS:MS AM'));
INSERT INTO SE_DETIENE VALUES('E72114586','ARACNIDOS-163',TO_TIMESTAMP('17-SEP-08 04.25.44.000000 AM','DD-Mon-YY HH12:MI:SS:MS AM'));
INSERT INTO SE_DETIENE VALUES('E7573923','ARACNIDOS-163',TO_TIMESTAMP('17-SEP-08 04.25.44.000000 AM','DD-Mon-YY HH12:MI:SS:MS AM'));
INSERT INTO DETENCION VALUES('PANTERAS-825',TO_TIMESTAMP('14-OCT-08 03.08.05.000000 PM','DD-Mon-YY HH12:MI:SS:MS PM'),'BARRIO LA BANDERA');
INSERT INTO VEHICULO_ROBADO VALUES('GXMXV49','BMW','CAMIONETA','1998','NEGRO','PANTERAS-825',TO_TIMESTAMP('14-OCT-08 03.08.05.000000 PM','DD-Mon-YY HH12:MI:SS:MS PM'));
INSERT INTO DENUNCIA_ROBO VALUES('V81648788',TO_TIMESTAMP('06-SEP-08 04.21.35.000000 AM','DD-Mon-YY HH12:MI:SS:MS AM'),'TOMAS RAFAEL SOSA TIRADO','BARRIO LA BANDERA',TO_TIMESTAMP('04-SEP-08 01.32.57.000000 AM','DD-Mon-YY HH12:MI:SS:MS AM'),'GXMXV49','AGUILAS-556');
INSERT INTO SOSPECHOSO VALUES('V50377815','VICTORIA LILIAN SOSA CASTILLO',9547188);
INSERT INTO SE_DETIENE VALUES('V50377815','PANTERAS-825',TO_TIMESTAMP('14-OCT-08 03.08.05.000000 PM','DD-Mon-YY HH12:MI:SS:MS PM'));
INSERT INTO SE_DETIENE VALUES('V4220431','PANTERAS-825',TO_TIMESTAMP('14-OCT-08 03.08.05.000000 PM','DD-Mon-YY HH12:MI:SS:MS PM'));
INSERT INTO SE_DETIENE VALUES('V16594596','PANTERAS-825',TO_TIMESTAMP('14-OCT-08 03.08.05.000000 PM','DD-Mon-YY HH12:MI:SS:MS PM'));
INSERT INTO SE_DETIENE VALUES('E92876896','PANTERAS-825',TO_TIMESTAMP('14-OCT-08 03.08.05.000000 PM','DD-Mon-YY HH12:MI:SS:MS PM'));
INSERT INTO SE_DETIENE VALUES('E72114586','PANTERAS-825',TO_TIMESTAMP('14-OCT-08 03.08.05.000000 PM','DD-Mon-YY HH12:MI:SS:MS PM'));
INSERT INTO DETENCION VALUES('OSOS-777',TO_TIMESTAMP('03-SEP-08 07.47.17.000000 PM','DD-Mon-YY HH12:MI:SS:MS PM'),'BARRIO BRISAS DE PROPATRIA');
INSERT INTO VEHICULO_ROBADO VALUES('YKJ3789','BMW','SEDAN','2002','NARANJA','OSOS-777',TO_TIMESTAMP('03-SEP-08 07.47.17.000000 PM','DD-Mon-YY HH12:MI:SS:MS PM'));
INSERT INTO DENUNCIA_ROBO VALUES('V38027133',TO_TIMESTAMP('29-AUG-08 08.23.25.000000 AM','DD-Mon-YY HH12:MI:SS:MS AM'),'FELIX ADOLFO ALGARIN PEREZ','URB COCHE',TO_TIMESTAMP('24-AUG-08 05.49.46.000000 AM','DD-Mon-YY HH12:MI:SS:MS AM'),'YKJ3789','LEONES-927');
INSERT INTO SOSPECHOSO VALUES('E12906391','EMILIO FELIX ADRIAN PARRA',3520601);
INSERT INTO SE_DETIENE VALUES('E12906391','OSOS-777',TO_TIMESTAMP('03-SEP-08 07.47.17.000000 PM','DD-Mon-YY HH12:MI:SS:MS PM'));
INSERT INTO SE_DETIENE VALUES('E67566095','OSOS-777',TO_TIMESTAMP('03-SEP-08 07.47.17.000000 PM','DD-Mon-YY HH12:MI:SS:MS PM'));
INSERT INTO DETENCION VALUES('OSOS-365',TO_TIMESTAMP('23-SEP-08 04.15.45.000000 AM','DD-Mon-YY HH12:MI:SS:MS AM'),'URB COLINAS DE LOS CHAGUARAMOS');
INSERT INTO VEHICULO_ROBADO VALUES('W468228','MITSUBISHI','MICRO','2006','NARANJA','OSOS-365',TO_TIMESTAMP('23-SEP-08 04.15.45.000000 AM','DD-Mon-YY HH12:MI:SS:MS AM'));
INSERT INTO DENUNCIA_ROBO VALUES('E50232725',TO_TIMESTAMP('16-AUG-08 04.10.18.000000 PM','DD-Mon-YY HH12:MI:SS:MS PM'),'CARMEN MARISOL GUERRERO CASTILLO','BARRIO CANIO AMARILLO',TO_TIMESTAMP('10-AUG-08 08.30.32.000000 PM','DD-Mon-YY HH12:MI:SS:MS PM'),'W468228','OSOS-783');
INSERT INTO SOSPECHOSO VALUES('V29834815','GUILLERMO VICTOR LOPEZ ADRIAN',6423339);
INSERT INTO SE_DETIENE VALUES('V29834815','OSOS-365',TO_TIMESTAMP('23-SEP-08 04.15.45.000000 AM','DD-Mon-YY HH12:MI:SS:MS AM'));
INSERT INTO SE_DETIENE VALUES('E99844357','OSOS-365',TO_TIMESTAMP('23-SEP-08 04.15.45.000000 AM','DD-Mon-YY HH12:MI:SS:MS AM'));
INSERT INTO SE_DETIENE VALUES('E67183842','OSOS-365',TO_TIMESTAMP('23-SEP-08 04.15.45.000000 AM','DD-Mon-YY HH12:MI:SS:MS AM'));
INSERT INTO SE_DETIENE VALUES('V20657353','OSOS-365',TO_TIMESTAMP('23-SEP-08 04.15.45.000000 AM','DD-Mon-YY HH12:MI:SS:MS AM'));
INSERT INTO DETENCION VALUES('OSOS-544',TO_TIMESTAMP('22-SEP-08 07.10.07.000000 PM','DD-Mon-YY HH12:MI:SS:MS PM'),'BARRIO AGUA AMARILLA');
INSERT INTO VEHICULO_ROBADO VALUES('T392430','DODGE','SEDAN','1991','ROJO','OSOS-544',TO_TIMESTAMP('22-SEP-08 07.10.07.000000 PM','DD-Mon-YY HH12:MI:SS:MS PM'));
INSERT INTO DENUNCIA_ROBO VALUES('V85840872',TO_TIMESTAMP('31-AUG-08 01.54.41.000000 AM','DD-Mon-YY HH12:MI:SS:MS AM'),'LILIAN ANGELA CASTILLO TORRES','URB MONTALBAN',TO_TIMESTAMP('30-AUG-08 12.57.30.000000 PM','DD-Mon-YY HH12:MI:SS:MS PM'),'T392430','TRIGRES-797');
INSERT INTO SOSPECHOSO VALUES('E97295649','CECILIA ANDREINA ALGARIN FERNADEZ',1949347);
INSERT INTO SE_DETIENE VALUES('E97295649','OSOS-544',TO_TIMESTAMP('22-SEP-08 07.10.07.000000 PM','DD-Mon-YY HH12:MI:SS:MS PM'));
INSERT INTO SE_DETIENE VALUES('E7573923','OSOS-544',TO_TIMESTAMP('22-SEP-08 07.10.07.000000 PM','DD-Mon-YY HH12:MI:SS:MS PM'));
INSERT INTO SE_DETIENE VALUES('V16594596','OSOS-544',TO_TIMESTAMP('22-SEP-08 07.10.07.000000 PM','DD-Mon-YY HH12:MI:SS:MS PM'));
INSERT INTO DETENCION VALUES('TIBURONES-870',TO_TIMESTAMP('08-AUG-08 05.41.27.000000 PM','DD-Mon-YY HH12:MI:SS:MS PM'),'BARRIO JOSE FELIX RIVAS');
INSERT INTO VEHICULO_ROBADO VALUES('QBAFQ47','SEAT','MICRO','1996','VERDE','TIBURONES-870',TO_TIMESTAMP('08-AUG-08 05.41.27.000000 PM','DD-Mon-YY HH12:MI:SS:MS PM'));
INSERT INTO DENUNCIA_ROBO VALUES('E53252317',TO_TIMESTAMP('08-AUG-08 09.19.52.000000 AM','DD-Mon-YY HH12:MI:SS:MS AM'),'ANTONIO JONATHAN MARQUEZ GUERRA','URB LA FLORIDA',TO_TIMESTAMP('03-AUG-08 05.17.49.000000 PM','DD-Mon-YY HH12:MI:SS:MS PM'),'QBAFQ47','TIBURONES-843');
INSERT INTO SOSPECHOSO VALUES('E77629012','ALICIA ANGELICA GUERRA GONZALEZ',2054442);
INSERT INTO SE_DETIENE VALUES('E77629012','TIBURONES-870',TO_TIMESTAMP('08-AUG-08 05.41.27.000000 PM','DD-Mon-YY HH12:MI:SS:MS PM'));
INSERT INTO SE_DETIENE VALUES('V20657353','TIBURONES-870',TO_TIMESTAMP('08-AUG-08 05.41.27.000000 PM','DD-Mon-YY HH12:MI:SS:MS PM'));
INSERT INTO SE_DETIENE VALUES('E27157964','TIBURONES-870',TO_TIMESTAMP('08-AUG-08 05.41.27.000000 PM','DD-Mon-YY HH12:MI:SS:MS PM'));
INSERT INTO SE_DETIENE VALUES('E7573923','TIBURONES-870',TO_TIMESTAMP('08-AUG-08 05.41.27.000000 PM','DD-Mon-YY HH12:MI:SS:MS PM'));
INSERT INTO DETENCION VALUES('LEONES-560',TO_TIMESTAMP('24-SEP-08 11.04.18.000000 AM','DD-Mon-YY HH12:MI:SS:MS AM'),'BARRIO LA LAGUNITA');
INSERT INTO VEHICULO_ROBADO VALUES('EXTK922','RENAULT','FURGONETA','2001','GRIS','LEONES-560',TO_TIMESTAMP('24-SEP-08 11.04.18.000000 AM','DD-Mon-YY HH12:MI:SS:MS AM'));
INSERT INTO DENUNCIA_ROBO VALUES('V33941187',TO_TIMESTAMP('14-AUG-08 06.48.10.000000 AM','DD-Mon-YY HH12:MI:SS:MS AM'),'ANGELA DANIELA GUERRA FERRER','URB CHACAITO',TO_TIMESTAMP('08-AUG-08 02.13.29.000000 AM','DD-Mon-YY HH12:MI:SS:MS AM'),'EXTK922','ARACNIDOS-143');
INSERT INTO SOSPECHOSO VALUES('V83594531','ROSA ALICIA TIRADO ALGARIN',6031628);
INSERT INTO SE_DETIENE VALUES('V83594531','LEONES-560',TO_TIMESTAMP('24-SEP-08 11.04.18.000000 AM','DD-Mon-YY HH12:MI:SS:MS AM'));
INSERT INTO SE_DETIENE VALUES('V20657353','LEONES-560',TO_TIMESTAMP('24-SEP-08 11.04.18.000000 AM','DD-Mon-YY HH12:MI:SS:MS AM'));
INSERT INTO SE_DETIENE VALUES('E28171064','LEONES-560',TO_TIMESTAMP('24-SEP-08 11.04.18.000000 AM','DD-Mon-YY HH12:MI:SS:MS AM'));
INSERT INTO SE_DETIENE VALUES('E54332266','LEONES-560',TO_TIMESTAMP('24-SEP-08 11.04.18.000000 AM','DD-Mon-YY HH12:MI:SS:MS AM'));
INSERT INTO DETENCION VALUES('PANTERAS-499',TO_TIMESTAMP('12-SEP-08 07.36.58.000000 AM','DD-Mon-YY HH12:MI:SS:MS AM'),'BARRIO BRISAS DE PROPATRIA');
INSERT INTO VEHICULO_ROBADO VALUES('DFQU270','DODGE','MICRO','1992','AMARILLO','PANTERAS-499',TO_TIMESTAMP('12-SEP-08 07.36.58.000000 AM','DD-Mon-YY HH12:MI:SS:MS AM'));
INSERT INTO DENUNCIA_ROBO VALUES('E42531883',TO_TIMESTAMP('22-AUG-08 03.37.01.000000 AM','DD-Mon-YY HH12:MI:SS:MS AM'),'CRISTINA ANGELA LOPEZ GARCIA','VALLE ABAJO',TO_TIMESTAMP('16-AUG-08 09.22.19.000000 PM','DD-Mon-YY HH12:MI:SS:MS PM'),'DFQU270','AGUILAS-556');
INSERT INTO SOSPECHOSO VALUES('V47414846','ISMAEL RAFAEL TIRADO TORRES',6479148);
INSERT INTO SE_DETIENE VALUES('V47414846','PANTERAS-499',TO_TIMESTAMP('12-SEP-08 07.36.58.000000 AM','DD-Mon-YY HH12:MI:SS:MS AM'));
INSERT INTO SE_DETIENE VALUES('E17892138','PANTERAS-499',TO_TIMESTAMP('12-SEP-08 07.36.58.000000 AM','DD-Mon-YY HH12:MI:SS:MS AM'));
INSERT INTO SE_DETIENE VALUES('E4202507','PANTERAS-499',TO_TIMESTAMP('12-SEP-08 07.36.58.000000 AM','DD-Mon-YY HH12:MI:SS:MS AM'));
INSERT INTO SE_DETIENE VALUES('E29499849','PANTERAS-499',TO_TIMESTAMP('12-SEP-08 07.36.58.000000 AM','DD-Mon-YY HH12:MI:SS:MS AM'));
INSERT INTO SE_DETIENE VALUES('V97272367','PANTERAS-499',TO_TIMESTAMP('12-SEP-08 07.36.58.000000 AM','DD-Mon-YY HH12:MI:SS:MS AM'));
INSERT INTO DETENCION VALUES('LEONES-798',TO_TIMESTAMP('02-OCT-08 11.58.17.000000 AM','DD-Mon-YY HH12:MI:SS:MS AM'),'BARRIO ALTOS DE LIDICE');
INSERT INTO VEHICULO_ROBADO VALUES('OCV4833','CHEVROLET','SEDAN','2003','AZUL','LEONES-798',TO_TIMESTAMP('02-OCT-08 11.58.17.000000 AM','DD-Mon-YY HH12:MI:SS:MS AM'));
INSERT INTO DENUNCIA_ROBO VALUES('V41965927',TO_TIMESTAMP('31-AUG-08 06.27.02.000000 AM','DD-Mon-YY HH12:MI:SS:MS AM'),'JOSE TOMAS LANDAETA SOSA','CARMELITAS',TO_TIMESTAMP('27-AUG-08 10.43.55.000000 AM','DD-Mon-YY HH12:MI:SS:MS AM'),'OCV4833','TIBURONES-293');
INSERT INTO SOSPECHOSO VALUES('E23715669','CRISTINA ANDREINA FERRER SOSA',2200049);
INSERT INTO SE_DETIENE VALUES('E23715669','LEONES-798',TO_TIMESTAMP('02-OCT-08 11.58.17.000000 AM','DD-Mon-YY HH12:MI:SS:MS AM'));
INSERT INTO SE_DETIENE VALUES('E87321506','LEONES-798',TO_TIMESTAMP('02-OCT-08 11.58.17.000000 AM','DD-Mon-YY HH12:MI:SS:MS AM'));
INSERT INTO SE_DETIENE VALUES('V15163962','LEONES-798',TO_TIMESTAMP('02-OCT-08 11.58.17.000000 AM','DD-Mon-YY HH12:MI:SS:MS AM'));
INSERT INTO SE_DETIENE VALUES('V97272367','LEONES-798',TO_TIMESTAMP('02-OCT-08 11.58.17.000000 AM','DD-Mon-YY HH12:MI:SS:MS AM'));
INSERT INTO DETENCION VALUES('TIBURONES-436',TO_TIMESTAMP('24-AUG-08 07.41.50.000000 PM','DD-Mon-YY HH12:MI:SS:MS PM'),'URB CAMPO CLARO');
INSERT INTO VEHICULO_ROBADO VALUES('CA40287','CHEVROLET','CAMIONETA','1998','VERDE','TIBURONES-436',TO_TIMESTAMP('24-AUG-08 07.41.50.000000 PM','DD-Mon-YY HH12:MI:SS:MS PM'));
INSERT INTO DENUNCIA_ROBO VALUES('V6789726',TO_TIMESTAMP('13-AUG-08 03.11.05.000000 AM','DD-Mon-YY HH12:MI:SS:MS AM'),'JESUS ADOLFO TIRADO GALLEGOS','URB EL PARAISO',TO_TIMESTAMP('08-AUG-08 12.51.18.000000 AM','DD-Mon-YY HH12:MI:SS:MS AM'),'CA40287','ARACNIDOS-378');
INSERT INTO SOSPECHOSO VALUES('E72652516','EMELY ANA PEREZ PEREIRA',6381889);
INSERT INTO SE_DETIENE VALUES('E72652516','TIBURONES-436',TO_TIMESTAMP('24-AUG-08 07.41.50.000000 PM','DD-Mon-YY HH12:MI:SS:MS PM'));
INSERT INTO SE_DETIENE VALUES('E92876896','TIBURONES-436',TO_TIMESTAMP('24-AUG-08 07.41.50.000000 PM','DD-Mon-YY HH12:MI:SS:MS PM'));
INSERT INTO SE_DETIENE VALUES('E29499849','TIBURONES-436',TO_TIMESTAMP('24-AUG-08 07.41.50.000000 PM','DD-Mon-YY HH12:MI:SS:MS PM'));
INSERT INTO SE_DETIENE VALUES('V15163962','TIBURONES-436',TO_TIMESTAMP('24-AUG-08 07.41.50.000000 PM','DD-Mon-YY HH12:MI:SS:MS PM'));
INSERT INTO SE_DETIENE VALUES('V33486065','TIBURONES-436',TO_TIMESTAMP('24-AUG-08 07.41.50.000000 PM','DD-Mon-YY HH12:MI:SS:MS PM'));
INSERT INTO SE_DETIENE VALUES('E99792858','TIBURONES-436',TO_TIMESTAMP('24-AUG-08 07.41.50.000000 PM','DD-Mon-YY HH12:MI:SS:MS PM'));
INSERT INTO DETENCION VALUES('PANTERAS-516',TO_TIMESTAMP('02-SEP-08 01.02.55.000000 AM','DD-Mon-YY HH12:MI:SS:MS AM'),'LA PASTORA');
INSERT INTO VEHICULO_ROBADO VALUES('NRM9163','SEAT','FURGONETA','2009','ROJO','PANTERAS-516',TO_TIMESTAMP('02-SEP-08 01.02.55.000000 AM','DD-Mon-YY HH12:MI:SS:MS AM'));
INSERT INTO DENUNCIA_ROBO VALUES('E91218739',TO_TIMESTAMP('05-AUG-08 02.46.37.000000 AM','DD-Mon-YY HH12:MI:SS:MS AM'),'TOMAS ADOLFO TIRADO PEREIRA','BARRIO BRISAS DE PROPATRIA',TO_TIMESTAMP('03-AUG-08 04.20.42.000000 AM','DD-Mon-YY HH12:MI:SS:MS AM'),'NRM9163','OSOS-719');
INSERT INTO SOSPECHOSO VALUES('E10990254','ANA ANGELA GOMEZ PEREZ',3203193);
INSERT INTO SE_DETIENE VALUES('E10990254','PANTERAS-516',TO_TIMESTAMP('02-SEP-08 01.02.55.000000 AM','DD-Mon-YY HH12:MI:SS:MS AM'));
INSERT INTO SE_DETIENE VALUES('E28171064','PANTERAS-516',TO_TIMESTAMP('02-SEP-08 01.02.55.000000 AM','DD-Mon-YY HH12:MI:SS:MS AM'));
INSERT INTO DETENCION VALUES('OSOS-771',TO_TIMESTAMP('24-OCT-08 03.35.41.000000 AM','DD-Mon-YY HH12:MI:SS:MS AM'),'VALLE ABAJO');
INSERT INTO VEHICULO_ROBADO VALUES('VYBTS76','PORSCHE','CAMIONETA','1990','VERDE','OSOS-771',TO_TIMESTAMP('24-OCT-08 03.35.41.000000 AM','DD-Mon-YY HH12:MI:SS:MS AM'));
INSERT INTO DENUNCIA_ROBO VALUES('E52492570',TO_TIMESTAMP('09-SEP-08 03.38.34.000000 PM','DD-Mon-YY HH12:MI:SS:MS PM'),'PEDRO ADOLFO CASTILLO GUERRERO','URB COLINAS DE LOS CHAGUARAMOS',TO_TIMESTAMP('06-SEP-08 02.50.09.000000 PM','DD-Mon-YY HH12:MI:SS:MS PM'),'VYBTS76','LEONES-927');
INSERT INTO SOSPECHOSO VALUES('E60189222','ALICIA ESTHER GUERRA LANDAETA',6622589);
INSERT INTO SE_DETIENE VALUES('E60189222','OSOS-771',TO_TIMESTAMP('24-OCT-08 03.35.41.000000 AM','DD-Mon-YY HH12:MI:SS:MS AM'));
INSERT INTO SE_DETIENE VALUES('E7826048','OSOS-771',TO_TIMESTAMP('24-OCT-08 03.35.41.000000 AM','DD-Mon-YY HH12:MI:SS:MS AM'));
INSERT INTO SE_DETIENE VALUES('V97272367','OSOS-771',TO_TIMESTAMP('24-OCT-08 03.35.41.000000 AM','DD-Mon-YY HH12:MI:SS:MS AM'));
INSERT INTO SE_DETIENE VALUES('E72114586','OSOS-771',TO_TIMESTAMP('24-OCT-08 03.35.41.000000 AM','DD-Mon-YY HH12:MI:SS:MS AM'));
INSERT INTO SE_DETIENE VALUES('V16481829','OSOS-771',TO_TIMESTAMP('24-OCT-08 03.35.41.000000 AM','DD-Mon-YY HH12:MI:SS:MS AM'));
INSERT INTO SE_DETIENE VALUES('E12104514','OSOS-771',TO_TIMESTAMP('24-OCT-08 03.35.41.000000 AM','DD-Mon-YY HH12:MI:SS:MS AM'));
INSERT INTO DETENCION VALUES('ARACNIDOS-117',TO_TIMESTAMP('14-AUG-08 03.09.55.000000 AM','DD-Mon-YY HH12:MI:SS:MS AM'),'BARRIO CORTADA DE CATIA');
INSERT INTO VEHICULO_ROBADO VALUES('T119426','MITSUBISHI','CAMIONETA','2002','AZUL','ARACNIDOS-117',TO_TIMESTAMP('14-AUG-08 03.09.55.000000 AM','DD-Mon-YY HH12:MI:SS:MS AM'));
INSERT INTO DENUNCIA_ROBO VALUES('V66282868',TO_TIMESTAMP('09-AUG-08 05.31.52.000000 AM','DD-Mon-YY HH12:MI:SS:MS AM'),'VICTORIA CRISTINA LANDAETA PEREIRA','SARTENEJAS',TO_TIMESTAMP('08-AUG-08 05.17.41.000000 PM','DD-Mon-YY HH12:MI:SS:MS PM'),'T119426','TIBURONES-870');
INSERT INTO SOSPECHOSO VALUES('V2114380','LUIS ALBERTO LANDAETA GALLEGOS',6858112);
INSERT INTO SE_DETIENE VALUES('V2114380','ARACNIDOS-117',TO_TIMESTAMP('14-AUG-08 03.09.55.000000 AM','DD-Mon-YY HH12:MI:SS:MS AM'));
INSERT INTO SE_DETIENE VALUES('E29499849','ARACNIDOS-117',TO_TIMESTAMP('14-AUG-08 03.09.55.000000 AM','DD-Mon-YY HH12:MI:SS:MS AM'));
INSERT INTO SE_DETIENE VALUES('V4220431','ARACNIDOS-117',TO_TIMESTAMP('14-AUG-08 03.09.55.000000 AM','DD-Mon-YY HH12:MI:SS:MS AM'));
INSERT INTO SE_DETIENE VALUES('E8762669','ARACNIDOS-117',TO_TIMESTAMP('14-AUG-08 03.09.55.000000 AM','DD-Mon-YY HH12:MI:SS:MS AM'));
INSERT INTO SE_DETIENE VALUES('E8762669','ARACNIDOS-117',TO_TIMESTAMP('14-AUG-08 03.09.55.000000 AM','DD-Mon-YY HH12:MI:SS:MS AM'));
INSERT INTO DETENCION VALUES('ZORROS-775',TO_TIMESTAMP('19-AUG-08 03.35.10.000000 AM','DD-Mon-YY HH12:MI:SS:MS AM'),'BARRIO AGUACATICO');
INSERT INTO VEHICULO_ROBADO VALUES('JEGY235','PORSCHE','MICRO','1997','ROJO','ZORROS-775',TO_TIMESTAMP('19-AUG-08 03.35.10.000000 AM','DD-Mon-YY HH12:MI:SS:MS AM'));
INSERT INTO DENUNCIA_ROBO VALUES('V8598327',TO_TIMESTAMP('11-AUG-08 10.35.46.000000 AM','DD-Mon-YY HH12:MI:SS:MS AM'),'ANA ANGELA LANDAETA GUERRERO','SAN AGUSTIN',TO_TIMESTAMP('10-AUG-08 12.59.43.000000 AM','DD-Mon-YY HH12:MI:SS:MS AM'),'JEGY235','TIBURONES-870');
INSERT INTO SOSPECHOSO VALUES('E58516089','LILIAN ELENA GUERRERO GONZALEZ',2463122);
INSERT INTO SE_DETIENE VALUES('E58516089','ZORROS-775',TO_TIMESTAMP('19-AUG-08 03.35.10.000000 AM','DD-Mon-YY HH12:MI:SS:MS AM'));
INSERT INTO SE_DETIENE VALUES('E42844779','ZORROS-775',TO_TIMESTAMP('19-AUG-08 03.35.10.000000 AM','DD-Mon-YY HH12:MI:SS:MS AM'));
INSERT INTO SE_DETIENE VALUES('E99844357','ZORROS-775',TO_TIMESTAMP('19-AUG-08 03.35.10.000000 AM','DD-Mon-YY HH12:MI:SS:MS AM'));
INSERT INTO SE_DETIENE VALUES('E92876896','ZORROS-775',TO_TIMESTAMP('19-AUG-08 03.35.10.000000 AM','DD-Mon-YY HH12:MI:SS:MS AM'));
INSERT INTO SE_DETIENE VALUES('V97272367','ZORROS-775',TO_TIMESTAMP('19-AUG-08 03.35.10.000000 AM','DD-Mon-YY HH12:MI:SS:MS AM'));
INSERT INTO DETENCION VALUES('TIBURONES-436',TO_TIMESTAMP('28-SEP-08 07.49.08.000000 AM','DD-Mon-YY HH12:MI:SS:MS AM'),'VALLE ABAJO');
INSERT INTO VEHICULO_ROBADO VALUES('VL32849','DODGE','DEPORTIVO','1992','AMARILLO','TIBURONES-436',TO_TIMESTAMP('28-SEP-08 07.49.08.000000 AM','DD-Mon-YY HH12:MI:SS:MS AM'));
INSERT INTO DENUNCIA_ROBO VALUES('E68363021',TO_TIMESTAMP('25-AUG-08 06.25.50.000000 PM','DD-Mon-YY HH12:MI:SS:MS PM'),'CRISTINA ANGELA LANDAETA PEREIRA','BARRIO HOYADA',TO_TIMESTAMP('20-AUG-08 01.38.07.000000 AM','DD-Mon-YY HH12:MI:SS:MS AM'),'VL32849','TRIGRES-176');
INSERT INTO SOSPECHOSO VALUES('V99321180','LEONARDO FELIPE MARQUEZ GARCIA',5349921);
INSERT INTO SE_DETIENE VALUES('V99321180','TIBURONES-436',TO_TIMESTAMP('28-SEP-08 07.49.08.000000 AM','DD-Mon-YY HH12:MI:SS:MS AM'));
INSERT INTO SE_DETIENE VALUES('V33486065','TIBURONES-436',TO_TIMESTAMP('28-SEP-08 07.49.08.000000 AM','DD-Mon-YY HH12:MI:SS:MS AM'));
INSERT INTO SE_DETIENE VALUES('E7826048','TIBURONES-436',TO_TIMESTAMP('28-SEP-08 07.49.08.000000 AM','DD-Mon-YY HH12:MI:SS:MS AM'));
INSERT INTO DETENCION VALUES('OSOS-773',TO_TIMESTAMP('26-SEP-08 04.02.54.000000 AM','DD-Mon-YY HH12:MI:SS:MS AM'),'BARRIO CENTRO ITALO');
INSERT INTO VEHICULO_ROBADO VALUES('KSLC438','SEAT','CAMIONETA','1994','AZUL','OSOS-773',TO_TIMESTAMP('26-SEP-08 04.02.54.000000 AM','DD-Mon-YY HH12:MI:SS:MS AM'));
INSERT INTO DENUNCIA_ROBO VALUES('V92200580',TO_TIMESTAMP('27-AUG-08 09.35.47.000000 AM','DD-Mon-YY HH12:MI:SS:MS AM'),'ALICIA ANDREINA PEREZ ALGARIN','URB BELLO MONTE',TO_TIMESTAMP('21-AUG-08 08.52.51.000000 AM','DD-Mon-YY HH12:MI:SS:MS AM'),'KSLC438','ARACNIDOS-380');
INSERT INTO SOSPECHOSO VALUES('V55569386','ANDREINA CECILIA LOPEZ GUERRA',6725841);
INSERT INTO SE_DETIENE VALUES('V55569386','OSOS-773',TO_TIMESTAMP('26-SEP-08 04.02.54.000000 AM','DD-Mon-YY HH12:MI:SS:MS AM'));
INSERT INTO SE_DETIENE VALUES('E8762669','OSOS-773',TO_TIMESTAMP('26-SEP-08 04.02.54.000000 AM','DD-Mon-YY HH12:MI:SS:MS AM'));
INSERT INTO SE_DETIENE VALUES('E36229665','OSOS-773',TO_TIMESTAMP('26-SEP-08 04.02.54.000000 AM','DD-Mon-YY HH12:MI:SS:MS AM'));
INSERT INTO SE_DETIENE VALUES('E4202507','OSOS-773',TO_TIMESTAMP('26-SEP-08 04.02.54.000000 AM','DD-Mon-YY HH12:MI:SS:MS AM'));
INSERT INTO SE_DETIENE VALUES('E88228181','OSOS-773',TO_TIMESTAMP('26-SEP-08 04.02.54.000000 AM','DD-Mon-YY HH12:MI:SS:MS AM'));
INSERT INTO DETENCION VALUES('ARACNIDOS-680',TO_TIMESTAMP('14-SEP-08 11.35.39.000000 PM','DD-Mon-YY HH12:MI:SS:MS PM'),'BARRIO ALTOS DE LIDICE');
INSERT INTO VEHICULO_ROBADO VALUES('AWAEEI2','SUSUKI','SEDAN','1992','VIOLETA','ARACNIDOS-680',TO_TIMESTAMP('14-SEP-08 11.35.39.000000 PM','DD-Mon-YY HH12:MI:SS:MS PM'));
INSERT INTO DENUNCIA_ROBO VALUES('V58223345',TO_TIMESTAMP('10-AUG-08 02.48.42.000000 PM','DD-Mon-YY HH12:MI:SS:MS PM'),'ADRIANA EMELY TORRES PARRA','BARRIO HOYADA',TO_TIMESTAMP('05-AUG-08 06.38.50.000000 AM','DD-Mon-YY HH12:MI:SS:MS AM'),'AWAEEI2','TIBURONES-224');
INSERT INTO SOSPECHOSO VALUES('E7026199','CECILIA ANGELICA PARRA ZAMBRANO',6159330);
INSERT INTO SE_DETIENE VALUES('E7026199','ARACNIDOS-680',TO_TIMESTAMP('14-SEP-08 11.35.39.000000 PM','DD-Mon-YY HH12:MI:SS:MS PM'));
INSERT INTO SE_DETIENE VALUES('E8762669','ARACNIDOS-680',TO_TIMESTAMP('14-SEP-08 11.35.39.000000 PM','DD-Mon-YY HH12:MI:SS:MS PM'));
INSERT INTO SE_DETIENE VALUES('E92876896','ARACNIDOS-680',TO_TIMESTAMP('14-SEP-08 11.35.39.000000 PM','DD-Mon-YY HH12:MI:SS:MS PM'));
INSERT INTO SE_DETIENE VALUES('E67566095','ARACNIDOS-680',TO_TIMESTAMP('14-SEP-08 11.35.39.000000 PM','DD-Mon-YY HH12:MI:SS:MS PM'));
INSERT INTO SE_DETIENE VALUES('E92876896','ARACNIDOS-680',TO_TIMESTAMP('14-SEP-08 11.35.39.000000 PM','DD-Mon-YY HH12:MI:SS:MS PM'));
INSERT INTO DETENCION VALUES('OSOS-867',TO_TIMESTAMP('24-AUG-08 09.41.09.000000 AM','DD-Mon-YY HH12:MI:SS:MS AM'),'URB CHACAITO');
INSERT INTO VEHICULO_ROBADO VALUES('EQ12393','MAZDA','FURGONETA','2006','AMARILLO','OSOS-867',TO_TIMESTAMP('24-AUG-08 09.41.09.000000 AM','DD-Mon-YY HH12:MI:SS:MS AM'));
INSERT INTO DENUNCIA_ROBO VALUES('V82154936',TO_TIMESTAMP('18-AUG-08 07.37.08.000000 AM','DD-Mon-YY HH12:MI:SS:MS AM'),'ISMAEL GUILLERMO FERNADEZ GARCIA','BARRIO EL CALVARIO',TO_TIMESTAMP('17-AUG-08 07.23.30.000000 PM','DD-Mon-YY HH12:MI:SS:MS PM'),'EQ12393','TIBURONES-843');
INSERT INTO SOSPECHOSO VALUES('V1547882','ELENA MARIA FERRER GALLEGOS',5295517);
INSERT INTO SE_DETIENE VALUES('V1547882','OSOS-867',TO_TIMESTAMP('24-AUG-08 09.41.09.000000 AM','DD-Mon-YY HH12:MI:SS:MS AM'));
INSERT INTO SE_DETIENE VALUES('E27157964','OSOS-867',TO_TIMESTAMP('24-AUG-08 09.41.09.000000 AM','DD-Mon-YY HH12:MI:SS:MS AM'));
INSERT INTO SE_DETIENE VALUES('V33486065','OSOS-867',TO_TIMESTAMP('24-AUG-08 09.41.09.000000 AM','DD-Mon-YY HH12:MI:SS:MS AM'));
INSERT INTO SE_DETIENE VALUES('E7826048','OSOS-867',TO_TIMESTAMP('24-AUG-08 09.41.09.000000 AM','DD-Mon-YY HH12:MI:SS:MS AM'));
INSERT INTO DETENCION VALUES('ZORROS-116',TO_TIMESTAMP('31-AUG-08 02.44.24.000000 PM','DD-Mon-YY HH12:MI:SS:MS PM'),'LA PASTORA');
INSERT INTO VEHICULO_ROBADO VALUES('ZMDLX66','DAEWOO','DEPORTIVO','2002','VIOLETA','ZORROS-116',TO_TIMESTAMP('31-AUG-08 02.44.24.000000 PM','DD-Mon-YY HH12:MI:SS:MS PM'));
INSERT INTO DENUNCIA_ROBO VALUES('E33492115',TO_TIMESTAMP('04-AUG-08 01.31.36.000000 AM','DD-Mon-YY HH12:MI:SS:MS AM'),'ANGELA MONICA ZAMBRANO PEREZ','PARAISO',TO_TIMESTAMP('31-JUL-08 06.12.16.000000 PM','DD-Mon-YY HH12:MI:SS:MS PM'),'ZMDLX66','ZORROS-116');
INSERT INTO SOSPECHOSO VALUES('V99026707','ANGELA CARMEN MENDOZA TIRADO',3604599);
INSERT INTO SE_DETIENE VALUES('V99026707','ZORROS-116',TO_TIMESTAMP('31-AUG-08 02.44.24.000000 PM','DD-Mon-YY HH12:MI:SS:MS PM'));
INSERT INTO SE_DETIENE VALUES('E28171064','ZORROS-116',TO_TIMESTAMP('31-AUG-08 02.44.24.000000 PM','DD-Mon-YY HH12:MI:SS:MS PM'));
INSERT INTO SE_DETIENE VALUES('E7826048','ZORROS-116',TO_TIMESTAMP('31-AUG-08 02.44.24.000000 PM','DD-Mon-YY HH12:MI:SS:MS PM'));
INSERT INTO SE_DETIENE VALUES('V47381153','ZORROS-116',TO_TIMESTAMP('31-AUG-08 02.44.24.000000 PM','DD-Mon-YY HH12:MI:SS:MS PM'));
INSERT INTO SE_DETIENE VALUES('E11842475','ZORROS-116',TO_TIMESTAMP('31-AUG-08 02.44.24.000000 PM','DD-Mon-YY HH12:MI:SS:MS PM'));
INSERT INTO DETENCION VALUES('OSOS-844',TO_TIMESTAMP('24-SEP-08 02.46.19.000000 PM','DD-Mon-YY HH12:MI:SS:MS PM'),'BARRIO BRISAS DEL PARAISO');
INSERT INTO VEHICULO_ROBADO VALUES('J820109','TOYOTA','DEPORTIVO','2001','AZUL','OSOS-844',TO_TIMESTAMP('24-SEP-08 02.46.19.000000 PM','DD-Mon-YY HH12:MI:SS:MS PM'));
INSERT INTO DENUNCIA_ROBO VALUES('E45859927',TO_TIMESTAMP('29-AUG-08 05.29.56.000000 PM','DD-Mon-YY HH12:MI:SS:MS PM'),'ADRIANA ANGELA PEREZ ADRIAN','CAFETAL',TO_TIMESTAMP('27-AUG-08 04.15.54.000000 AM','DD-Mon-YY HH12:MI:SS:MS AM'),'J820109','PANTERAS-499');
INSERT INTO SOSPECHOSO VALUES('E5036337','CHRISTIAN VICTOR GIRALDEZ ADRIAN',8833315);
INSERT INTO SE_DETIENE VALUES('E5036337','OSOS-844',TO_TIMESTAMP('24-SEP-08 02.46.19.000000 PM','DD-Mon-YY HH12:MI:SS:MS PM'));
INSERT INTO SE_DETIENE VALUES('E92876896','OSOS-844',TO_TIMESTAMP('24-SEP-08 02.46.19.000000 PM','DD-Mon-YY HH12:MI:SS:MS PM'));
INSERT INTO DETENCION VALUES('OSOS-777',TO_TIMESTAMP('17-OCT-08 07.11.54.000000 PM','DD-Mon-YY HH12:MI:SS:MS PM'),'EL VALLE');
INSERT INTO VEHICULO_ROBADO VALUES('TBFY111','BMW','DEPORTIVO','2007','AZUL','OSOS-777',TO_TIMESTAMP('17-OCT-08 07.11.54.000000 PM','DD-Mon-YY HH12:MI:SS:MS PM'));
INSERT INTO DENUNCIA_ROBO VALUES('E71817071',TO_TIMESTAMP('07-SEP-08 10.06.17.000000 AM','DD-Mon-YY HH12:MI:SS:MS AM'),'TOMAS ALBERTO GALLEGOS MARQUEZ','BARRIO JOSE FELIX RIVAS',TO_TIMESTAMP('03-SEP-08 06.38.01.000000 PM','DD-Mon-YY HH12:MI:SS:MS PM'),'TBFY111','ZORROS-831');
INSERT INTO SOSPECHOSO VALUES('V25587564','VICTOR ESTEFANO PARRA PEREIRA',4153955);
INSERT INTO SE_DETIENE VALUES('V25587564','OSOS-777',TO_TIMESTAMP('17-OCT-08 07.11.54.000000 PM','DD-Mon-YY HH12:MI:SS:MS PM'));
INSERT INTO SE_DETIENE VALUES('E67183842','OSOS-777',TO_TIMESTAMP('17-OCT-08 07.11.54.000000 PM','DD-Mon-YY HH12:MI:SS:MS PM'));
INSERT INTO SE_DETIENE VALUES('E36229665','OSOS-777',TO_TIMESTAMP('17-OCT-08 07.11.54.000000 PM','DD-Mon-YY HH12:MI:SS:MS PM'));
INSERT INTO DETENCION VALUES('ARACNIDOS-378',TO_TIMESTAMP('27-SEP-08 07.31.05.000000 AM','DD-Mon-YY HH12:MI:SS:MS AM'),'URB CHACAITO');
INSERT INTO VEHICULO_ROBADO VALUES('HTC6384','MASERATI','MICRO','2006','AMARILLO','ARACNIDOS-378',TO_TIMESTAMP('27-SEP-08 07.31.05.000000 AM','DD-Mon-YY HH12:MI:SS:MS AM'));
INSERT INTO DENUNCIA_ROBO VALUES('V81122302',TO_TIMESTAMP('17-AUG-08 10.00.15.000000 AM','DD-Mon-YY HH12:MI:SS:MS AM'),'LILIAN ANDREINA FERNADEZ MENDOZA','URB LOS CAMPITOS',TO_TIMESTAMP('13-AUG-08 04.00.42.000000 PM','DD-Mon-YY HH12:MI:SS:MS PM'),'HTC6384','ARACNIDOS-171');
INSERT INTO SOSPECHOSO VALUES('V52980015','ADRIANA ANGELICA MARQUEZ SOSA',3258937);
INSERT INTO SE_DETIENE VALUES('V52980015','ARACNIDOS-378',TO_TIMESTAMP('27-SEP-08 07.31.05.000000 AM','DD-Mon-YY HH12:MI:SS:MS AM'));
INSERT INTO SE_DETIENE VALUES('E72761183','ARACNIDOS-378',TO_TIMESTAMP('27-SEP-08 07.31.05.000000 AM','DD-Mon-YY HH12:MI:SS:MS AM'));
INSERT INTO SE_DETIENE VALUES('E8762669','ARACNIDOS-378',TO_TIMESTAMP('27-SEP-08 07.31.05.000000 AM','DD-Mon-YY HH12:MI:SS:MS AM'));
INSERT INTO SE_DETIENE VALUES('E67183842','ARACNIDOS-378',TO_TIMESTAMP('27-SEP-08 07.31.05.000000 AM','DD-Mon-YY HH12:MI:SS:MS AM'));
INSERT INTO DETENCION VALUES('ARACNIDOS-167',TO_TIMESTAMP('03-SEP-08 06.49.32.000000 AM','DD-Mon-YY HH12:MI:SS:MS AM'),'PLAZA VENEZUELA');
INSERT INTO VEHICULO_ROBADO VALUES('YCE1195','LAND ROVER','PICKUP','1993','ROJO','ARACNIDOS-167',TO_TIMESTAMP('03-SEP-08 06.49.32.000000 AM','DD-Mon-YY HH12:MI:SS:MS AM'));
INSERT INTO DENUNCIA_ROBO VALUES('E13850994',TO_TIMESTAMP('03-SEP-08 01.04.12.000000 AM','DD-Mon-YY HH12:MI:SS:MS AM'),'DAVID BEJAMIN GUERRERO FERRER','EL VALLE',TO_TIMESTAMP('01-SEP-08 10.59.39.000000 PM','DD-Mon-YY HH12:MI:SS:MS PM'),'YCE1195','LEONES-273');
INSERT INTO SOSPECHOSO VALUES('V36057595','TOMAS BEJAMIN CASTILLO GUERRA',9153364);
INSERT INTO SE_DETIENE VALUES('V36057595','ARACNIDOS-167',TO_TIMESTAMP('03-SEP-08 06.49.32.000000 AM','DD-Mon-YY HH12:MI:SS:MS AM'));
INSERT INTO SE_DETIENE VALUES('E67183842','ARACNIDOS-167',TO_TIMESTAMP('03-SEP-08 06.49.32.000000 AM','DD-Mon-YY HH12:MI:SS:MS AM'));
INSERT INTO SE_DETIENE VALUES('E67183842','ARACNIDOS-167',TO_TIMESTAMP('03-SEP-08 06.49.32.000000 AM','DD-Mon-YY HH12:MI:SS:MS AM'));
INSERT INTO SE_DETIENE VALUES('E87321506','ARACNIDOS-167',TO_TIMESTAMP('03-SEP-08 06.49.32.000000 AM','DD-Mon-YY HH12:MI:SS:MS AM'));
INSERT INTO SE_DETIENE VALUES('E88228181','ARACNIDOS-167',TO_TIMESTAMP('03-SEP-08 06.49.32.000000 AM','DD-Mon-YY HH12:MI:SS:MS AM'));
INSERT INTO SE_DETIENE VALUES('E92876896','ARACNIDOS-167',TO_TIMESTAMP('03-SEP-08 06.49.32.000000 AM','DD-Mon-YY HH12:MI:SS:MS AM'));
INSERT INTO DETENCION VALUES('TIBURONES-794',TO_TIMESTAMP('06-SEP-08 05.58.21.000000 PM','DD-Mon-YY HH12:MI:SS:MS PM'),'SANTA CECILIA');
INSERT INTO VEHICULO_ROBADO VALUES('VYMDHR1','AUDI','PICKUP','2007','CAFE','TIBURONES-794',TO_TIMESTAMP('06-SEP-08 05.58.21.000000 PM','DD-Mon-YY HH12:MI:SS:MS PM'));
INSERT INTO DENUNCIA_ROBO VALUES('V2511823',TO_TIMESTAMP('31-AUG-08 08.59.56.000000 AM','DD-Mon-YY HH12:MI:SS:MS AM'),'LEONARDO EDUARDO GARCIA FERRER','CARICUAO',TO_TIMESTAMP('29-AUG-08 08.11.12.000000 PM','DD-Mon-YY HH12:MI:SS:MS PM'),'VYMDHR1','ARACNIDOS-749');
INSERT INTO SOSPECHOSO VALUES('E81746355','ANA ESTHER MENDOZA CASTILLO',7371854);
INSERT INTO SE_DETIENE VALUES('E81746355','TIBURONES-794',TO_TIMESTAMP('06-SEP-08 05.58.21.000000 PM','DD-Mon-YY HH12:MI:SS:MS PM'));
INSERT INTO SE_DETIENE VALUES('V16481829','TIBURONES-794',TO_TIMESTAMP('06-SEP-08 05.58.21.000000 PM','DD-Mon-YY HH12:MI:SS:MS PM'));
INSERT INTO SE_DETIENE VALUES('E7573923','TIBURONES-794',TO_TIMESTAMP('06-SEP-08 05.58.21.000000 PM','DD-Mon-YY HH12:MI:SS:MS PM'));
INSERT INTO SE_DETIENE VALUES('V15163962','TIBURONES-794',TO_TIMESTAMP('06-SEP-08 05.58.21.000000 PM','DD-Mon-YY HH12:MI:SS:MS PM'));
INSERT INTO SE_DETIENE VALUES('E28171064','TIBURONES-794',TO_TIMESTAMP('06-SEP-08 05.58.21.000000 PM','DD-Mon-YY HH12:MI:SS:MS PM'));
INSERT INTO DETENCION VALUES('TRIGRES-672',TO_TIMESTAMP('08-SEP-08 08.40.05.000000 PM','DD-Mon-YY HH12:MI:SS:MS PM'),'BARRIO ALBERTO RAVELL');
INSERT INTO VEHICULO_ROBADO VALUES('ONDNB79','RENAULT','FURGONETA','2000','AMARILLO','TRIGRES-672',TO_TIMESTAMP('08-SEP-08 08.40.05.000000 PM','DD-Mon-YY HH12:MI:SS:MS PM'));
INSERT INTO DENUNCIA_ROBO VALUES('V4232913',TO_TIMESTAMP('07-SEP-08 03.21.38.000000 PM','DD-Mon-YY HH12:MI:SS:MS PM'),'EDUARDO ADOLFO GIRALDEZ GALLEGOS','SANTA CECILIA',TO_TIMESTAMP('31-AUG-08 03.39.21.000000 PM','DD-Mon-YY HH12:MI:SS:MS PM'),'ONDNB79','PANTERAS-456');
INSERT INTO SOSPECHOSO VALUES('V90541883','MIRIAM ANDREINA GIRALDEZ ADRIAN',7090596);
INSERT INTO SE_DETIENE VALUES('V90541883','TRIGRES-672',TO_TIMESTAMP('08-SEP-08 08.40.05.000000 PM','DD-Mon-YY HH12:MI:SS:MS PM'));
INSERT INTO SE_DETIENE VALUES('E87321506','TRIGRES-672',TO_TIMESTAMP('08-SEP-08 08.40.05.000000 PM','DD-Mon-YY HH12:MI:SS:MS PM'));
INSERT INTO DETENCION VALUES('OSOS-868',TO_TIMESTAMP('24-SEP-08 01.25.10.000000 PM','DD-Mon-YY HH12:MI:SS:MS PM'),'BARRIO EL TRIANGULO EL CEMENTERIO');
INSERT INTO VEHICULO_ROBADO VALUES('ES22164','DAEWOO','DEPORTIVO','1990','CAFE','OSOS-868',TO_TIMESTAMP('24-SEP-08 01.25.10.000000 PM','DD-Mon-YY HH12:MI:SS:MS PM'));
INSERT INTO DENUNCIA_ROBO VALUES('E41199709',TO_TIMESTAMP('12-AUG-08 06.27.52.000000 PM','DD-Mon-YY HH12:MI:SS:MS PM'),'GUILLERMO FELIX LANDAETA ADRIAN','VALLE ALTO',TO_TIMESTAMP('08-AUG-08 05.33.44.000000 PM','DD-Mon-YY HH12:MI:SS:MS PM'),'ES22164','ARACNIDOS-380');
INSERT INTO SOSPECHOSO VALUES('V36677697','TERESA ELENA GALLEGOS FERRER',1937113);
INSERT INTO SE_DETIENE VALUES('V36677697','OSOS-868',TO_TIMESTAMP('24-SEP-08 01.25.10.000000 PM','DD-Mon-YY HH12:MI:SS:MS PM'));
INSERT INTO SE_DETIENE VALUES('E42844779','OSOS-868',TO_TIMESTAMP('24-SEP-08 01.25.10.000000 PM','DD-Mon-YY HH12:MI:SS:MS PM'));
INSERT INTO SE_DETIENE VALUES('E67566095','OSOS-868',TO_TIMESTAMP('24-SEP-08 01.25.10.000000 PM','DD-Mon-YY HH12:MI:SS:MS PM'));
INSERT INTO SE_DETIENE VALUES('V20657353','OSOS-868',TO_TIMESTAMP('24-SEP-08 01.25.10.000000 PM','DD-Mon-YY HH12:MI:SS:MS PM'));
INSERT INTO DETENCION VALUES('TRIGRES-296',TO_TIMESTAMP('27-SEP-08 02.46.21.000000 AM','DD-Mon-YY HH12:MI:SS:MS AM'),'BARRIO ALTOS DE LIDICE');
INSERT INTO VEHICULO_ROBADO VALUES('UUANW60','JEEP','PICKUP','1994','GRIS','TRIGRES-296',TO_TIMESTAMP('27-SEP-08 02.46.21.000000 AM','DD-Mon-YY HH12:MI:SS:MS AM'));
INSERT INTO DENUNCIA_ROBO VALUES('V15519746',TO_TIMESTAMP('12-SEP-08 08.21.18.000000 PM','DD-Mon-YY HH12:MI:SS:MS PM'),'VICTOR GUILLERMO TIRADO GALLEGOS','LA CANDELARIA',TO_TIMESTAMP('07-SEP-08 08.21.16.000000 PM','DD-Mon-YY HH12:MI:SS:MS PM'),'UUANW60','ZORROS-305');
INSERT INTO SOSPECHOSO VALUES('E45827483','ANA GABRIELA LANDAETA MENDOZA',7095897);
INSERT INTO SE_DETIENE VALUES('E45827483','TRIGRES-296',TO_TIMESTAMP('27-SEP-08 02.46.21.000000 AM','DD-Mon-YY HH12:MI:SS:MS AM'));
INSERT INTO SE_DETIENE VALUES('V33486065','TRIGRES-296',TO_TIMESTAMP('27-SEP-08 02.46.21.000000 AM','DD-Mon-YY HH12:MI:SS:MS AM'));
INSERT INTO SE_DETIENE VALUES('E8762669','TRIGRES-296',TO_TIMESTAMP('27-SEP-08 02.46.21.000000 AM','DD-Mon-YY HH12:MI:SS:MS AM'));
INSERT INTO SE_DETIENE VALUES('V4220431','TRIGRES-296',TO_TIMESTAMP('27-SEP-08 02.46.21.000000 AM','DD-Mon-YY HH12:MI:SS:MS AM'));
INSERT INTO SE_DETIENE VALUES('V97272367','TRIGRES-296',TO_TIMESTAMP('27-SEP-08 02.46.21.000000 AM','DD-Mon-YY HH12:MI:SS:MS AM'));
INSERT INTO SE_DETIENE VALUES('E8762669','TRIGRES-296',TO_TIMESTAMP('27-SEP-08 02.46.21.000000 AM','DD-Mon-YY HH12:MI:SS:MS AM'));
INSERT INTO DETENCION VALUES('PANTERAS-182',TO_TIMESTAMP('23-SEP-08 03.06.18.000000 AM','DD-Mon-YY HH12:MI:SS:MS AM'),'URB COLINAS DE LOS CHAGUARAMOS');
INSERT INTO VEHICULO_ROBADO VALUES('V860242','HONDA','MICRO','1998','NEGRO','PANTERAS-182',TO_TIMESTAMP('23-SEP-08 03.06.18.000000 AM','DD-Mon-YY HH12:MI:SS:MS AM'));
INSERT INTO DENUNCIA_ROBO VALUES('V42142700',TO_TIMESTAMP('10-SEP-08 04.50.10.000000 PM','DD-Mon-YY HH12:MI:SS:MS PM'),'ESTHER CRISTINA TORRES MARQUEZ','URB COLINAS DE LOS CHAGUARAMOS',TO_TIMESTAMP('04-SEP-08 04.57.25.000000 AM','DD-Mon-YY HH12:MI:SS:MS AM'),'V860242','LEONES-927');
INSERT INTO SOSPECHOSO VALUES('V30297990','CECILIA VICTORIA PARRA GOMEZ',9932126);
INSERT INTO SE_DETIENE VALUES('V30297990','PANTERAS-182',TO_TIMESTAMP('23-SEP-08 03.06.18.000000 AM','DD-Mon-YY HH12:MI:SS:MS AM'));
INSERT INTO SE_DETIENE VALUES('E99792858','PANTERAS-182',TO_TIMESTAMP('23-SEP-08 03.06.18.000000 AM','DD-Mon-YY HH12:MI:SS:MS AM'));
INSERT INTO SE_DETIENE VALUES('E67566095','PANTERAS-182',TO_TIMESTAMP('23-SEP-08 03.06.18.000000 AM','DD-Mon-YY HH12:MI:SS:MS AM'));
INSERT INTO SE_DETIENE VALUES('E54332266','PANTERAS-182',TO_TIMESTAMP('23-SEP-08 03.06.18.000000 AM','DD-Mon-YY HH12:MI:SS:MS AM'));
INSERT INTO SE_DETIENE VALUES('E54332266','PANTERAS-182',TO_TIMESTAMP('23-SEP-08 03.06.18.000000 AM','DD-Mon-YY HH12:MI:SS:MS AM'));
INSERT INTO SE_DETIENE VALUES('V16481829','PANTERAS-182',TO_TIMESTAMP('23-SEP-08 03.06.18.000000 AM','DD-Mon-YY HH12:MI:SS:MS AM'));
INSERT INTO DETENCION VALUES('LEONES-729',TO_TIMESTAMP('10-SEP-08 05.17.21.000000 PM','DD-Mon-YY HH12:MI:SS:MS PM'),'BARRIO BRISAS DEL PARAISO');
INSERT INTO VEHICULO_ROBADO VALUES('Q359845','MERCEDES','MICRO','1993','CAFE','LEONES-729',TO_TIMESTAMP('10-SEP-08 05.17.21.000000 PM','DD-Mon-YY HH12:MI:SS:MS PM'));
INSERT INTO DENUNCIA_ROBO VALUES('E62032160',TO_TIMESTAMP('14-AUG-08 07.13.27.000000 PM','DD-Mon-YY HH12:MI:SS:MS PM'),'CECILIA ANGELICA LOPEZ ZAMBRANO','VALLE ABAJO',TO_TIMESTAMP('08-AUG-08 06.40.47.000000 PM','DD-Mon-YY HH12:MI:SS:MS PM'),'Q359845','OSOS-771');
INSERT INTO SOSPECHOSO VALUES('E39299320','CRISTINA GABRIELA ADRIAN GONZALEZ',1908257);
INSERT INTO SE_DETIENE VALUES('E39299320','LEONES-729',TO_TIMESTAMP('10-SEP-08 05.17.21.000000 PM','DD-Mon-YY HH12:MI:SS:MS PM'));
INSERT INTO SE_DETIENE VALUES('E72761183','LEONES-729',TO_TIMESTAMP('10-SEP-08 05.17.21.000000 PM','DD-Mon-YY HH12:MI:SS:MS PM'));
INSERT INTO SE_DETIENE VALUES('E4202507','LEONES-729',TO_TIMESTAMP('10-SEP-08 05.17.21.000000 PM','DD-Mon-YY HH12:MI:SS:MS PM'));
INSERT INTO SE_DETIENE VALUES('E67183842','LEONES-729',TO_TIMESTAMP('10-SEP-08 05.17.21.000000 PM','DD-Mon-YY HH12:MI:SS:MS PM'));
INSERT INTO DETENCION VALUES('TIBURONES-999',TO_TIMESTAMP('20-AUG-08 09.14.30.000000 PM','DD-Mon-YY HH12:MI:SS:MS PM'),'BARRIO ANDRES ELOY BLANCO');
INSERT INTO VEHICULO_ROBADO VALUES('EDM3244','CHRYSLER','FURGONETA','1995','AMARILLO','TIBURONES-999',TO_TIMESTAMP('20-AUG-08 09.14.30.000000 PM','DD-Mon-YY HH12:MI:SS:MS PM'));
INSERT INTO DENUNCIA_ROBO VALUES('V71021276',TO_TIMESTAMP('07-AUG-08 05.40.19.000000 AM','DD-Mon-YY HH12:MI:SS:MS AM'),'CARLOS ADOLFO GARCIA FERNADEZ','BARRIO ANAUCO',TO_TIMESTAMP('04-AUG-08 04.45.24.000000 AM','DD-Mon-YY HH12:MI:SS:MS AM'),'EDM3244','OSOS-359');
INSERT INTO SOSPECHOSO VALUES('E3733992','CRISTINA VICTORIA LOPEZ SOSA',6224474);
INSERT INTO SE_DETIENE VALUES('E3733992','TIBURONES-999',TO_TIMESTAMP('20-AUG-08 09.14.30.000000 PM','DD-Mon-YY HH12:MI:SS:MS PM'));
INSERT INTO SE_DETIENE VALUES('E42844779','TIBURONES-999',TO_TIMESTAMP('20-AUG-08 09.14.30.000000 PM','DD-Mon-YY HH12:MI:SS:MS PM'));
INSERT INTO SE_DETIENE VALUES('E7826048','TIBURONES-999',TO_TIMESTAMP('20-AUG-08 09.14.30.000000 PM','DD-Mon-YY HH12:MI:SS:MS PM'));
INSERT INTO SE_DETIENE VALUES('V4220431','TIBURONES-999',TO_TIMESTAMP('20-AUG-08 09.14.30.000000 PM','DD-Mon-YY HH12:MI:SS:MS PM'));
INSERT INTO SE_DETIENE VALUES('V15163962','TIBURONES-999',TO_TIMESTAMP('20-AUG-08 09.14.30.000000 PM','DD-Mon-YY HH12:MI:SS:MS PM'));
INSERT INTO DETENCION VALUES('TIBURONES-377',TO_TIMESTAMP('16-SEP-08 02.59.13.000000 AM','DD-Mon-YY HH12:MI:SS:MS AM'),'BARRIO ANAUCO');
INSERT INTO VEHICULO_ROBADO VALUES('NTQLP72','DODGE','FURGONETA','1991','CAFE','TIBURONES-377',TO_TIMESTAMP('16-SEP-08 02.59.13.000000 AM','DD-Mon-YY HH12:MI:SS:MS AM'));
INSERT INTO DENUNCIA_ROBO VALUES('E76890339',TO_TIMESTAMP('26-AUG-08 05.09.24.000000 AM','DD-Mon-YY HH12:MI:SS:MS AM'),'RICARDO DAVID TORRES PARRA','BARRIO CARAPITA',TO_TIMESTAMP('21-AUG-08 05.39.08.000000 AM','DD-Mon-YY HH12:MI:SS:MS AM'),'NTQLP72','OSOS-331');
INSERT INTO SOSPECHOSO VALUES('E38939333','TOMAS LEONARDO ALGARIN CASTILLO',1747801);
INSERT INTO SE_DETIENE VALUES('E38939333','TIBURONES-377',TO_TIMESTAMP('16-SEP-08 02.59.13.000000 AM','DD-Mon-YY HH12:MI:SS:MS AM'));
INSERT INTO SE_DETIENE VALUES('E4202507','TIBURONES-377',TO_TIMESTAMP('16-SEP-08 02.59.13.000000 AM','DD-Mon-YY HH12:MI:SS:MS AM'));
INSERT INTO SE_DETIENE VALUES('E72114586','TIBURONES-377',TO_TIMESTAMP('16-SEP-08 02.59.13.000000 AM','DD-Mon-YY HH12:MI:SS:MS AM'));
INSERT INTO SE_DETIENE VALUES('E99792858','TIBURONES-377',TO_TIMESTAMP('16-SEP-08 02.59.13.000000 AM','DD-Mon-YY HH12:MI:SS:MS AM'));
INSERT INTO SE_DETIENE VALUES('E7826048','TIBURONES-377',TO_TIMESTAMP('16-SEP-08 02.59.13.000000 AM','DD-Mon-YY HH12:MI:SS:MS AM'));
INSERT INTO SE_DETIENE VALUES('V16481829','TIBURONES-377',TO_TIMESTAMP('16-SEP-08 02.59.13.000000 AM','DD-Mon-YY HH12:MI:SS:MS AM'));
INSERT INTO DETENCION VALUES('PANTERAS-319',TO_TIMESTAMP('16-AUG-08 03.44.26.000000 AM','DD-Mon-YY HH12:MI:SS:MS AM'),'SARRIA');
INSERT INTO VEHICULO_ROBADO VALUES('RI19030','AUDI','MICRO','1996','VIOLETA','PANTERAS-319',TO_TIMESTAMP('16-AUG-08 03.44.26.000000 AM','DD-Mon-YY HH12:MI:SS:MS AM'));
INSERT INTO DENUNCIA_ROBO VALUES('V92523765',TO_TIMESTAMP('10-AUG-08 12.49.37.000000 AM','DD-Mon-YY HH12:MI:SS:MS AM'),'ISMAEL EMILIO PARRA PEREIRA','U.C.V.',TO_TIMESTAMP('04-AUG-08 02.13.21.000000 PM','DD-Mon-YY HH12:MI:SS:MS PM'),'RI19030','TIBURONES-224');
INSERT INTO SOSPECHOSO VALUES('V83149923','ANTONIO ESTEFANO CASTILLO ADRIAN',7358269);
INSERT INTO SE_DETIENE VALUES('V83149923','PANTERAS-319',TO_TIMESTAMP('16-AUG-08 03.44.26.000000 AM','DD-Mon-YY HH12:MI:SS:MS AM'));
INSERT INTO SE_DETIENE VALUES('E27157964','PANTERAS-319',TO_TIMESTAMP('16-AUG-08 03.44.26.000000 AM','DD-Mon-YY HH12:MI:SS:MS AM'));
INSERT INTO SE_DETIENE VALUES('V15163962','PANTERAS-319',TO_TIMESTAMP('16-AUG-08 03.44.26.000000 AM','DD-Mon-YY HH12:MI:SS:MS AM'));
INSERT INTO DETENCION VALUES('TIBURONES-999',TO_TIMESTAMP('07-SEP-08 10.21.46.000000 AM','DD-Mon-YY HH12:MI:SS:MS AM'),'SIMON RODRIGUEZ');
INSERT INTO VEHICULO_ROBADO VALUES('AXVG942','SEAT','FURGONETA','1994','NARANJA','TIBURONES-999',TO_TIMESTAMP('07-SEP-08 10.21.46.000000 AM','DD-Mon-YY HH12:MI:SS:MS AM'));
INSERT INTO DENUNCIA_ROBO VALUES('E20256899',TO_TIMESTAMP('17-AUG-08 09.23.15.000000 PM','DD-Mon-YY HH12:MI:SS:MS PM'),'LILIAN CAROLINA PEREIRA GIRALDEZ','BARRIO ANAUCO',TO_TIMESTAMP('11-AUG-08 03.44.35.000000 AM','DD-Mon-YY HH12:MI:SS:MS AM'),'AXVG942','TIBURONES-224');
INSERT INTO SOSPECHOSO VALUES('V48084601','GUILLERMO FELIX SOSA LANDAETA',2006678);
INSERT INTO SE_DETIENE VALUES('V48084601','TIBURONES-999',TO_TIMESTAMP('07-SEP-08 10.21.46.000000 AM','DD-Mon-YY HH12:MI:SS:MS AM'));
INSERT INTO SE_DETIENE VALUES('V15163962','TIBURONES-999',TO_TIMESTAMP('07-SEP-08 10.21.46.000000 AM','DD-Mon-YY HH12:MI:SS:MS AM'));
INSERT INTO SE_DETIENE VALUES('E7573923','TIBURONES-999',TO_TIMESTAMP('07-SEP-08 10.21.46.000000 AM','DD-Mon-YY HH12:MI:SS:MS AM'));
INSERT INTO SE_DETIENE VALUES('E42844779','TIBURONES-999',TO_TIMESTAMP('07-SEP-08 10.21.46.000000 AM','DD-Mon-YY HH12:MI:SS:MS AM'));
INSERT INTO SE_DETIENE VALUES('E28171064','TIBURONES-999',TO_TIMESTAMP('07-SEP-08 10.21.46.000000 AM','DD-Mon-YY HH12:MI:SS:MS AM'));
INSERT INTO DETENCION VALUES('ARACNIDOS-680',TO_TIMESTAMP('05-SEP-08 09.51.31.000000 AM','DD-Mon-YY HH12:MI:SS:MS AM'),'URB LOS CAMPITOS');
INSERT INTO VEHICULO_ROBADO VALUES('PCOBJ37','MERCEDES','FURGONETA','1994','ROJO','ARACNIDOS-680',TO_TIMESTAMP('05-SEP-08 09.51.31.000000 AM','DD-Mon-YY HH12:MI:SS:MS AM'));
INSERT INTO DENUNCIA_ROBO VALUES('V83997416',TO_TIMESTAMP('24-AUG-08 05.29.30.000000 AM','DD-Mon-YY HH12:MI:SS:MS AM'),'DAVID LEONARDO ADRIAN FERNADEZ','URB LOS CAOBOS',TO_TIMESTAMP('21-AUG-08 05.03.11.000000 PM','DD-Mon-YY HH12:MI:SS:MS PM'),'PCOBJ37','LEONES-848');
INSERT INTO SOSPECHOSO VALUES('V48731833','EDUARDO LEONARDO GONZALEZ GALLEGOS',1494443);
INSERT INTO SE_DETIENE VALUES('V48731833','ARACNIDOS-680',TO_TIMESTAMP('05-SEP-08 09.51.31.000000 AM','DD-Mon-YY HH12:MI:SS:MS AM'));
INSERT INTO SE_DETIENE VALUES('E11842475','ARACNIDOS-680',TO_TIMESTAMP('05-SEP-08 09.51.31.000000 AM','DD-Mon-YY HH12:MI:SS:MS AM'));
INSERT INTO SE_DETIENE VALUES('V20657353','ARACNIDOS-680',TO_TIMESTAMP('05-SEP-08 09.51.31.000000 AM','DD-Mon-YY HH12:MI:SS:MS AM'));
INSERT INTO SE_DETIENE VALUES('V33486065','ARACNIDOS-680',TO_TIMESTAMP('05-SEP-08 09.51.31.000000 AM','DD-Mon-YY HH12:MI:SS:MS AM'));
INSERT INTO SE_DETIENE VALUES('E72114586','ARACNIDOS-680',TO_TIMESTAMP('05-SEP-08 09.51.31.000000 AM','DD-Mon-YY HH12:MI:SS:MS AM'));
INSERT INTO SE_DETIENE VALUES('V33486065','ARACNIDOS-680',TO_TIMESTAMP('05-SEP-08 09.51.31.000000 AM','DD-Mon-YY HH12:MI:SS:MS AM'));
INSERT INTO SE_DETIENE VALUES('E12104514','ARACNIDOS-680',TO_TIMESTAMP('05-SEP-08 09.51.31.000000 AM','DD-Mon-YY HH12:MI:SS:MS AM'));
INSERT INTO DETENCION VALUES('LEONES-136',TO_TIMESTAMP('29-SEP-08 08.14.18.000000 AM','DD-Mon-YY HH12:MI:SS:MS AM'),'URB BELLO MONTE');
INSERT INTO VEHICULO_ROBADO VALUES('EQTL315','LAND ROVER','PICKUP','2006','PLATA','LEONES-136',TO_TIMESTAMP('29-SEP-08 08.14.18.000000 AM','DD-Mon-YY HH12:MI:SS:MS AM'));
INSERT INTO DENUNCIA_ROBO VALUES('E72191216',TO_TIMESTAMP('20-AUG-08 06.08.15.000000 PM','DD-Mon-YY HH12:MI:SS:MS PM'),'LUIS ESTEFANO FERRER TORRES','BARRIO HOYADA',TO_TIMESTAMP('17-AUG-08 01.49.05.000000 AM','DD-Mon-YY HH12:MI:SS:MS AM'),'EQTL315','OSOS-389');
INSERT INTO SOSPECHOSO VALUES('V7925230','FELIPE BEJAMIN GARCIA TIRADO',4808089);
INSERT INTO SE_DETIENE VALUES('V7925230','LEONES-136',TO_TIMESTAMP('29-SEP-08 08.14.18.000000 AM','DD-Mon-YY HH12:MI:SS:MS AM'));
INSERT INTO SE_DETIENE VALUES('E92876896','LEONES-136',TO_TIMESTAMP('29-SEP-08 08.14.18.000000 AM','DD-Mon-YY HH12:MI:SS:MS AM'));
INSERT INTO SE_DETIENE VALUES('V16481829','LEONES-136',TO_TIMESTAMP('29-SEP-08 08.14.18.000000 AM','DD-Mon-YY HH12:MI:SS:MS AM'));
INSERT INTO SE_DETIENE VALUES('V15163962','LEONES-136',TO_TIMESTAMP('29-SEP-08 08.14.18.000000 AM','DD-Mon-YY HH12:MI:SS:MS AM'));
INSERT INTO SE_DETIENE VALUES('E17892138','LEONES-136',TO_TIMESTAMP('29-SEP-08 08.14.18.000000 AM','DD-Mon-YY HH12:MI:SS:MS AM'));
INSERT INTO SE_DETIENE VALUES('E67183842','LEONES-136',TO_TIMESTAMP('29-SEP-08 08.14.18.000000 AM','DD-Mon-YY HH12:MI:SS:MS AM'));
INSERT INTO SE_DETIENE VALUES('V16481829','LEONES-136',TO_TIMESTAMP('29-SEP-08 08.14.18.000000 AM','DD-Mon-YY HH12:MI:SS:MS AM'));
INSERT INTO DETENCION VALUES('ARACNIDOS-167',TO_TIMESTAMP('29-SEP-08 06.41.49.000000 PM','DD-Mon-YY HH12:MI:SS:MS PM'),'SANTA CECILIA');
INSERT INTO VEHICULO_ROBADO VALUES('TJKZ915','RENAULT','CAMIONETA','2007','PLATA','ARACNIDOS-167',TO_TIMESTAMP('29-SEP-08 06.41.49.000000 PM','DD-Mon-YY HH12:MI:SS:MS PM'));
INSERT INTO DENUNCIA_ROBO VALUES('E66808383',TO_TIMESTAMP('31-AUG-08 12.15.57.000000 AM','DD-Mon-YY HH12:MI:SS:MS AM'),'BEJAMIN ANTONIO ALGARIN MARQUEZ','BARUTA',TO_TIMESTAMP('25-AUG-08 11.40.14.000000 AM','DD-Mon-YY HH12:MI:SS:MS AM'),'TJKZ915','PANTERAS-481');
INSERT INTO SOSPECHOSO VALUES('E56359945','ALBERTO TOMAS MARQUEZ PEREIRA',8695615);
INSERT INTO SE_DETIENE VALUES('E56359945','ARACNIDOS-167',TO_TIMESTAMP('29-SEP-08 06.41.49.000000 PM','DD-Mon-YY HH12:MI:SS:MS PM'));
INSERT INTO SE_DETIENE VALUES('V16481829','ARACNIDOS-167',TO_TIMESTAMP('29-SEP-08 06.41.49.000000 PM','DD-Mon-YY HH12:MI:SS:MS PM'));
INSERT INTO SE_DETIENE VALUES('E67566095','ARACNIDOS-167',TO_TIMESTAMP('29-SEP-08 06.41.49.000000 PM','DD-Mon-YY HH12:MI:SS:MS PM'));
INSERT INTO SE_DETIENE VALUES('E27157964','ARACNIDOS-167',TO_TIMESTAMP('29-SEP-08 06.41.49.000000 PM','DD-Mon-YY HH12:MI:SS:MS PM'));
INSERT INTO SE_DETIENE VALUES('V33486065','ARACNIDOS-167',TO_TIMESTAMP('29-SEP-08 06.41.49.000000 PM','DD-Mon-YY HH12:MI:SS:MS PM'));
INSERT INTO DETENCION VALUES('TIBURONES-910',TO_TIMESTAMP('04-SEP-08 09.46.01.000000 PM','DD-Mon-YY HH12:MI:SS:MS PM'),'BARRIO AJURO');
INSERT INTO VEHICULO_ROBADO VALUES('P392069','DODGE','FURGONETA','1994','CAFE','TIBURONES-910',TO_TIMESTAMP('04-SEP-08 09.46.01.000000 PM','DD-Mon-YY HH12:MI:SS:MS PM'));
INSERT INTO DENUNCIA_ROBO VALUES('E46975796',TO_TIMESTAMP('22-AUG-08 08.50.41.000000 PM','DD-Mon-YY HH12:MI:SS:MS PM'),'MARIA ANDREINA FERRER GALLEGOS','BARRIO LAS MAYAS',TO_TIMESTAMP('21-AUG-08 02.55.53.000000 AM','DD-Mon-YY HH12:MI:SS:MS AM'),'P392069','LEONES-729');
INSERT INTO SOSPECHOSO VALUES('V95265789','RICARDO LUIS GONZALEZ MENDOZA',3917917);
INSERT INTO SE_DETIENE VALUES('V95265789','TIBURONES-910',TO_TIMESTAMP('04-SEP-08 09.46.01.000000 PM','DD-Mon-YY HH12:MI:SS:MS PM'));
INSERT INTO SE_DETIENE VALUES('E28171064','TIBURONES-910',TO_TIMESTAMP('04-SEP-08 09.46.01.000000 PM','DD-Mon-YY HH12:MI:SS:MS PM'));
INSERT INTO DETENCION VALUES('PANTERAS-182',TO_TIMESTAMP('26-AUG-08 01.28.52.000000 AM','DD-Mon-YY HH12:MI:SS:MS AM'),'URB LOS CEDROS');
INSERT INTO VEHICULO_ROBADO VALUES('LEDVE38','MAZDA','MICRO','2009','VIOLETA','PANTERAS-182',TO_TIMESTAMP('26-AUG-08 01.28.52.000000 AM','DD-Mon-YY HH12:MI:SS:MS AM'));
INSERT INTO DENUNCIA_ROBO VALUES('V40419477',TO_TIMESTAMP('14-AUG-08 05.13.29.000000 AM','DD-Mon-YY HH12:MI:SS:MS AM'),'BEJAMIN EDUARDO GALLEGOS PEREZ','CANDELARIA',TO_TIMESTAMP('11-AUG-08 05.07.34.000000 PM','DD-Mon-YY HH12:MI:SS:MS PM'),'LEDVE38','OSOS-771');
INSERT INTO SOSPECHOSO VALUES('V22043543','ESTHER DANIELA FERRER SOSA',3781151);
INSERT INTO SE_DETIENE VALUES('V22043543','PANTERAS-182',TO_TIMESTAMP('26-AUG-08 01.28.52.000000 AM','DD-Mon-YY HH12:MI:SS:MS AM'));
INSERT INTO SE_DETIENE VALUES('E88228181','PANTERAS-182',TO_TIMESTAMP('26-AUG-08 01.28.52.000000 AM','DD-Mon-YY HH12:MI:SS:MS AM'));
INSERT INTO SE_DETIENE VALUES('E54332266','PANTERAS-182',TO_TIMESTAMP('26-AUG-08 01.28.52.000000 AM','DD-Mon-YY HH12:MI:SS:MS AM'));
INSERT INTO SE_DETIENE VALUES('E87321506','PANTERAS-182',TO_TIMESTAMP('26-AUG-08 01.28.52.000000 AM','DD-Mon-YY HH12:MI:SS:MS AM'));
INSERT INTO SE_DETIENE VALUES('E8762669','PANTERAS-182',TO_TIMESTAMP('26-AUG-08 01.28.52.000000 AM','DD-Mon-YY HH12:MI:SS:MS AM'));
INSERT INTO SE_DETIENE VALUES('E7573923','PANTERAS-182',TO_TIMESTAMP('26-AUG-08 01.28.52.000000 AM','DD-Mon-YY HH12:MI:SS:MS AM'));
INSERT INTO DETENCION VALUES('TRIGRES-206',TO_TIMESTAMP('07-SEP-08 04.12.28.000000 PM','DD-Mon-YY HH12:MI:SS:MS PM'),'BARRIO ANDRES BELLO');
INSERT INTO VEHICULO_ROBADO VALUES('SRD1096','HONDA','PICKUP','2002','NEGRO','TRIGRES-206',TO_TIMESTAMP('07-SEP-08 04.12.28.000000 PM','DD-Mon-YY HH12:MI:SS:MS PM'));
INSERT INTO DENUNCIA_ROBO VALUES('V48840884',TO_TIMESTAMP('03-SEP-08 06.12.08.000000 AM','DD-Mon-YY HH12:MI:SS:MS AM'),'ANTONIO GUILLERMO GUERRA FERNADEZ','BARRIO ALBERTO RAVELL',TO_TIMESTAMP('28-AUG-08 09.14.11.000000 PM','DD-Mon-YY HH12:MI:SS:MS PM'),'SRD1096','OSOS-783');
INSERT INTO SOSPECHOSO VALUES('E34503750','RICARDO DAVID TIRADO GALLEGOS',5635772);
INSERT INTO SE_DETIENE VALUES('E34503750','TRIGRES-206',TO_TIMESTAMP('07-SEP-08 04.12.28.000000 PM','DD-Mon-YY HH12:MI:SS:MS PM'));
INSERT INTO SE_DETIENE VALUES('E87321506','TRIGRES-206',TO_TIMESTAMP('07-SEP-08 04.12.28.000000 PM','DD-Mon-YY HH12:MI:SS:MS PM'));
INSERT INTO DETENCION VALUES('TIBURONES-870',TO_TIMESTAMP('17-SEP-08 01.11.44.000000 PM','DD-Mon-YY HH12:MI:SS:MS PM'),'URDANETA');
INSERT INTO VEHICULO_ROBADO VALUES('QG97788','LEXUS','FURGONETA','1991','GRIS','TIBURONES-870',TO_TIMESTAMP('17-SEP-08 01.11.44.000000 PM','DD-Mon-YY HH12:MI:SS:MS PM'));
INSERT INTO DENUNCIA_ROBO VALUES('V12764084',TO_TIMESTAMP('12-AUG-08 06.24.22.000000 AM','DD-Mon-YY HH12:MI:SS:MS AM'),'TERESA GABRIELA TORRES PARRA','URB LA FLORIDA',TO_TIMESTAMP('05-AUG-08 04.00.25.000000 PM','DD-Mon-YY HH12:MI:SS:MS PM'),'QG97788','ZORROS-831');
INSERT INTO SOSPECHOSO VALUES('E32713216','TERESA ANDREINA TORRES CASTILLO',5229776);
INSERT INTO SE_DETIENE VALUES('E32713216','TIBURONES-870',TO_TIMESTAMP('17-SEP-08 01.11.44.000000 PM','DD-Mon-YY HH12:MI:SS:MS PM'));
INSERT INTO SE_DETIENE VALUES('E92876896','TIBURONES-870',TO_TIMESTAMP('17-SEP-08 01.11.44.000000 PM','DD-Mon-YY HH12:MI:SS:MS PM'));
INSERT INTO SE_DETIENE VALUES('E54332266','TIBURONES-870',TO_TIMESTAMP('17-SEP-08 01.11.44.000000 PM','DD-Mon-YY HH12:MI:SS:MS PM'));
INSERT INTO SE_DETIENE VALUES('E27157964','TIBURONES-870',TO_TIMESTAMP('17-SEP-08 01.11.44.000000 PM','DD-Mon-YY HH12:MI:SS:MS PM'));
INSERT INTO SE_DETIENE VALUES('E72114586','TIBURONES-870',TO_TIMESTAMP('17-SEP-08 01.11.44.000000 PM','DD-Mon-YY HH12:MI:SS:MS PM'));
INSERT INTO DETENCION VALUES('TIBURONES-368',TO_TIMESTAMP('22-AUG-08 09.57.15.000000 AM','DD-Mon-YY HH12:MI:SS:MS AM'),'URB LOS CEDROS');
INSERT INTO VEHICULO_ROBADO VALUES('RLX6879','AUDI','DEPORTIVO','2005','VIOLETA','TIBURONES-368',TO_TIMESTAMP('22-AUG-08 09.57.15.000000 AM','DD-Mon-YY HH12:MI:SS:MS AM'));
INSERT INTO DENUNCIA_ROBO VALUES('V18376811',TO_TIMESTAMP('15-AUG-08 09.40.31.000000 AM','DD-Mon-YY HH12:MI:SS:MS AM'),'ADRIANA EMELY MENDOZA PARRA','URB ALTA FLORIDA',TO_TIMESTAMP('13-AUG-08 02.41.23.000000 AM','DD-Mon-YY HH12:MI:SS:MS AM'),'RLX6879','AGUILAS-700');
INSERT INTO SOSPECHOSO VALUES('V6933472','DAVID ESTEFANO PEREIRA FERRER',2359915);
INSERT INTO SE_DETIENE VALUES('V6933472','TIBURONES-368',TO_TIMESTAMP('22-AUG-08 09.57.15.000000 AM','DD-Mon-YY HH12:MI:SS:MS AM'));
INSERT INTO SE_DETIENE VALUES('V15163962','TIBURONES-368',TO_TIMESTAMP('22-AUG-08 09.57.15.000000 AM','DD-Mon-YY HH12:MI:SS:MS AM'));
INSERT INTO SE_DETIENE VALUES('E4202507','TIBURONES-368',TO_TIMESTAMP('22-AUG-08 09.57.15.000000 AM','DD-Mon-YY HH12:MI:SS:MS AM'));
INSERT INTO SE_DETIENE VALUES('E17892138','TIBURONES-368',TO_TIMESTAMP('22-AUG-08 09.57.15.000000 AM','DD-Mon-YY HH12:MI:SS:MS AM'));
INSERT INTO SE_DETIENE VALUES('V47381153','TIBURONES-368',TO_TIMESTAMP('22-AUG-08 09.57.15.000000 AM','DD-Mon-YY HH12:MI:SS:MS AM'));
INSERT INTO SE_DETIENE VALUES('E11842475','TIBURONES-368',TO_TIMESTAMP('22-AUG-08 09.57.15.000000 AM','DD-Mon-YY HH12:MI:SS:MS AM'));
INSERT INTO DETENCION VALUES('ZORROS-775',TO_TIMESTAMP('08-OCT-08 07.40.37.000000 PM','DD-Mon-YY HH12:MI:SS:MS PM'),'URB CHACAITO');
INSERT INTO VEHICULO_ROBADO VALUES('IZHZ493','RENAULT','SEDAN','2002','AMARILLO','ZORROS-775',TO_TIMESTAMP('08-OCT-08 07.40.37.000000 PM','DD-Mon-YY HH12:MI:SS:MS PM'));
INSERT INTO DENUNCIA_ROBO VALUES('V76883367',TO_TIMESTAMP('06-SEP-08 08.52.37.000000 AM','DD-Mon-YY HH12:MI:SS:MS AM'),'ADRIANA ESTHER ZAMBRANO FERNADEZ','URB COLINAS DE LOS CHAGUARAMOS',TO_TIMESTAMP('31-AUG-08 09.29.37.000000 PM','DD-Mon-YY HH12:MI:SS:MS PM'),'IZHZ493','TIBURONES-937');
INSERT INTO SOSPECHOSO VALUES('E57147542','ESTEFANO VICTOR PEREZ GOMEZ',5563071);
INSERT INTO SE_DETIENE VALUES('E57147542','ZORROS-775',TO_TIMESTAMP('08-OCT-08 07.40.37.000000 PM','DD-Mon-YY HH12:MI:SS:MS PM'));
INSERT INTO SE_DETIENE VALUES('E7826048','ZORROS-775',TO_TIMESTAMP('08-OCT-08 07.40.37.000000 PM','DD-Mon-YY HH12:MI:SS:MS PM'));
INSERT INTO SE_DETIENE VALUES('E8762669','ZORROS-775',TO_TIMESTAMP('08-OCT-08 07.40.37.000000 PM','DD-Mon-YY HH12:MI:SS:MS PM'));
INSERT INTO SE_DETIENE VALUES('E92876896','ZORROS-775',TO_TIMESTAMP('08-OCT-08 07.40.37.000000 PM','DD-Mon-YY HH12:MI:SS:MS PM'));
INSERT INTO SE_DETIENE VALUES('E99844357','ZORROS-775',TO_TIMESTAMP('08-OCT-08 07.40.37.000000 PM','DD-Mon-YY HH12:MI:SS:MS PM'));
INSERT INTO SE_DETIENE VALUES('E72114586','ZORROS-775',TO_TIMESTAMP('08-OCT-08 07.40.37.000000 PM','DD-Mon-YY HH12:MI:SS:MS PM'));
INSERT INTO DETENCION VALUES('OSOS-231',TO_TIMESTAMP('10-OCT-08 12.24.56.000000 AM','DD-Mon-YY HH12:MI:SS:MS AM'),'URB CHACAITO');
INSERT INTO VEHICULO_ROBADO VALUES('KKFL562','TOYOTA','FURGONETA','1990','ROJO','OSOS-231',TO_TIMESTAMP('10-OCT-08 12.24.56.000000 AM','DD-Mon-YY HH12:MI:SS:MS AM'));
INSERT INTO DENUNCIA_ROBO VALUES('E23790092',TO_TIMESTAMP('07-SEP-08 07.28.50.000000 PM','DD-Mon-YY HH12:MI:SS:MS PM'),'ELENA CARMEN FERNADEZ MENDOZA','SAN AGUSTIN',TO_TIMESTAMP('06-SEP-08 04.52.25.000000 PM','DD-Mon-YY HH12:MI:SS:MS PM'),'KKFL562','OSOS-719');
INSERT INTO SOSPECHOSO VALUES('V28850635','FELIX GUILLERMO MARQUEZ ALGARIN',4331360);
INSERT INTO SE_DETIENE VALUES('V28850635','OSOS-231',TO_TIMESTAMP('10-OCT-08 12.24.56.000000 AM','DD-Mon-YY HH12:MI:SS:MS AM'));
INSERT INTO SE_DETIENE VALUES('V4220431','OSOS-231',TO_TIMESTAMP('10-OCT-08 12.24.56.000000 AM','DD-Mon-YY HH12:MI:SS:MS AM'));
INSERT INTO SE_DETIENE VALUES('E8762669','OSOS-231',TO_TIMESTAMP('10-OCT-08 12.24.56.000000 AM','DD-Mon-YY HH12:MI:SS:MS AM'));
INSERT INTO SE_DETIENE VALUES('E36229665','OSOS-231',TO_TIMESTAMP('10-OCT-08 12.24.56.000000 AM','DD-Mon-YY HH12:MI:SS:MS AM'));
INSERT INTO SE_DETIENE VALUES('V47381153','OSOS-231',TO_TIMESTAMP('10-OCT-08 12.24.56.000000 AM','DD-Mon-YY HH12:MI:SS:MS AM'));
INSERT INTO SE_DETIENE VALUES('E99792858','OSOS-231',TO_TIMESTAMP('10-OCT-08 12.24.56.000000 AM','DD-Mon-YY HH12:MI:SS:MS AM'));
INSERT INTO SE_DETIENE VALUES('E7573923','OSOS-231',TO_TIMESTAMP('10-OCT-08 12.24.56.000000 AM','DD-Mon-YY HH12:MI:SS:MS AM'));
INSERT INTO DETENCION VALUES('OSOS-675',TO_TIMESTAMP('28-AUG-08 04.53.53.000000 AM','DD-Mon-YY HH12:MI:SS:MS AM'),'BARRIO LA BANDERA');
INSERT INTO VEHICULO_ROBADO VALUES('FAWYW16','LEXUS','PICKUP','1990','VERDE','OSOS-675',TO_TIMESTAMP('28-AUG-08 04.53.53.000000 AM','DD-Mon-YY HH12:MI:SS:MS AM'));
INSERT INTO DENUNCIA_ROBO VALUES('E46363488',TO_TIMESTAMP('19-AUG-08 02.07.50.000000 AM','DD-Mon-YY HH12:MI:SS:MS AM'),'FELIPE RICARDO PARRA ALGARIN','BARRIO CARAPITA',TO_TIMESTAMP('13-AUG-08 12.46.40.000000 PM','DD-Mon-YY HH12:MI:SS:MS PM'),'FAWYW16','TIBURONES-937');
INSERT INTO SOSPECHOSO VALUES('V81392339','JESUS EMILIO GALLEGOS PARRA',6788478);
INSERT INTO SE_DETIENE VALUES('V81392339','OSOS-675',TO_TIMESTAMP('28-AUG-08 04.53.53.000000 AM','DD-Mon-YY HH12:MI:SS:MS AM'));
INSERT INTO SE_DETIENE VALUES('E7573923','OSOS-675',TO_TIMESTAMP('28-AUG-08 04.53.53.000000 AM','DD-Mon-YY HH12:MI:SS:MS AM'));
INSERT INTO SE_DETIENE VALUES('E67566095','OSOS-675',TO_TIMESTAMP('28-AUG-08 04.53.53.000000 AM','DD-Mon-YY HH12:MI:SS:MS AM'));
INSERT INTO SE_DETIENE VALUES('E72114586','OSOS-675',TO_TIMESTAMP('28-AUG-08 04.53.53.000000 AM','DD-Mon-YY HH12:MI:SS:MS AM'));
INSERT INTO DETENCION VALUES('TRIGRES-176',TO_TIMESTAMP('26-AUG-08 10.34.05.000000 AM','DD-Mon-YY HH12:MI:SS:MS AM'),'CHICHIRIVICHE');
INSERT INTO VEHICULO_ROBADO VALUES('I698612','CITROEN','FURGONETA','2003','VERDE','TRIGRES-176',TO_TIMESTAMP('26-AUG-08 10.34.05.000000 AM','DD-Mon-YY HH12:MI:SS:MS AM'));
INSERT INTO DENUNCIA_ROBO VALUES('E93346899',TO_TIMESTAMP('10-AUG-08 11.04.47.000000 PM','DD-Mon-YY HH12:MI:SS:MS PM'),'CECILIA VICTORIA GALLEGOS FERRER','URB LA FLORIDA',TO_TIMESTAMP('07-AUG-08 05.16.02.000000 AM','DD-Mon-YY HH12:MI:SS:MS AM'),'I698612','AGUILAS-383');
INSERT INTO SOSPECHOSO VALUES('V72187464','MONICA ANDREINA GUERRA FERRER',8732587);
INSERT INTO SE_DETIENE VALUES('V72187464','TRIGRES-176',TO_TIMESTAMP('26-AUG-08 10.34.05.000000 AM','DD-Mon-YY HH12:MI:SS:MS AM'));
INSERT INTO SE_DETIENE VALUES('V97272367','TRIGRES-176',TO_TIMESTAMP('26-AUG-08 10.34.05.000000 AM','DD-Mon-YY HH12:MI:SS:MS AM'));
INSERT INTO SE_DETIENE VALUES('V4220431','TRIGRES-176',TO_TIMESTAMP('26-AUG-08 10.34.05.000000 AM','DD-Mon-YY HH12:MI:SS:MS AM'));
INSERT INTO SE_DETIENE VALUES('E92876896','TRIGRES-176',TO_TIMESTAMP('26-AUG-08 10.34.05.000000 AM','DD-Mon-YY HH12:MI:SS:MS AM'));
INSERT INTO SE_DETIENE VALUES('E4202507','TRIGRES-176',TO_TIMESTAMP('26-AUG-08 10.34.05.000000 AM','DD-Mon-YY HH12:MI:SS:MS AM'));
INSERT INTO DETENCION VALUES('ARACNIDOS-143',TO_TIMESTAMP('12-SEP-08 11.08.44.000000 AM','DD-Mon-YY HH12:MI:SS:MS AM'),'PLAZA VENEZUELA');
INSERT INTO VEHICULO_ROBADO VALUES('DPU6664','CADILLAC','FURGONETA','2005','GRIS','ARACNIDOS-143',TO_TIMESTAMP('12-SEP-08 11.08.44.000000 AM','DD-Mon-YY HH12:MI:SS:MS AM'));
INSERT INTO DENUNCIA_ROBO VALUES('E20727637',TO_TIMESTAMP('09-SEP-08 05.44.38.000000 AM','DD-Mon-YY HH12:MI:SS:MS AM'),'ADRIANA ELENA FERRER ADRIAN','BARRIO CENTRO ITALO',TO_TIMESTAMP('04-SEP-08 02.41.23.000000 AM','DD-Mon-YY HH12:MI:SS:MS AM'),'DPU6664','OSOS-182');
INSERT INTO SOSPECHOSO VALUES('V56197168','ANTONIO ESTEFANO GOMEZ CASTILLO',2968623);
INSERT INTO SE_DETIENE VALUES('V56197168','ARACNIDOS-143',TO_TIMESTAMP('12-SEP-08 11.08.44.000000 AM','DD-Mon-YY HH12:MI:SS:MS AM'));
INSERT INTO SE_DETIENE VALUES('V4220431','ARACNIDOS-143',TO_TIMESTAMP('12-SEP-08 11.08.44.000000 AM','DD-Mon-YY HH12:MI:SS:MS AM'));
INSERT INTO SE_DETIENE VALUES('V15163962','ARACNIDOS-143',TO_TIMESTAMP('12-SEP-08 11.08.44.000000 AM','DD-Mon-YY HH12:MI:SS:MS AM'));
INSERT INTO SE_DETIENE VALUES('E8762669','ARACNIDOS-143',TO_TIMESTAMP('12-SEP-08 11.08.44.000000 AM','DD-Mon-YY HH12:MI:SS:MS AM'));
INSERT INTO SE_DETIENE VALUES('E11842475','ARACNIDOS-143',TO_TIMESTAMP('12-SEP-08 11.08.44.000000 AM','DD-Mon-YY HH12:MI:SS:MS AM'));
INSERT INTO SE_DETIENE VALUES('E67566095','ARACNIDOS-143',TO_TIMESTAMP('12-SEP-08 11.08.44.000000 AM','DD-Mon-YY HH12:MI:SS:MS AM'));
INSERT INTO DETENCION VALUES('OSOS-172',TO_TIMESTAMP('08-SEP-08 03.30.36.000000 PM','DD-Mon-YY HH12:MI:SS:MS PM'),'URB MONTALBAN');
INSERT INTO VEHICULO_ROBADO VALUES('AYEBFL2','PORSCHE','CAMIONETA','1990','NEGRO','OSOS-172',TO_TIMESTAMP('08-SEP-08 03.30.36.000000 PM','DD-Mon-YY HH12:MI:SS:MS PM'));
INSERT INTO DENUNCIA_ROBO VALUES('V19182089',TO_TIMESTAMP('07-SEP-08 08.27.13.000000 AM','DD-Mon-YY HH12:MI:SS:MS AM'),'RICARDO CARLOS LANDAETA GUERRERO','BARRIO LAS ADJUNTAS',TO_TIMESTAMP('04-SEP-08 08.57.04.000000 AM','DD-Mon-YY HH12:MI:SS:MS AM'),'AYEBFL2','LEONES-848');
INSERT INTO SOSPECHOSO VALUES('V72574769','MARIA ROSA PARRA SOSA',9144920);
INSERT INTO SE_DETIENE VALUES('V72574769','OSOS-172',TO_TIMESTAMP('08-SEP-08 03.30.36.000000 PM','DD-Mon-YY HH12:MI:SS:MS PM'));
INSERT INTO SE_DETIENE VALUES('E7573923','OSOS-172',TO_TIMESTAMP('08-SEP-08 03.30.36.000000 PM','DD-Mon-YY HH12:MI:SS:MS PM'));
INSERT INTO SE_DETIENE VALUES('E7826048','OSOS-172',TO_TIMESTAMP('08-SEP-08 03.30.36.000000 PM','DD-Mon-YY HH12:MI:SS:MS PM'));
INSERT INTO DETENCION VALUES('ZORROS-305',TO_TIMESTAMP('21-SEP-08 01.04.11.000000 PM','DD-Mon-YY HH12:MI:SS:MS PM'),'URB EL PARAISO');
INSERT INTO VEHICULO_ROBADO VALUES('MNKDB19','MASERATI','CAMIONETA','2006','AZUL','ZORROS-305',TO_TIMESTAMP('21-SEP-08 01.04.11.000000 PM','DD-Mon-YY HH12:MI:SS:MS PM'));
INSERT INTO DENUNCIA_ROBO VALUES('V29637907',TO_TIMESTAMP('03-SEP-08 01.07.14.000000 AM','DD-Mon-YY HH12:MI:SS:MS AM'),'MARIA ROSA LANDAETA GOMEZ','BARRIO LAS MAYAS',TO_TIMESTAMP('30-AUG-08 05.45.35.000000 PM','DD-Mon-YY HH12:MI:SS:MS PM'),'MNKDB19','TIBURONES-794');
INSERT INTO SOSPECHOSO VALUES('V2197707','FELIX EMILIO LOPEZ ADRIAN',1938431);
INSERT INTO SE_DETIENE VALUES('V2197707','ZORROS-305',TO_TIMESTAMP('21-SEP-08 01.04.11.000000 PM','DD-Mon-YY HH12:MI:SS:MS PM'));
INSERT INTO SE_DETIENE VALUES('E7573923','ZORROS-305',TO_TIMESTAMP('21-SEP-08 01.04.11.000000 PM','DD-Mon-YY HH12:MI:SS:MS PM'));
INSERT INTO SE_DETIENE VALUES('E99844357','ZORROS-305',TO_TIMESTAMP('21-SEP-08 01.04.11.000000 PM','DD-Mon-YY HH12:MI:SS:MS PM'));
INSERT INTO SE_DETIENE VALUES('E54332266','ZORROS-305',TO_TIMESTAMP('21-SEP-08 01.04.11.000000 PM','DD-Mon-YY HH12:MI:SS:MS PM'));
INSERT INTO SE_DETIENE VALUES('E67183842','ZORROS-305',TO_TIMESTAMP('21-SEP-08 01.04.11.000000 PM','DD-Mon-YY HH12:MI:SS:MS PM'));
INSERT INTO DETENCION VALUES('TRIGRES-991',TO_TIMESTAMP('23-SEP-08 04.29.27.000000 PM','DD-Mon-YY HH12:MI:SS:MS PM'),'PEREZ BONALDE');
INSERT INTO VEHICULO_ROBADO VALUES('HAW7424','DAEWOO','PICKUP','1997','NEGRO','TRIGRES-991',TO_TIMESTAMP('23-SEP-08 04.29.27.000000 PM','DD-Mon-YY HH12:MI:SS:MS PM'));
INSERT INTO DENUNCIA_ROBO VALUES('V89807790',TO_TIMESTAMP('10-AUG-08 05.58.15.000000 AM','DD-Mon-YY HH12:MI:SS:MS AM'),'MARISOL CRISTINA TORRES FERNADEZ','BARRIO CANIO AMARILLO',TO_TIMESTAMP('07-AUG-08 07.35.46.000000 AM','DD-Mon-YY HH12:MI:SS:MS AM'),'HAW7424','TRIGRES-991');
INSERT INTO SOSPECHOSO VALUES('V32575559','MONICA ANGELA FERNADEZ GOMEZ',2693007);
INSERT INTO SE_DETIENE VALUES('V32575559','TRIGRES-991',TO_TIMESTAMP('23-SEP-08 04.29.27.000000 PM','DD-Mon-YY HH12:MI:SS:MS PM'));
INSERT INTO SE_DETIENE VALUES('E67183842','TRIGRES-991',TO_TIMESTAMP('23-SEP-08 04.29.27.000000 PM','DD-Mon-YY HH12:MI:SS:MS PM'));
INSERT INTO SE_DETIENE VALUES('E72761183','TRIGRES-991',TO_TIMESTAMP('23-SEP-08 04.29.27.000000 PM','DD-Mon-YY HH12:MI:SS:MS PM'));
INSERT INTO SE_DETIENE VALUES('E29499849','TRIGRES-991',TO_TIMESTAMP('23-SEP-08 04.29.27.000000 PM','DD-Mon-YY HH12:MI:SS:MS PM'));
INSERT INTO SE_DETIENE VALUES('V16594596','TRIGRES-991',TO_TIMESTAMP('23-SEP-08 04.29.27.000000 PM','DD-Mon-YY HH12:MI:SS:MS PM'));
INSERT INTO SE_DETIENE VALUES('E67183842','TRIGRES-991',TO_TIMESTAMP('23-SEP-08 04.29.27.000000 PM','DD-Mon-YY HH12:MI:SS:MS PM'));
INSERT INTO SE_DETIENE VALUES('V47381153','TRIGRES-991',TO_TIMESTAMP('23-SEP-08 04.29.27.000000 PM','DD-Mon-YY HH12:MI:SS:MS PM'));
INSERT INTO DETENCION VALUES('PANTERAS-456',TO_TIMESTAMP('29-SEP-08 06.53.15.000000 PM','DD-Mon-YY HH12:MI:SS:MS PM'),'SANTA ROSA');
INSERT INTO VEHICULO_ROBADO VALUES('EASF574','DODGE','FURGONETA','1992','NARANJA','PANTERAS-456',TO_TIMESTAMP('29-SEP-08 06.53.15.000000 PM','DD-Mon-YY HH12:MI:SS:MS PM'));
INSERT INTO DENUNCIA_ROBO VALUES('E26270726',TO_TIMESTAMP('30-AUG-08 06.55.17.000000 AM','DD-Mon-YY HH12:MI:SS:MS AM'),'ANA ALEJANDRA LOPEZ GALLEGOS','BARRIO ANAUCO',TO_TIMESTAMP('26-AUG-08 06.37.24.000000 AM','DD-Mon-YY HH12:MI:SS:MS AM'),'EASF574','ZORROS-305');
INSERT INTO SOSPECHOSO VALUES('V19503974','ANGELICA MONICA LANDAETA GOMEZ',8017786);
INSERT INTO SE_DETIENE VALUES('V19503974','PANTERAS-456',TO_TIMESTAMP('29-SEP-08 06.53.15.000000 PM','DD-Mon-YY HH12:MI:SS:MS PM'));
INSERT INTO SE_DETIENE VALUES('E88228181','PANTERAS-456',TO_TIMESTAMP('29-SEP-08 06.53.15.000000 PM','DD-Mon-YY HH12:MI:SS:MS PM'));
INSERT INTO SE_DETIENE VALUES('E92876896','PANTERAS-456',TO_TIMESTAMP('29-SEP-08 06.53.15.000000 PM','DD-Mon-YY HH12:MI:SS:MS PM'));
INSERT INTO DETENCION VALUES('OSOS-577',TO_TIMESTAMP('20-SEP-08 06.20.56.000000 AM','DD-Mon-YY HH12:MI:SS:MS AM'),'U.C.V.');
INSERT INTO VEHICULO_ROBADO VALUES('UQT6700','MAZDA','DEPORTIVO','1992','PLATA','OSOS-577',TO_TIMESTAMP('20-SEP-08 06.20.56.000000 AM','DD-Mon-YY HH12:MI:SS:MS AM'));
INSERT INTO DENUNCIA_ROBO VALUES('E71241492',TO_TIMESTAMP('11-SEP-08 02.25.25.000000 AM','DD-Mon-YY HH12:MI:SS:MS AM'),'DAVID RAFAEL GUERRERO CASTILLO','URB PARQUE CARABOBO',TO_TIMESTAMP('10-SEP-08 05.02.42.000000 PM','DD-Mon-YY HH12:MI:SS:MS PM'),'UQT6700','ARACNIDOS-378');
INSERT INTO SOSPECHOSO VALUES('V57168764','DANIELA MARISOL FERNADEZ MENDOZA',3799762);
INSERT INTO SE_DETIENE VALUES('V57168764','OSOS-577',TO_TIMESTAMP('20-SEP-08 06.20.56.000000 AM','DD-Mon-YY HH12:MI:SS:MS AM'));
INSERT INTO SE_DETIENE VALUES('E42844779','OSOS-577',TO_TIMESTAMP('20-SEP-08 06.20.56.000000 AM','DD-Mon-YY HH12:MI:SS:MS AM'));
INSERT INTO SE_DETIENE VALUES('E7573923','OSOS-577',TO_TIMESTAMP('20-SEP-08 06.20.56.000000 AM','DD-Mon-YY HH12:MI:SS:MS AM'));
INSERT INTO SE_DETIENE VALUES('E88228181','OSOS-577',TO_TIMESTAMP('20-SEP-08 06.20.56.000000 AM','DD-Mon-YY HH12:MI:SS:MS AM'));
INSERT INTO SE_DETIENE VALUES('E36229665','OSOS-577',TO_TIMESTAMP('20-SEP-08 06.20.56.000000 AM','DD-Mon-YY HH12:MI:SS:MS AM'));
INSERT INTO SE_DETIENE VALUES('E99792858','OSOS-577',TO_TIMESTAMP('20-SEP-08 06.20.56.000000 AM','DD-Mon-YY HH12:MI:SS:MS AM'));
INSERT INTO DETENCION VALUES('TIBURONES-999',TO_TIMESTAMP('04-OCT-08 05.13.49.000000 PM','DD-Mon-YY HH12:MI:SS:MS PM'),'BARRIO BRISAS DE PROPATRIA');
INSERT INTO VEHICULO_ROBADO VALUES('RJZED39','JEEP','MICRO','1997','NARANJA','TIBURONES-999',TO_TIMESTAMP('04-OCT-08 05.13.49.000000 PM','DD-Mon-YY HH12:MI:SS:MS PM'));
INSERT INTO DENUNCIA_ROBO VALUES('E68948598',TO_TIMESTAMP('28-AUG-08 03.10.40.000000 PM','DD-Mon-YY HH12:MI:SS:MS PM'),'VICTOR ESTEFANO FERNADEZ SOSA','EL VALLE',TO_TIMESTAMP('24-AUG-08 01.06.32.000000 AM','DD-Mon-YY HH12:MI:SS:MS AM'),'RJZED39','LEONES-729');
INSERT INTO SOSPECHOSO VALUES('V46090391','TERESA VICTORIA GARCIA LANDAETA',4463878);
INSERT INTO SE_DETIENE VALUES('V46090391','TIBURONES-999',TO_TIMESTAMP('04-OCT-08 05.13.49.000000 PM','DD-Mon-YY HH12:MI:SS:MS PM'));
INSERT INTO SE_DETIENE VALUES('E11842475','TIBURONES-999',TO_TIMESTAMP('04-OCT-08 05.13.49.000000 PM','DD-Mon-YY HH12:MI:SS:MS PM'));
INSERT INTO SE_DETIENE VALUES('E8762669','TIBURONES-999',TO_TIMESTAMP('04-OCT-08 05.13.49.000000 PM','DD-Mon-YY HH12:MI:SS:MS PM'));
INSERT INTO SE_DETIENE VALUES('V16594596','TIBURONES-999',TO_TIMESTAMP('04-OCT-08 05.13.49.000000 PM','DD-Mon-YY HH12:MI:SS:MS PM'));
INSERT INTO DETENCION VALUES('PANTERAS-300',TO_TIMESTAMP('24-AUG-08 08.14.10.000000 AM','DD-Mon-YY HH12:MI:SS:MS AM'),'URB COLINAS DE LOS CHAGUARAMOS');
INSERT INTO VEHICULO_ROBADO VALUES('LD49086','ALFA ROMEO','DEPORTIVO','2001','PLATA','PANTERAS-300',TO_TIMESTAMP('24-AUG-08 08.14.10.000000 AM','DD-Mon-YY HH12:MI:SS:MS AM'));
INSERT INTO DENUNCIA_ROBO VALUES('E82206562',TO_TIMESTAMP('20-AUG-08 02.35.54.000000 PM','DD-Mon-YY HH12:MI:SS:MS PM'),'CRISTINA ELENA LOPEZ ZAMBRANO','URB LOS CAMPITOS',TO_TIMESTAMP('18-AUG-08 03.09.12.000000 AM','DD-Mon-YY HH12:MI:SS:MS AM'),'LD49086','PANTERAS-623');
INSERT INTO SOSPECHOSO VALUES('E73956252','BEJAMIN FELIX GIRALDEZ SOSA',1854013);
INSERT INTO SE_DETIENE VALUES('E73956252','PANTERAS-300',TO_TIMESTAMP('24-AUG-08 08.14.10.000000 AM','DD-Mon-YY HH12:MI:SS:MS AM'));
INSERT INTO SE_DETIENE VALUES('E29499849','PANTERAS-300',TO_TIMESTAMP('24-AUG-08 08.14.10.000000 AM','DD-Mon-YY HH12:MI:SS:MS AM'));
INSERT INTO SE_DETIENE VALUES('V15163962','PANTERAS-300',TO_TIMESTAMP('24-AUG-08 08.14.10.000000 AM','DD-Mon-YY HH12:MI:SS:MS AM'));
INSERT INTO SE_DETIENE VALUES('V15163962','PANTERAS-300',TO_TIMESTAMP('24-AUG-08 08.14.10.000000 AM','DD-Mon-YY HH12:MI:SS:MS AM'));
INSERT INTO DETENCION VALUES('TRIGRES-991',TO_TIMESTAMP('28-AUG-08 03.54.15.000000 AM','DD-Mon-YY HH12:MI:SS:MS AM'),'PEREZ BONALDE');
INSERT INTO VEHICULO_ROBADO VALUES('DG59335','FORD','PICKUP','2005','ROJO','TRIGRES-991',TO_TIMESTAMP('28-AUG-08 03.54.15.000000 AM','DD-Mon-YY HH12:MI:SS:MS AM'));
INSERT INTO DENUNCIA_ROBO VALUES('E3553356',TO_TIMESTAMP('11-AUG-08 09.15.45.000000 AM','DD-Mon-YY HH12:MI:SS:MS AM'),'VICTOR ADOLFO GALLEGOS LOPEZ','SAN AGUSTIN',TO_TIMESTAMP('06-AUG-08 12.42.30.000000 AM','DD-Mon-YY HH12:MI:SS:MS AM'),'DG59335','PANTERAS-744');
INSERT INTO SOSPECHOSO VALUES('E13995552','VICTOR ESTEFANO LOPEZ MENDOZA',9638908);
INSERT INTO SE_DETIENE VALUES('E13995552','TRIGRES-991',TO_TIMESTAMP('28-AUG-08 03.54.15.000000 AM','DD-Mon-YY HH12:MI:SS:MS AM'));
INSERT INTO SE_DETIENE VALUES('V16594596','TRIGRES-991',TO_TIMESTAMP('28-AUG-08 03.54.15.000000 AM','DD-Mon-YY HH12:MI:SS:MS AM'));
INSERT INTO SE_DETIENE VALUES('E11842475','TRIGRES-991',TO_TIMESTAMP('28-AUG-08 03.54.15.000000 AM','DD-Mon-YY HH12:MI:SS:MS AM'));
INSERT INTO SE_DETIENE VALUES('E87321506','TRIGRES-991',TO_TIMESTAMP('28-AUG-08 03.54.15.000000 AM','DD-Mon-YY HH12:MI:SS:MS AM'));
INSERT INTO SE_DETIENE VALUES('E7826048','TRIGRES-991',TO_TIMESTAMP('28-AUG-08 03.54.15.000000 AM','DD-Mon-YY HH12:MI:SS:MS AM'));
INSERT INTO DETENCION VALUES('ARACNIDOS-380',TO_TIMESTAMP('25-SEP-08 10.24.41.000000 PM','DD-Mon-YY HH12:MI:SS:MS PM'),'CAFETAL');
INSERT INTO VEHICULO_ROBADO VALUES('XR58074','ALFA ROMEO','FURGONETA','2003','ROJO','ARACNIDOS-380',TO_TIMESTAMP('25-SEP-08 10.24.41.000000 PM','DD-Mon-YY HH12:MI:SS:MS PM'));
INSERT INTO DENUNCIA_ROBO VALUES('V10538150',TO_TIMESTAMP('07-SEP-08 10.29.03.000000 AM','DD-Mon-YY HH12:MI:SS:MS AM'),'ALICIA ANGELA TIRADO GALLEGOS','CAFETAL',TO_TIMESTAMP('01-SEP-08 05.44.27.000000 AM','DD-Mon-YY HH12:MI:SS:MS AM'),'XR58074','OSOS-629');
INSERT INTO SOSPECHOSO VALUES('E87946554','EDUARDO ALBERTO MENDOZA GIRALDEZ',3441918);
INSERT INTO SE_DETIENE VALUES('E87946554','ARACNIDOS-380',TO_TIMESTAMP('25-SEP-08 10.24.41.000000 PM','DD-Mon-YY HH12:MI:SS:MS PM'));
INSERT INTO SE_DETIENE VALUES('E72761183','ARACNIDOS-380',TO_TIMESTAMP('25-SEP-08 10.24.41.000000 PM','DD-Mon-YY HH12:MI:SS:MS PM'));
INSERT INTO SE_DETIENE VALUES('E28171064','ARACNIDOS-380',TO_TIMESTAMP('25-SEP-08 10.24.41.000000 PM','DD-Mon-YY HH12:MI:SS:MS PM'));
INSERT INTO SE_DETIENE VALUES('V16594596','ARACNIDOS-380',TO_TIMESTAMP('25-SEP-08 10.24.41.000000 PM','DD-Mon-YY HH12:MI:SS:MS PM'));
INSERT INTO SE_DETIENE VALUES('E54332266','ARACNIDOS-380',TO_TIMESTAMP('25-SEP-08 10.24.41.000000 PM','DD-Mon-YY HH12:MI:SS:MS PM'));
INSERT INTO SE_DETIENE VALUES('E27157964','ARACNIDOS-380',TO_TIMESTAMP('25-SEP-08 10.24.41.000000 PM','DD-Mon-YY HH12:MI:SS:MS PM'));
INSERT INTO DETENCION VALUES('TIBURONES-870',TO_TIMESTAMP('16-SEP-08 01.06.45.000000 PM','DD-Mon-YY HH12:MI:SS:MS PM'),'URB PARQUE CARABOBO');
INSERT INTO VEHICULO_ROBADO VALUES('PW17116','LEXUS','MICRO','1994','NEGRO','TIBURONES-870',TO_TIMESTAMP('16-SEP-08 01.06.45.000000 PM','DD-Mon-YY HH12:MI:SS:MS PM'));
INSERT INTO DENUNCIA_ROBO VALUES('V49851548',TO_TIMESTAMP('06-AUG-08 04.40.11.000000 AM','DD-Mon-YY HH12:MI:SS:MS AM'),'BEJAMIN FELIPE FERRER MENDOZA','URB MONTALBAN',TO_TIMESTAMP('05-AUG-08 04.36.38.000000 AM','DD-Mon-YY HH12:MI:SS:MS AM'),'PW17116','OSOS-780');
INSERT INTO SOSPECHOSO VALUES('E77850663','TOMAS RAFAEL TIRADO GUERRA',1623813);
INSERT INTO SE_DETIENE VALUES('E77850663','TIBURONES-870',TO_TIMESTAMP('16-SEP-08 01.06.45.000000 PM','DD-Mon-YY HH12:MI:SS:MS PM'));
INSERT INTO SE_DETIENE VALUES('E99844357','TIBURONES-870',TO_TIMESTAMP('16-SEP-08 01.06.45.000000 PM','DD-Mon-YY HH12:MI:SS:MS PM'));
INSERT INTO SE_DETIENE VALUES('E4202507','TIBURONES-870',TO_TIMESTAMP('16-SEP-08 01.06.45.000000 PM','DD-Mon-YY HH12:MI:SS:MS PM'));
INSERT INTO SE_DETIENE VALUES('E99792858','TIBURONES-870',TO_TIMESTAMP('16-SEP-08 01.06.45.000000 PM','DD-Mon-YY HH12:MI:SS:MS PM'));
INSERT INTO SE_DETIENE VALUES('E67183842','TIBURONES-870',TO_TIMESTAMP('16-SEP-08 01.06.45.000000 PM','DD-Mon-YY HH12:MI:SS:MS PM'));
INSERT INTO SE_DETIENE VALUES('E67183842','TIBURONES-870',TO_TIMESTAMP('16-SEP-08 01.06.45.000000 PM','DD-Mon-YY HH12:MI:SS:MS PM'));
INSERT INTO DETENCION VALUES('OSOS-771',TO_TIMESTAMP('19-AUG-08 12.35.08.000000 AM','DD-Mon-YY HH12:MI:SS:MS AM'),'BARRIO BRISAS DEL PARAISO');
INSERT INTO VEHICULO_ROBADO VALUES('RMYP437','CITROEN','SEDAN','2001','CAFE','OSOS-771',TO_TIMESTAMP('19-AUG-08 12.35.08.000000 AM','DD-Mon-YY HH12:MI:SS:MS AM'));
INSERT INTO DENUNCIA_ROBO VALUES('V78261606',TO_TIMESTAMP('12-AUG-08 04.31.29.000000 AM','DD-Mon-YY HH12:MI:SS:MS AM'),'ANA EMELY LANDAETA GARCIA','URB LOS GUAYABITOS',TO_TIMESTAMP('06-AUG-08 08.00.40.000000 AM','DD-Mon-YY HH12:MI:SS:MS AM'),'RMYP437','ZORROS-775');
INSERT INTO SOSPECHOSO VALUES('E26273589','ALICIA MARISOL MARQUEZ GUERRA',4290891);
INSERT INTO SE_DETIENE VALUES('E26273589','OSOS-771',TO_TIMESTAMP('19-AUG-08 12.35.08.000000 AM','DD-Mon-YY HH12:MI:SS:MS AM'));
INSERT INTO SE_DETIENE VALUES('E17892138','OSOS-771',TO_TIMESTAMP('19-AUG-08 12.35.08.000000 AM','DD-Mon-YY HH12:MI:SS:MS AM'));
INSERT INTO SE_DETIENE VALUES('V47381153','OSOS-771',TO_TIMESTAMP('19-AUG-08 12.35.08.000000 AM','DD-Mon-YY HH12:MI:SS:MS AM'));
INSERT INTO DETENCION VALUES('ZORROS-775',TO_TIMESTAMP('28-AUG-08 05.24.01.000000 AM','DD-Mon-YY HH12:MI:SS:MS AM'),'URB EL BOSQUE');
INSERT INTO VEHICULO_ROBADO VALUES('DBC8825','MAZDA','DEPORTIVO','1997','NEGRO','ZORROS-775',TO_TIMESTAMP('28-AUG-08 05.24.01.000000 AM','DD-Mon-YY HH12:MI:SS:MS AM'));
INSERT INTO DENUNCIA_ROBO VALUES('E39174452',TO_TIMESTAMP('07-AUG-08 03.43.07.000000 AM','DD-Mon-YY HH12:MI:SS:MS AM'),'CARMEN EMELY MENDOZA PARRA','EL VALLE',TO_TIMESTAMP('31-JUL-08 05.13.09.000000 PM','DD-Mon-YY HH12:MI:SS:MS PM'),'DBC8825','ARACNIDOS-749');
INSERT INTO SOSPECHOSO VALUES('E12865889','DANIELA ANGELA GIRALDEZ GALLEGOS',7300535);
INSERT INTO SE_DETIENE VALUES('E12865889','ZORROS-775',TO_TIMESTAMP('28-AUG-08 05.24.01.000000 AM','DD-Mon-YY HH12:MI:SS:MS AM'));
INSERT INTO SE_DETIENE VALUES('V16594596','ZORROS-775',TO_TIMESTAMP('28-AUG-08 05.24.01.000000 AM','DD-Mon-YY HH12:MI:SS:MS AM'));
INSERT INTO SE_DETIENE VALUES('V16594596','ZORROS-775',TO_TIMESTAMP('28-AUG-08 05.24.01.000000 AM','DD-Mon-YY HH12:MI:SS:MS AM'));
INSERT INTO SE_DETIENE VALUES('E42844779','ZORROS-775',TO_TIMESTAMP('28-AUG-08 05.24.01.000000 AM','DD-Mon-YY HH12:MI:SS:MS AM'));
INSERT INTO SE_DETIENE VALUES('V15163962','ZORROS-775',TO_TIMESTAMP('28-AUG-08 05.24.01.000000 AM','DD-Mon-YY HH12:MI:SS:MS AM'));
INSERT INTO DETENCION VALUES('TIBURONES-999',TO_TIMESTAMP('21-OCT-08 03.50.41.000000 PM','DD-Mon-YY HH12:MI:SS:MS PM'),'BARRIO COTIZA');
INSERT INTO VEHICULO_ROBADO VALUES('HPA9217','MITSUBISHI','PICKUP','2006','GRIS','TIBURONES-999',TO_TIMESTAMP('21-OCT-08 03.50.41.000000 PM','DD-Mon-YY HH12:MI:SS:MS PM'));
INSERT INTO DENUNCIA_ROBO VALUES('E42835198',TO_TIMESTAMP('12-SEP-08 03.29.47.000000 PM','DD-Mon-YY HH12:MI:SS:MS PM'),'VICTORIA ALICIA FERNADEZ GALLEGOS','URB COLINAS DE LOS CAOBOS',TO_TIMESTAMP('06-SEP-08 05.32.13.000000 AM','DD-Mon-YY HH12:MI:SS:MS AM'),'HPA9217','OSOS-331');
INSERT INTO SOSPECHOSO VALUES('V5387269','FELIPE ADOLFO FERRER PEREIRA',1093953);
INSERT INTO SE_DETIENE VALUES('V5387269','TIBURONES-999',TO_TIMESTAMP('21-OCT-08 03.50.41.000000 PM','DD-Mon-YY HH12:MI:SS:MS PM'));
INSERT INTO SE_DETIENE VALUES('E11842475','TIBURONES-999',TO_TIMESTAMP('21-OCT-08 03.50.41.000000 PM','DD-Mon-YY HH12:MI:SS:MS PM'));
INSERT INTO DETENCION VALUES('OSOS-340',TO_TIMESTAMP('22-AUG-08 04.27.22.000000 AM','DD-Mon-YY HH12:MI:SS:MS AM'),'SANTA FE');
INSERT INTO VEHICULO_ROBADO VALUES('JM84280','VOLKSWAGEN','FURGONETA','1994','DORADO','OSOS-340',TO_TIMESTAMP('22-AUG-08 04.27.22.000000 AM','DD-Mon-YY HH12:MI:SS:MS AM'));
INSERT INTO DENUNCIA_ROBO VALUES('V77286192',TO_TIMESTAMP('06-AUG-08 01.06.52.000000 PM','DD-Mon-YY HH12:MI:SS:MS PM'),'FELIPE LEONARDO ADRIAN FERRER','PROPATRIA',TO_TIMESTAMP('06-AUG-08 02.20.53.000000 AM','DD-Mon-YY HH12:MI:SS:MS AM'),'JM84280','TIBURONES-368');
INSERT INTO SOSPECHOSO VALUES('E85847772','MIRIAM ANGELICA MARQUEZ TORRES',2669001);
INSERT INTO SE_DETIENE VALUES('E85847772','OSOS-340',TO_TIMESTAMP('22-AUG-08 04.27.22.000000 AM','DD-Mon-YY HH12:MI:SS:MS AM'));
INSERT INTO SE_DETIENE VALUES('E72761183','OSOS-340',TO_TIMESTAMP('22-AUG-08 04.27.22.000000 AM','DD-Mon-YY HH12:MI:SS:MS AM'));
INSERT INTO SE_DETIENE VALUES('V20657353','OSOS-340',TO_TIMESTAMP('22-AUG-08 04.27.22.000000 AM','DD-Mon-YY HH12:MI:SS:MS AM'));
INSERT INTO SE_DETIENE VALUES('E36229665','OSOS-340',TO_TIMESTAMP('22-AUG-08 04.27.22.000000 AM','DD-Mon-YY HH12:MI:SS:MS AM'));
INSERT INTO DETENCION VALUES('AGUILAS-647',TO_TIMESTAMP('06-OCT-08 04.18.00.000000 AM','DD-Mon-YY HH12:MI:SS:MS AM'),'URB 23 ENERO');
INSERT INTO VEHICULO_ROBADO VALUES('HGLVB64','SUSUKI','DEPORTIVO','2003','CAFE','AGUILAS-647',TO_TIMESTAMP('06-OCT-08 04.18.00.000000 AM','DD-Mon-YY HH12:MI:SS:MS AM'));
INSERT INTO DENUNCIA_ROBO VALUES('V31000239',TO_TIMESTAMP('29-AUG-08 01.00.12.000000 AM','DD-Mon-YY HH12:MI:SS:MS AM'),'ELENA ALICIA FERNADEZ PEREIRA','BARRIO CENTRO ITALO',TO_TIMESTAMP('27-AUG-08 03.42.52.000000 PM','DD-Mon-YY HH12:MI:SS:MS PM'),'HGLVB64','PANTERAS-456');
INSERT INTO SOSPECHOSO VALUES('V84264553','LEONARDO LUIS PARRA GARCIA',4647521);
INSERT INTO SE_DETIENE VALUES('V84264553','AGUILAS-647',TO_TIMESTAMP('06-OCT-08 04.18.00.000000 AM','DD-Mon-YY HH12:MI:SS:MS AM'));
INSERT INTO SE_DETIENE VALUES('V47381153','AGUILAS-647',TO_TIMESTAMP('06-OCT-08 04.18.00.000000 AM','DD-Mon-YY HH12:MI:SS:MS AM'));
INSERT INTO SE_DETIENE VALUES('E36229665','AGUILAS-647',TO_TIMESTAMP('06-OCT-08 04.18.00.000000 AM','DD-Mon-YY HH12:MI:SS:MS AM'));
INSERT INTO SE_DETIENE VALUES('V33486065','AGUILAS-647',TO_TIMESTAMP('06-OCT-08 04.18.00.000000 AM','DD-Mon-YY HH12:MI:SS:MS AM'));
INSERT INTO DETENCION VALUES('OSOS-401',TO_TIMESTAMP('27-AUG-08 09.45.36.000000 PM','DD-Mon-YY HH12:MI:SS:MS PM'),'SANTA MONICA');
INSERT INTO VEHICULO_ROBADO VALUES('GOTK276','LEXUS','FURGONETA','2000','BLANCO','OSOS-401',TO_TIMESTAMP('27-AUG-08 09.45.36.000000 PM','DD-Mon-YY HH12:MI:SS:MS PM'));
INSERT INTO DENUNCIA_ROBO VALUES('V59501542',TO_TIMESTAMP('08-AUG-08 07.45.50.000000 PM','DD-Mon-YY HH12:MI:SS:MS PM'),'ANTONIO ESTEFANO MENDOZA TIRADO','LA VEGA',TO_TIMESTAMP('05-AUG-08 01.28.44.000000 AM','DD-Mon-YY HH12:MI:SS:MS AM'),'GOTK276','ARACNIDOS-749');
INSERT INTO SOSPECHOSO VALUES('V16468252','ESTEFANO LUIS FERNADEZ MENDOZA',8626313);
INSERT INTO SE_DETIENE VALUES('V16468252','OSOS-401',TO_TIMESTAMP('27-AUG-08 09.45.36.000000 PM','DD-Mon-YY HH12:MI:SS:MS PM'));
INSERT INTO SE_DETIENE VALUES('E87321506','OSOS-401',TO_TIMESTAMP('27-AUG-08 09.45.36.000000 PM','DD-Mon-YY HH12:MI:SS:MS PM'));
INSERT INTO SE_DETIENE VALUES('V16594596','OSOS-401',TO_TIMESTAMP('27-AUG-08 09.45.36.000000 PM','DD-Mon-YY HH12:MI:SS:MS PM'));
INSERT INTO DETENCION VALUES('OSOS-134',TO_TIMESTAMP('09-SEP-08 07.35.37.000000 PM','DD-Mon-YY HH12:MI:SS:MS PM'),'PROPATRIA');
INSERT INTO VEHICULO_ROBADO VALUES('JWFF291','DODGE','DEPORTIVO','1998','DORADO','OSOS-134',TO_TIMESTAMP('09-SEP-08 07.35.37.000000 PM','DD-Mon-YY HH12:MI:SS:MS PM'));
INSERT INTO DENUNCIA_ROBO VALUES('E91648337',TO_TIMESTAMP('11-AUG-08 03.32.31.000000 AM','DD-Mon-YY HH12:MI:SS:MS AM'),'ANGELICA LILIAN LOPEZ GOMEZ','VALLE ALTO',TO_TIMESTAMP('08-AUG-08 03.07.30.000000 PM','DD-Mon-YY HH12:MI:SS:MS PM'),'JWFF291','ZORROS-329');
INSERT INTO SOSPECHOSO VALUES('E43371504','ANTONIO RICARDO LANDAETA GARCIA',3593741);
INSERT INTO SE_DETIENE VALUES('E43371504','OSOS-134',TO_TIMESTAMP('09-SEP-08 07.35.37.000000 PM','DD-Mon-YY HH12:MI:SS:MS PM'));
INSERT INTO SE_DETIENE VALUES('E92876896','OSOS-134',TO_TIMESTAMP('09-SEP-08 07.35.37.000000 PM','DD-Mon-YY HH12:MI:SS:MS PM'));
INSERT INTO SE_DETIENE VALUES('E4202507','OSOS-134',TO_TIMESTAMP('09-SEP-08 07.35.37.000000 PM','DD-Mon-YY HH12:MI:SS:MS PM'));
INSERT INTO SE_DETIENE VALUES('E7826048','OSOS-134',TO_TIMESTAMP('09-SEP-08 07.35.37.000000 PM','DD-Mon-YY HH12:MI:SS:MS PM'));
INSERT INTO DETENCION VALUES('LEONES-798',TO_TIMESTAMP('20-AUG-08 10.40.44.000000 PM','DD-Mon-YY HH12:MI:SS:MS PM'),'URB CHACAITO');
INSERT INTO VEHICULO_ROBADO VALUES('XA46951','BMW','DEPORTIVO','1999','CAFE','LEONES-798',TO_TIMESTAMP('20-AUG-08 10.40.44.000000 PM','DD-Mon-YY HH12:MI:SS:MS PM'));
INSERT INTO DENUNCIA_ROBO VALUES('V53631979',TO_TIMESTAMP('17-AUG-08 12.02.00.000000 PM','DD-Mon-YY HH12:MI:SS:MS PM'),'ISMAEL ESTEFANO GIRALDEZ GALLEGOS','URB COCHE',TO_TIMESTAMP('12-AUG-08 07.48.26.000000 PM','DD-Mon-YY HH12:MI:SS:MS PM'),'XA46951','ZORROS-305');
INSERT INTO SOSPECHOSO VALUES('E62708265','ANTONIO LEONARDO GUERRERO PARRA',2856409);
INSERT INTO SE_DETIENE VALUES('E62708265','LEONES-798',TO_TIMESTAMP('20-AUG-08 10.40.44.000000 PM','DD-Mon-YY HH12:MI:SS:MS PM'));
INSERT INTO SE_DETIENE VALUES('E12104514','LEONES-798',TO_TIMESTAMP('20-AUG-08 10.40.44.000000 PM','DD-Mon-YY HH12:MI:SS:MS PM'));
INSERT INTO SE_DETIENE VALUES('V4220431','LEONES-798',TO_TIMESTAMP('20-AUG-08 10.40.44.000000 PM','DD-Mon-YY HH12:MI:SS:MS PM'));
INSERT INTO DETENCION VALUES('OSOS-686',TO_TIMESTAMP('14-SEP-08 10.26.57.000000 AM','DD-Mon-YY HH12:MI:SS:MS AM'),'BARRIO JOSE FELIX RIVAS');
INSERT INTO VEHICULO_ROBADO VALUES('FUN1111','DAEWOO','PICKUP','1997','AZUL','OSOS-686',TO_TIMESTAMP('14-SEP-08 10.26.57.000000 AM','DD-Mon-YY HH12:MI:SS:MS AM'));
INSERT INTO DENUNCIA_ROBO VALUES('V69598886',TO_TIMESTAMP('09-AUG-08 09.27.38.000000 AM','DD-Mon-YY HH12:MI:SS:MS AM'),'EDUARDO RICARDO GUERRA FERNADEZ','SARRIA',TO_TIMESTAMP('06-AUG-08 03.12.26.000000 AM','DD-Mon-YY HH12:MI:SS:MS AM'),'FUN1111','LEONES-560');
INSERT INTO SOSPECHOSO VALUES('E1090040','LILIAN ANGELA GALLEGOS MARQUEZ',9976863);
INSERT INTO SE_DETIENE VALUES('E1090040','OSOS-686',TO_TIMESTAMP('14-SEP-08 10.26.57.000000 AM','DD-Mon-YY HH12:MI:SS:MS AM'));
INSERT INTO SE_DETIENE VALUES('V97272367','OSOS-686',TO_TIMESTAMP('14-SEP-08 10.26.57.000000 AM','DD-Mon-YY HH12:MI:SS:MS AM'));
INSERT INTO SE_DETIENE VALUES('E72761183','OSOS-686',TO_TIMESTAMP('14-SEP-08 10.26.57.000000 AM','DD-Mon-YY HH12:MI:SS:MS AM'));
INSERT INTO SE_DETIENE VALUES('V20657353','OSOS-686',TO_TIMESTAMP('14-SEP-08 10.26.57.000000 AM','DD-Mon-YY HH12:MI:SS:MS AM'));
INSERT INTO SE_DETIENE VALUES('E17892138','OSOS-686',TO_TIMESTAMP('14-SEP-08 10.26.57.000000 AM','DD-Mon-YY HH12:MI:SS:MS AM'));
INSERT INTO DETENCION VALUES('ZORROS-426',TO_TIMESTAMP('15-SEP-08 07.41.35.000000 AM','DD-Mon-YY HH12:MI:SS:MS AM'),'SARRIA');
INSERT INTO VEHICULO_ROBADO VALUES('LLLYC90','SEAT','DEPORTIVO','1999','ROJO','ZORROS-426',TO_TIMESTAMP('15-SEP-08 07.41.35.000000 AM','DD-Mon-YY HH12:MI:SS:MS AM'));
INSERT INTO DENUNCIA_ROBO VALUES('E25964606',TO_TIMESTAMP('06-AUG-08 11.49.11.000000 AM','DD-Mon-YY HH12:MI:SS:MS AM'),'PEDRO JONATHAN GUERRA FERRER','URB LA FLORIDA',TO_TIMESTAMP('05-AUG-08 06.23.29.000000 AM','DD-Mon-YY HH12:MI:SS:MS AM'),'LLLYC90','ARACNIDOS-167');
INSERT INTO SOSPECHOSO VALUES('V26736557','ANA MARISOL PEREZ ALGARIN',5590822);
INSERT INTO SE_DETIENE VALUES('V26736557','ZORROS-426',TO_TIMESTAMP('15-SEP-08 07.41.35.000000 AM','DD-Mon-YY HH12:MI:SS:MS AM'));
INSERT INTO SE_DETIENE VALUES('E4202507','ZORROS-426',TO_TIMESTAMP('15-SEP-08 07.41.35.000000 AM','DD-Mon-YY HH12:MI:SS:MS AM'));
INSERT INTO SE_DETIENE VALUES('E72114586','ZORROS-426',TO_TIMESTAMP('15-SEP-08 07.41.35.000000 AM','DD-Mon-YY HH12:MI:SS:MS AM'));
INSERT INTO SE_DETIENE VALUES('V16481829','ZORROS-426',TO_TIMESTAMP('15-SEP-08 07.41.35.000000 AM','DD-Mon-YY HH12:MI:SS:MS AM'));
INSERT INTO SE_DETIENE VALUES('E17892138','ZORROS-426',TO_TIMESTAMP('15-SEP-08 07.41.35.000000 AM','DD-Mon-YY HH12:MI:SS:MS AM'));
INSERT INTO SE_DETIENE VALUES('E88228181','ZORROS-426',TO_TIMESTAMP('15-SEP-08 07.41.35.000000 AM','DD-Mon-YY HH12:MI:SS:MS AM'));
INSERT INTO DETENCION VALUES('TRIGRES-296',TO_TIMESTAMP('28-SEP-08 11.28.26.000000 PM','DD-Mon-YY HH12:MI:SS:MS PM'),'ARAGUITA');
INSERT INTO VEHICULO_ROBADO VALUES('LP20736','HYUNDAI','FURGONETA','1999','VIOLETA','TRIGRES-296',TO_TIMESTAMP('28-SEP-08 11.28.26.000000 PM','DD-Mon-YY HH12:MI:SS:MS PM'));
INSERT INTO DENUNCIA_ROBO VALUES('V97790783',TO_TIMESTAMP('30-AUG-08 12.11.39.000000 AM','DD-Mon-YY HH12:MI:SS:MS AM'),'LEONARDO PEDRO GUERRA CASTILLO','SANTA FE',TO_TIMESTAMP('26-AUG-08 02.58.54.000000 AM','DD-Mon-YY HH12:MI:SS:MS AM'),'LP20736','TIBURONES-937');
INSERT INTO SOSPECHOSO VALUES('E33064048','MARIA MARISOL FERRER TORRES',2820193);
INSERT INTO SE_DETIENE VALUES('E33064048','TRIGRES-296',TO_TIMESTAMP('28-SEP-08 11.28.26.000000 PM','DD-Mon-YY HH12:MI:SS:MS PM'));
INSERT INTO SE_DETIENE VALUES('V4220431','TRIGRES-296',TO_TIMESTAMP('28-SEP-08 11.28.26.000000 PM','DD-Mon-YY HH12:MI:SS:MS PM'));
INSERT INTO SE_DETIENE VALUES('E87321506','TRIGRES-296',TO_TIMESTAMP('28-SEP-08 11.28.26.000000 PM','DD-Mon-YY HH12:MI:SS:MS PM'));
INSERT INTO SE_DETIENE VALUES('E7573923','TRIGRES-296',TO_TIMESTAMP('28-SEP-08 11.28.26.000000 PM','DD-Mon-YY HH12:MI:SS:MS PM'));
INSERT INTO SE_DETIENE VALUES('V16481829','TRIGRES-296',TO_TIMESTAMP('28-SEP-08 11.28.26.000000 PM','DD-Mon-YY HH12:MI:SS:MS PM'));
INSERT INTO DETENCION VALUES('LEONES-136',TO_TIMESTAMP('19-SEP-08 01.32.54.000000 AM','DD-Mon-YY HH12:MI:SS:MS AM'),'PEREZ BONALDE');
INSERT INTO VEHICULO_ROBADO VALUES('TSHVQ53','DODGE','DEPORTIVO','1995','VERDE','LEONES-136',TO_TIMESTAMP('19-SEP-08 01.32.54.000000 AM','DD-Mon-YY HH12:MI:SS:MS AM'));
INSERT INTO DENUNCIA_ROBO VALUES('V18295754',TO_TIMESTAMP('21-AUG-08 05.50.15.000000 AM','DD-Mon-YY HH12:MI:SS:MS AM'),'CARLOS GUILLERMO GALLEGOS PARRA','BARRIO CARAPITA',TO_TIMESTAMP('18-AUG-08 09.55.40.000000 PM','DD-Mon-YY HH12:MI:SS:MS PM'),'TSHVQ53','OSOS-401');
INSERT INTO SOSPECHOSO VALUES('V65601885','FELIX RAFAEL CASTILLO ADRIAN',1402518);
INSERT INTO SE_DETIENE VALUES('V65601885','LEONES-136',TO_TIMESTAMP('19-SEP-08 01.32.54.000000 AM','DD-Mon-YY HH12:MI:SS:MS AM'));
INSERT INTO SE_DETIENE VALUES('V97272367','LEONES-136',TO_TIMESTAMP('19-SEP-08 01.32.54.000000 AM','DD-Mon-YY HH12:MI:SS:MS AM'));
INSERT INTO SE_DETIENE VALUES('V16594596','LEONES-136',TO_TIMESTAMP('19-SEP-08 01.32.54.000000 AM','DD-Mon-YY HH12:MI:SS:MS AM'));
INSERT INTO DETENCION VALUES('OSOS-745',TO_TIMESTAMP('25-SEP-08 03.52.01.000000 PM','DD-Mon-YY HH12:MI:SS:MS PM'),'URB MARIPEREZ');
INSERT INTO VEHICULO_ROBADO VALUES('SLNU751','PEUGOT','CAMIONETA','1992','AZUL','OSOS-745',TO_TIMESTAMP('25-SEP-08 03.52.01.000000 PM','DD-Mon-YY HH12:MI:SS:MS PM'));
INSERT INTO DENUNCIA_ROBO VALUES('V23827933',TO_TIMESTAMP('09-SEP-08 01.01.43.000000 PM','DD-Mon-YY HH12:MI:SS:MS PM'),'TERESA CAROLINA CASTILLO GUERRERO','BARRIO BRISAS DEL PARAISO',TO_TIMESTAMP('08-SEP-08 12.26.13.000000 PM','DD-Mon-YY HH12:MI:SS:MS PM'),'SLNU751','LEONES-729');
INSERT INTO SOSPECHOSO VALUES('E92385153','CRISTINA MARISOL FERRER ADRIAN',9160286);
INSERT INTO SE_DETIENE VALUES('E92385153','OSOS-745',TO_TIMESTAMP('25-SEP-08 03.52.01.000000 PM','DD-Mon-YY HH12:MI:SS:MS PM'));
INSERT INTO SE_DETIENE VALUES('V16481829','OSOS-745',TO_TIMESTAMP('25-SEP-08 03.52.01.000000 PM','DD-Mon-YY HH12:MI:SS:MS PM'));
INSERT INTO SE_DETIENE VALUES('E7573923','OSOS-745',TO_TIMESTAMP('25-SEP-08 03.52.01.000000 PM','DD-Mon-YY HH12:MI:SS:MS PM'));
INSERT INTO SE_DETIENE VALUES('E28171064','OSOS-745',TO_TIMESTAMP('25-SEP-08 03.52.01.000000 PM','DD-Mon-YY HH12:MI:SS:MS PM'));
INSERT INTO DETENCION VALUES('OSOS-544',TO_TIMESTAMP('11-SEP-08 05.48.31.000000 PM','DD-Mon-YY HH12:MI:SS:MS PM'),'CAFETAL');
INSERT INTO VEHICULO_ROBADO VALUES('ANTYK39','CHEVROLET','FURGONETA','2000','AZUL','OSOS-544',TO_TIMESTAMP('11-SEP-08 05.48.31.000000 PM','DD-Mon-YY HH12:MI:SS:MS PM'));
INSERT INTO DENUNCIA_ROBO VALUES('V38499803',TO_TIMESTAMP('03-SEP-08 11.08.37.000000 PM','DD-Mon-YY HH12:MI:SS:MS PM'),'CECILIA MARISOL PARRA SOSA','BARRIO BRISAS DE PETARE',TO_TIMESTAMP('30-AUG-08 11.24.51.000000 PM','DD-Mon-YY HH12:MI:SS:MS PM'),'ANTYK39','LEONES-927');
INSERT INTO SOSPECHOSO VALUES('V80581768','ANA ANGELICA GUERRERO PARRA',3209216);
INSERT INTO SE_DETIENE VALUES('V80581768','OSOS-544',TO_TIMESTAMP('11-SEP-08 05.48.31.000000 PM','DD-Mon-YY HH12:MI:SS:MS PM'));
INSERT INTO SE_DETIENE VALUES('E27157964','OSOS-544',TO_TIMESTAMP('11-SEP-08 05.48.31.000000 PM','DD-Mon-YY HH12:MI:SS:MS PM'));
INSERT INTO SE_DETIENE VALUES('E72761183','OSOS-544',TO_TIMESTAMP('11-SEP-08 05.48.31.000000 PM','DD-Mon-YY HH12:MI:SS:MS PM'));
INSERT INTO SE_DETIENE VALUES('E17892138','OSOS-544',TO_TIMESTAMP('11-SEP-08 05.48.31.000000 PM','DD-Mon-YY HH12:MI:SS:MS PM'));
INSERT INTO DETENCION VALUES('TIBURONES-377',TO_TIMESTAMP('13-SEP-08 11.10.57.000000 PM','DD-Mon-YY HH12:MI:SS:MS PM'),'BARRIO COTIZA');
INSERT INTO VEHICULO_ROBADO VALUES('GDK6379','MAZDA','FURGONETA','1998','NARANJA','TIBURONES-377',TO_TIMESTAMP('13-SEP-08 11.10.57.000000 PM','DD-Mon-YY HH12:MI:SS:MS PM'));
INSERT INTO DENUNCIA_ROBO VALUES('V5329239',TO_TIMESTAMP('19-AUG-08 11.49.48.000000 AM','DD-Mon-YY HH12:MI:SS:MS AM'),'TOMAS ADOLFO FERNADEZ ALGARIN','URB COLINAS DE LOS CHAGUARAMOS',TO_TIMESTAMP('12-AUG-08 04.08.41.000000 PM','DD-Mon-YY HH12:MI:SS:MS PM'),'GDK6379','ZORROS-663');
INSERT INTO SOSPECHOSO VALUES('V41870106','CRISTINA VICTORIA PEREIRA LOPEZ',4206798);
INSERT INTO SE_DETIENE VALUES('V41870106','TIBURONES-377',TO_TIMESTAMP('13-SEP-08 11.10.57.000000 PM','DD-Mon-YY HH12:MI:SS:MS PM'));
INSERT INTO SE_DETIENE VALUES('E88228181','TIBURONES-377',TO_TIMESTAMP('13-SEP-08 11.10.57.000000 PM','DD-Mon-YY HH12:MI:SS:MS PM'));
INSERT INTO SE_DETIENE VALUES('E28171064','TIBURONES-377',TO_TIMESTAMP('13-SEP-08 11.10.57.000000 PM','DD-Mon-YY HH12:MI:SS:MS PM'));
INSERT INTO SE_DETIENE VALUES('E87321506','TIBURONES-377',TO_TIMESTAMP('13-SEP-08 11.10.57.000000 PM','DD-Mon-YY HH12:MI:SS:MS PM'));
INSERT INTO SE_DETIENE VALUES('E87321506','TIBURONES-377',TO_TIMESTAMP('13-SEP-08 11.10.57.000000 PM','DD-Mon-YY HH12:MI:SS:MS PM'));
INSERT INTO DETENCION VALUES('TIBURONES-377',TO_TIMESTAMP('18-SEP-08 09.49.59.000000 AM','DD-Mon-YY HH12:MI:SS:MS AM'),'SANTA ROSA');
INSERT INTO VEHICULO_ROBADO VALUES('T993255','TOYOTA','FURGONETA','1991','AZUL','TIBURONES-377',TO_TIMESTAMP('18-SEP-08 09.49.59.000000 AM','DD-Mon-YY HH12:MI:SS:MS AM'));
INSERT INTO DENUNCIA_ROBO VALUES('V72722297',TO_TIMESTAMP('22-AUG-08 10.13.32.000000 AM','DD-Mon-YY HH12:MI:SS:MS AM'),'MONICA ROSA PARRA TORRES','URB LAS PALMAS',TO_TIMESTAMP('21-AUG-08 06.54.12.000000 PM','DD-Mon-YY HH12:MI:SS:MS PM'),'T993255','OSOS-783');
INSERT INTO SOSPECHOSO VALUES('E62420628','MONICA ROSA PARRA GALLEGOS',1097174);
INSERT INTO SE_DETIENE VALUES('E62420628','TIBURONES-377',TO_TIMESTAMP('18-SEP-08 09.49.59.000000 AM','DD-Mon-YY HH12:MI:SS:MS AM'));
INSERT INTO SE_DETIENE VALUES('E67183842','TIBURONES-377',TO_TIMESTAMP('18-SEP-08 09.49.59.000000 AM','DD-Mon-YY HH12:MI:SS:MS AM'));
INSERT INTO SE_DETIENE VALUES('V16481829','TIBURONES-377',TO_TIMESTAMP('18-SEP-08 09.49.59.000000 AM','DD-Mon-YY HH12:MI:SS:MS AM'));
INSERT INTO SE_DETIENE VALUES('E99792858','TIBURONES-377',TO_TIMESTAMP('18-SEP-08 09.49.59.000000 AM','DD-Mon-YY HH12:MI:SS:MS AM'));
INSERT INTO SE_DETIENE VALUES('E17892138','TIBURONES-377',TO_TIMESTAMP('18-SEP-08 09.49.59.000000 AM','DD-Mon-YY HH12:MI:SS:MS AM'));
INSERT INTO SE_DETIENE VALUES('E28171064','TIBURONES-377',TO_TIMESTAMP('18-SEP-08 09.49.59.000000 AM','DD-Mon-YY HH12:MI:SS:MS AM'));
INSERT INTO DETENCION VALUES('OSOS-777',TO_TIMESTAMP('30-SEP-08 08.28.32.000000 PM','DD-Mon-YY HH12:MI:SS:MS PM'),'BARRIO JOSE FELIX RIVAS');
INSERT INTO VEHICULO_ROBADO VALUES('HWPP177','CHEVROLET','MICRO','1995','CAFE','OSOS-777',TO_TIMESTAMP('30-SEP-08 08.28.32.000000 PM','DD-Mon-YY HH12:MI:SS:MS PM'));
INSERT INTO DENUNCIA_ROBO VALUES('V89412921',TO_TIMESTAMP('02-SEP-08 10.28.51.000000 PM','DD-Mon-YY HH12:MI:SS:MS PM'),'LILIAN EMELY GALLEGOS TIRADO','PEREZ BONALDE',TO_TIMESTAMP('30-AUG-08 12.14.34.000000 PM','DD-Mon-YY HH12:MI:SS:MS PM'),'HWPP177','ZORROS-426');
INSERT INTO SOSPECHOSO VALUES('E12910662','ROSA MONICA LANDAETA ALGARIN',6910765);
INSERT INTO SE_DETIENE VALUES('E12910662','OSOS-777',TO_TIMESTAMP('30-SEP-08 08.28.32.000000 PM','DD-Mon-YY HH12:MI:SS:MS PM'));
INSERT INTO SE_DETIENE VALUES('E54332266','OSOS-777',TO_TIMESTAMP('30-SEP-08 08.28.32.000000 PM','DD-Mon-YY HH12:MI:SS:MS PM'));
INSERT INTO SE_DETIENE VALUES('E92876896','OSOS-777',TO_TIMESTAMP('30-SEP-08 08.28.32.000000 PM','DD-Mon-YY HH12:MI:SS:MS PM'));
INSERT INTO SE_DETIENE VALUES('E72114586','OSOS-777',TO_TIMESTAMP('30-SEP-08 08.28.32.000000 PM','DD-Mon-YY HH12:MI:SS:MS PM'));
INSERT INTO SE_DETIENE VALUES('E92876896','OSOS-777',TO_TIMESTAMP('30-SEP-08 08.28.32.000000 PM','DD-Mon-YY HH12:MI:SS:MS PM'));
INSERT INTO DETENCION VALUES('ARACNIDOS-163',TO_TIMESTAMP('05-OCT-08 08.32.26.000000 AM','DD-Mon-YY HH12:MI:SS:MS AM'),'BARRIO ANDRES BELLO');
INSERT INTO VEHICULO_ROBADO VALUES('H205870','CITROEN','CAMIONETA','1995','AZUL','ARACNIDOS-163',TO_TIMESTAMP('05-OCT-08 08.32.26.000000 AM','DD-Mon-YY HH12:MI:SS:MS AM'));
INSERT INTO DENUNCIA_ROBO VALUES('V4301924',TO_TIMESTAMP('23-AUG-08 10.23.36.000000 PM','DD-Mon-YY HH12:MI:SS:MS PM'),'PEDRO JONATHAN FERRER ADRIAN','URB CHACAITO',TO_TIMESTAMP('19-AUG-08 03.54.21.000000 AM','DD-Mon-YY HH12:MI:SS:MS AM'),'H205870','TIBURONES-368');
INSERT INTO SOSPECHOSO VALUES('V83628557','ADRIANA ANGELA ADRIAN GIRALDEZ',2653893);
INSERT INTO SE_DETIENE VALUES('V83628557','ARACNIDOS-163',TO_TIMESTAMP('05-OCT-08 08.32.26.000000 AM','DD-Mon-YY HH12:MI:SS:MS AM'));
INSERT INTO SE_DETIENE VALUES('E36229665','ARACNIDOS-163',TO_TIMESTAMP('05-OCT-08 08.32.26.000000 AM','DD-Mon-YY HH12:MI:SS:MS AM'));
INSERT INTO SE_DETIENE VALUES('E72761183','ARACNIDOS-163',TO_TIMESTAMP('05-OCT-08 08.32.26.000000 AM','DD-Mon-YY HH12:MI:SS:MS AM'));
INSERT INTO SE_DETIENE VALUES('E99792858','ARACNIDOS-163',TO_TIMESTAMP('05-OCT-08 08.32.26.000000 AM','DD-Mon-YY HH12:MI:SS:MS AM'));
INSERT INTO SE_DETIENE VALUES('E12104514','ARACNIDOS-163',TO_TIMESTAMP('05-OCT-08 08.32.26.000000 AM','DD-Mon-YY HH12:MI:SS:MS AM'));
INSERT INTO SE_DETIENE VALUES('V97272367','ARACNIDOS-163',TO_TIMESTAMP('05-OCT-08 08.32.26.000000 AM','DD-Mon-YY HH12:MI:SS:MS AM'));
INSERT INTO DETENCION VALUES('OSOS-134',TO_TIMESTAMP('26-SEP-08 07.01.36.000000 PM','DD-Mon-YY HH12:MI:SS:MS PM'),'PLAZA VENEZUELA');
INSERT INTO VEHICULO_ROBADO VALUES('AQSH429','MITSUBISHI','SEDAN','1993','NARANJA','OSOS-134',TO_TIMESTAMP('26-SEP-08 07.01.36.000000 PM','DD-Mon-YY HH12:MI:SS:MS PM'));
INSERT INTO DENUNCIA_ROBO VALUES('V91706121',TO_TIMESTAMP('24-AUG-08 01.25.32.000000 AM','DD-Mon-YY HH12:MI:SS:MS AM'),'ANA ANGELICA FERNADEZ GALLEGOS','SANTA FE',TO_TIMESTAMP('23-AUG-08 12.04.11.000000 PM','DD-Mon-YY HH12:MI:SS:MS PM'),'AQSH429','PANTERAS-565');
INSERT INTO SOSPECHOSO VALUES('E83188294','ADRIANA MARISOL GOMEZ GONZALEZ',1031941);
INSERT INTO SE_DETIENE VALUES('E83188294','OSOS-134',TO_TIMESTAMP('26-SEP-08 07.01.36.000000 PM','DD-Mon-YY HH12:MI:SS:MS PM'));
INSERT INTO SE_DETIENE VALUES('E7573923','OSOS-134',TO_TIMESTAMP('26-SEP-08 07.01.36.000000 PM','DD-Mon-YY HH12:MI:SS:MS PM'));
INSERT INTO DETENCION VALUES('ZORROS-954',TO_TIMESTAMP('13-OCT-08 02.55.44.000000 PM','DD-Mon-YY HH12:MI:SS:MS PM'),'URB LOS CAMPITOS');
INSERT INTO VEHICULO_ROBADO VALUES('BC25685','PEUGOT','PICKUP','1991','VIOLETA','ZORROS-954',TO_TIMESTAMP('13-OCT-08 02.55.44.000000 PM','DD-Mon-YY HH12:MI:SS:MS PM'));
INSERT INTO DENUNCIA_ROBO VALUES('E23490508',TO_TIMESTAMP('03-SEP-08 12.19.01.000000 AM','DD-Mon-YY HH12:MI:SS:MS AM'),'CARLOS ESTEFANO CASTILLO GARCIA','BARRIO LA DOLORITA',TO_TIMESTAMP('02-SEP-08 10.34.15.000000 PM','DD-Mon-YY HH12:MI:SS:MS PM'),'BC25685','ARACNIDOS-380');
INSERT INTO SOSPECHOSO VALUES('V91938357','ANGELA MONICA FERNADEZ ALGARIN',6310344);
INSERT INTO SE_DETIENE VALUES('V91938357','ZORROS-954',TO_TIMESTAMP('13-OCT-08 02.55.44.000000 PM','DD-Mon-YY HH12:MI:SS:MS PM'));
INSERT INTO SE_DETIENE VALUES('V97272367','ZORROS-954',TO_TIMESTAMP('13-OCT-08 02.55.44.000000 PM','DD-Mon-YY HH12:MI:SS:MS PM'));
INSERT INTO SE_DETIENE VALUES('E88228181','ZORROS-954',TO_TIMESTAMP('13-OCT-08 02.55.44.000000 PM','DD-Mon-YY HH12:MI:SS:MS PM'));
INSERT INTO SE_DETIENE VALUES('E67566095','ZORROS-954',TO_TIMESTAMP('13-OCT-08 02.55.44.000000 PM','DD-Mon-YY HH12:MI:SS:MS PM'));
INSERT INTO SE_DETIENE VALUES('E27157964','ZORROS-954',TO_TIMESTAMP('13-OCT-08 02.55.44.000000 PM','DD-Mon-YY HH12:MI:SS:MS PM'));
INSERT INTO VEHICULO_ROBADO VALUES('PS72130','MERCEDES','MICRO','1993','BLANCO',NULL,NULL);
INSERT INTO DENUNCIA_ROBO VALUES('E94327674',TO_TIMESTAMP('09-AUG-08 09.45.15.000000 AM','DD-Mon-YY HH12:MI:SS:MS AM'),'ESTHER ADRIANA TORRES MARQUEZ','PLAZA VENEZUELA',TO_TIMESTAMP('09-AUG-08 01.17.38.000000 AM','DD-Mon-YY HH12:MI:SS:MS AM'),'PS72130','TIBURONES-870');
INSERT INTO VEHICULO_ROBADO VALUES('SOJR450','VOLKSWAGEN','FURGONETA','1993','CAFE',NULL,NULL);
INSERT INTO DENUNCIA_ROBO VALUES('E72724067',TO_TIMESTAMP('05-SEP-08 12.08.32.000000 PM','DD-Mon-YY HH12:MI:SS:MS PM'),'CRISTINA ANGELA CASTILLO ZAMBRANO','BARRIO ANAUCO',TO_TIMESTAMP('30-AUG-08 12.29.03.000000 AM','DD-Mon-YY HH12:MI:SS:MS AM'),'SOJR450','PANTERAS-182');
INSERT INTO VEHICULO_ROBADO VALUES('R559262','SUSUKI','MICRO','1999','VERDE',NULL,NULL);
INSERT INTO DENUNCIA_ROBO VALUES('E13656386',TO_TIMESTAMP('02-SEP-08 02.09.54.000000 AM','DD-Mon-YY HH12:MI:SS:MS AM'),'EDUARDO BEJAMIN PEREZ SOSA','ARAGUITA',TO_TIMESTAMP('28-AUG-08 06.29.59.000000 AM','DD-Mon-YY HH12:MI:SS:MS AM'),'R559262','LEONES-632');
INSERT INTO VEHICULO_ROBADO VALUES('OALAC14','DODGE','DEPORTIVO','1995','GRIS',NULL,NULL);
INSERT INTO DENUNCIA_ROBO VALUES('E36760834',TO_TIMESTAMP('07-AUG-08 01.38.27.000000 AM','DD-Mon-YY HH12:MI:SS:MS AM'),'TOMAS BEJAMIN PEREZ GUERRA','LA PASTORA',TO_TIMESTAMP('01-AUG-08 06.02.57.000000 AM','DD-Mon-YY HH12:MI:SS:MS AM'),'OALAC14','TRIGRES-176');
INSERT INTO VEHICULO_ROBADO VALUES('JREBW12','LAND ROVER','DEPORTIVO','1991','CAFE',NULL,NULL);
INSERT INTO DENUNCIA_ROBO VALUES('E24324213',TO_TIMESTAMP('29-AUG-08 10.54.42.000000 AM','DD-Mon-YY HH12:MI:SS:MS AM'),'TERESA ANDREINA GONZALEZ SOSA','BARRIO ANDRES BELLO',TO_TIMESTAMP('25-AUG-08 05.59.37.000000 AM','DD-Mon-YY HH12:MI:SS:MS AM'),'JREBW12','TIBURONES-436');
INSERT INTO VEHICULO_ROBADO VALUES('HM64015','ALFA ROMEO','FURGONETA','2007','VERDE',NULL,NULL);
INSERT INTO DENUNCIA_ROBO VALUES('E56164576',TO_TIMESTAMP('07-SEP-08 10.20.00.000000 AM','DD-Mon-YY HH12:MI:SS:MS AM'),'CARMEN EMELY FERRER PEREIRA','BARRIO LA BANDERA',TO_TIMESTAMP('31-AUG-08 08.00.07.000000 PM','DD-Mon-YY HH12:MI:SS:MS PM'),'HM64015','TRIGRES-991');
INSERT INTO VEHICULO_ROBADO VALUES('ZCD3295','BMW','MICRO','1998','NEGRO',NULL,NULL);
INSERT INTO DENUNCIA_ROBO VALUES('V28695898',TO_TIMESTAMP('23-AUG-08 05.44.15.000000 AM','DD-Mon-YY HH12:MI:SS:MS AM'),'LILIAN ELENA FERNADEZ ZAMBRANO','URB PARQUE CARABOBO',TO_TIMESTAMP('21-AUG-08 03.41.39.000000 AM','DD-Mon-YY HH12:MI:SS:MS AM'),'ZCD3295','TRIGRES-672');
INSERT INTO VEHICULO_ROBADO VALUES('QACHM11','AUDI','SEDAN','1999','GRIS',NULL,NULL);
INSERT INTO DENUNCIA_ROBO VALUES('E51435230',TO_TIMESTAMP('08-AUG-08 08.41.18.000000 PM','DD-Mon-YY HH12:MI:SS:MS PM'),'CARMEN VICTORIA ADRIAN GIRALDEZ','SANTA FE',TO_TIMESTAMP('06-AUG-08 01.11.19.000000 AM','DD-Mon-YY HH12:MI:SS:MS AM'),'QACHM11','LEONES-728');
INSERT INTO VEHICULO_ROBADO VALUES('BMT7239','HYUNDAI','PICKUP','1998','NEGRO',NULL,NULL);
INSERT INTO DENUNCIA_ROBO VALUES('E41331504',TO_TIMESTAMP('30-AUG-08 04.50.04.000000 PM','DD-Mon-YY HH12:MI:SS:MS PM'),'ISMAEL RAFAEL GALLEGOS LANDAETA','URB EL PARAISO',TO_TIMESTAMP('24-AUG-08 04.20.24.000000 PM','DD-Mon-YY HH12:MI:SS:MS PM'),'BMT7239','OSOS-867');
INSERT INTO VEHICULO_ROBADO VALUES('LTKO724','PEUGOT','DEPORTIVO','2003','ROJO',NULL,NULL);
INSERT INTO DENUNCIA_ROBO VALUES('E25693714',TO_TIMESTAMP('10-SEP-08 05.17.18.000000 AM','DD-Mon-YY HH12:MI:SS:MS AM'),'DANIELA ELENA CASTILLO GARCIA','URB CAMPO CLARO',TO_TIMESTAMP('07-SEP-08 10.31.39.000000 AM','DD-Mon-YY HH12:MI:SS:MS AM'),'LTKO724','OSOS-359');
INSERT INTO VEHICULO_ROBADO VALUES('RWDGA77','FORD','DEPORTIVO','1999','BLANCO',NULL,NULL);
INSERT INTO DENUNCIA_ROBO VALUES('E10961722',TO_TIMESTAMP('11-AUG-08 07.49.53.000000 AM','DD-Mon-YY HH12:MI:SS:MS AM'),'JESUS BEJAMIN PEREZ TORRES','URB MONTALBAN',TO_TIMESTAMP('05-AUG-08 08.54.58.000000 AM','DD-Mon-YY HH12:MI:SS:MS AM'),'RWDGA77','ARACNIDOS-680');
INSERT INTO VEHICULO_ROBADO VALUES('SQYSJA1','HYUNDAI','FURGONETA','2001','AZUL',NULL,NULL);
INSERT INTO DENUNCIA_ROBO VALUES('E31100380',TO_TIMESTAMP('11-SEP-08 09.46.35.000000 PM','DD-Mon-YY HH12:MI:SS:MS PM'),'FELIPE LEONARDO CASTILLO GUERRA','BARRIO EL TRIANGULO LA VEGA',TO_TIMESTAMP('09-SEP-08 05.05.01.000000 AM','DD-Mon-YY HH12:MI:SS:MS AM'),'SQYSJA1','AGUILAS-700');
INSERT INTO VEHICULO_ROBADO VALUES('R121784','CHRYSLER','MICRO','1998','AZUL',NULL,NULL);
INSERT INTO DENUNCIA_ROBO VALUES('E40290567',TO_TIMESTAMP('13-SEP-08 02.24.51.000000 PM','DD-Mon-YY HH12:MI:SS:MS PM'),'JONATHAN FELIPE TORRES FERNADEZ','BARRIO LA DOLORITA',TO_TIMESTAMP('11-SEP-08 06.07.13.000000 AM','DD-Mon-YY HH12:MI:SS:MS AM'),'R121784','TIBURONES-293');
INSERT INTO VEHICULO_ROBADO VALUES('XT47901','RENAULT','PICKUP','2004','PLATA',NULL,NULL);
INSERT INTO DENUNCIA_ROBO VALUES('E46565076',TO_TIMESTAMP('02-AUG-08 11.18.42.000000 PM','DD-Mon-YY HH12:MI:SS:MS PM'),'FELIX RAFAEL GARCIA PARRA','PEREZ BONALDE',TO_TIMESTAMP('02-AUG-08 06.37.06.000000 AM','DD-Mon-YY HH12:MI:SS:MS AM'),'XT47901','OSOS-524');
INSERT INTO VEHICULO_ROBADO VALUES('ZFLU992','RENAULT','DEPORTIVO','1994','DORADO',NULL,NULL);
INSERT INTO DENUNCIA_ROBO VALUES('E27881784',TO_TIMESTAMP('12-SEP-08 01.14.08.000000 PM','DD-Mon-YY HH12:MI:SS:MS PM'),'ISMAEL GUILLERMO CASTILLO GUERRA','BARRIO BRISAS DEL PARAISO',TO_TIMESTAMP('07-SEP-08 09.38.34.000000 AM','DD-Mon-YY HH12:MI:SS:MS AM'),'ZFLU992','ZORROS-831');
INSERT INTO VEHICULO_ROBADO VALUES('X246114','HONDA','SEDAN','1990','VERDE',NULL,NULL);
INSERT INTO DENUNCIA_ROBO VALUES('E97727711',TO_TIMESTAMP('08-SEP-08 05.03.35.000000 PM','DD-Mon-YY HH12:MI:SS:MS PM'),'CARMEN MARISOL SOSA PARRA','SABANA GRANDE',TO_TIMESTAMP('01-SEP-08 10.02.48.000000 PM','DD-Mon-YY HH12:MI:SS:MS PM'),'X246114','OSOS-629');
INSERT INTO VEHICULO_ROBADO VALUES('UEL2247','MERCEDES','MICRO','2008','ROJO',NULL,NULL);
INSERT INTO DENUNCIA_ROBO VALUES('V92386120',TO_TIMESTAMP('28-AUG-08 07.27.48.000000 PM','DD-Mon-YY HH12:MI:SS:MS PM'),'ANDREINA CARMEN GUERRERO MARQUEZ','BARRIO ANAUCO',TO_TIMESTAMP('26-AUG-08 07.55.16.000000 PM','DD-Mon-YY HH12:MI:SS:MS PM'),'UEL2247','TIBURONES-873');
INSERT INTO VEHICULO_ROBADO VALUES('XZLYTL2','MASERATI','PICKUP','1994','PLATA',NULL,NULL);
INSERT INTO DENUNCIA_ROBO VALUES('E20239514',TO_TIMESTAMP('25-AUG-08 03.06.39.000000 AM','DD-Mon-YY HH12:MI:SS:MS AM'),'EDUARDO LEONARDO TORRES LOPEZ','ANTIMANO',TO_TIMESTAMP('18-AUG-08 09.38.59.000000 AM','DD-Mon-YY HH12:MI:SS:MS AM'),'XZLYTL2','TIBURONES-293');
INSERT INTO VEHICULO_ROBADO VALUES('VGOI555','CADILLAC','DEPORTIVO','1993','PLATA',NULL,NULL);
INSERT INTO DENUNCIA_ROBO VALUES('E90003066',TO_TIMESTAMP('12-AUG-08 06.20.14.000000 PM','DD-Mon-YY HH12:MI:SS:MS PM'),'CRISTINA GABRIELA LOPEZ MENDOZA','URB CAMPO CLARO',TO_TIMESTAMP('07-AUG-08 10.12.41.000000 PM','DD-Mon-YY HH12:MI:SS:MS PM'),'VGOI555','TIBURONES-224');
INSERT INTO VEHICULO_ROBADO VALUES('BS47510','MITSUBISHI','SEDAN','2001','CAFE',NULL,NULL);
INSERT INTO DENUNCIA_ROBO VALUES('E40566726',TO_TIMESTAMP('13-AUG-08 05.48.57.000000 AM','DD-Mon-YY HH12:MI:SS:MS AM'),'TERESA GABRIELA PEREIRA GONZALEZ','SANTA ROSA',TO_TIMESTAMP('06-AUG-08 09.37.07.000000 PM','DD-Mon-YY HH12:MI:SS:MS PM'),'BS47510','OSOS-182');
INSERT INTO VEHICULO_ROBADO VALUES('D184499','PORSCHE','DEPORTIVO','1992','NARANJA',NULL,NULL);
INSERT INTO DENUNCIA_ROBO VALUES('E41567193',TO_TIMESTAMP('05-AUG-08 07.39.56.000000 AM','DD-Mon-YY HH12:MI:SS:MS AM'),'CECILIA MARISOL PEREIRA TIRADO','URB 23 ENERO',TO_TIMESTAMP('01-AUG-08 05.59.25.000000 PM','DD-Mon-YY HH12:MI:SS:MS PM'),'D184499','OSOS-629');
INSERT INTO VEHICULO_ROBADO VALUES('QFOGCD6','DAEWOO','CAMIONETA','1997','DORADO',NULL,NULL);
INSERT INTO DENUNCIA_ROBO VALUES('V11517809',TO_TIMESTAMP('20-AUG-08 05.46.41.000000 AM','DD-Mon-YY HH12:MI:SS:MS AM'),'TERESA GABRIELA MENDOZA FERRER','SANTA ROSA',TO_TIMESTAMP('16-AUG-08 03.42.57.000000 AM','DD-Mon-YY HH12:MI:SS:MS AM'),'QFOGCD6','PANTERAS-456');
INSERT INTO VEHICULO_ROBADO VALUES('TI28094','FORD','DEPORTIVO','2001','GRIS',NULL,NULL);
INSERT INTO DENUNCIA_ROBO VALUES('V90048235',TO_TIMESTAMP('22-AUG-08 02.32.28.000000 AM','DD-Mon-YY HH12:MI:SS:MS AM'),'VICTOR CHRISTIAN CASTILLO GUERRERO','BARRIO ANAUCO',TO_TIMESTAMP('20-AUG-08 01.03.52.000000 AM','DD-Mon-YY HH12:MI:SS:MS AM'),'TI28094','TRIGRES-991');
INSERT INTO VEHICULO_ROBADO VALUES('QG92186','CHEVROLET','MICRO','2002','DORADO',NULL,NULL);
INSERT INTO DENUNCIA_ROBO VALUES('E1882369',TO_TIMESTAMP('03-AUG-08 05.29.05.000000 AM','DD-Mon-YY HH12:MI:SS:MS AM'),'DANIELA VICTORIA FERRER ZAMBRANO','SARRIA',TO_TIMESTAMP('01-AUG-08 10.57.49.000000 AM','DD-Mon-YY HH12:MI:SS:MS AM'),'QG92186','PANTERAS-300');
INSERT INTO VEHICULO_ROBADO VALUES('MSSP700','PEUGOT','PICKUP','2000','VIOLETA',NULL,NULL);
INSERT INTO DENUNCIA_ROBO VALUES('E55827061',TO_TIMESTAMP('16-SEP-08 03.17.35.000000 PM','DD-Mon-YY HH12:MI:SS:MS PM'),'CARMEN MARISOL FERRER MENDOZA','PARROQUIA SANTA TERESA',TO_TIMESTAMP('11-SEP-08 08.58.57.000000 PM','DD-Mon-YY HH12:MI:SS:MS PM'),'MSSP700','TIBURONES-218');
INSERT INTO VEHICULO_ROBADO VALUES('VGSEE41','CITROEN','MICRO','2007','PLATA',NULL,NULL);
INSERT INTO DENUNCIA_ROBO VALUES('E83856840',TO_TIMESTAMP('21-AUG-08 06.07.00.000000 AM','DD-Mon-YY HH12:MI:SS:MS AM'),'ROSA MIRIAM GUERRERO FERRER','SANTA CECILIA',TO_TIMESTAMP('14-AUG-08 12.37.00.000000 PM','DD-Mon-YY HH12:MI:SS:MS PM'),'VGSEE41','ARACNIDOS-117');
INSERT INTO VEHICULO_ROBADO VALUES('WNZX298','SUSUKI','MICRO','1998','NARANJA',NULL,NULL);
INSERT INTO DENUNCIA_ROBO VALUES('E98425462',TO_TIMESTAMP('15-SEP-08 04.15.53.000000 PM','DD-Mon-YY HH12:MI:SS:MS PM'),'MARIA CAROLINA CASTILLO ALGARIN','CARMELITAS',TO_TIMESTAMP('09-SEP-08 07.20.23.000000 AM','DD-Mon-YY HH12:MI:SS:MS AM'),'WNZX298','TIBURONES-218');
INSERT INTO VEHICULO_ROBADO VALUES('S574922','HYUNDAI','DEPORTIVO','1999','AZUL',NULL,NULL);
INSERT INTO DENUNCIA_ROBO VALUES('E23742325',TO_TIMESTAMP('12-AUG-08 04.58.03.000000 AM','DD-Mon-YY HH12:MI:SS:MS AM'),'MONICA MARISOL GIRALDEZ GALLEGOS','BARRIO HOYADA',TO_TIMESTAMP('08-AUG-08 07.58.48.000000 PM','DD-Mon-YY HH12:MI:SS:MS PM'),'S574922','ZORROS-492');
INSERT INTO VEHICULO_ROBADO VALUES('XTYWQR8','VOLKSWAGEN','DEPORTIVO','1998','GRIS',NULL,NULL);
INSERT INTO DENUNCIA_ROBO VALUES('E19420551',TO_TIMESTAMP('12-AUG-08 12.58.21.000000 AM','DD-Mon-YY HH12:MI:SS:MS AM'),'LILIAN ELENA MARQUEZ GUERRERO','BARRIO ALTOS DE LIDICE',TO_TIMESTAMP('10-AUG-08 03.23.59.000000 PM','DD-Mon-YY HH12:MI:SS:MS PM'),'XTYWQR8','AGUILAS-647');
INSERT INTO VEHICULO_ROBADO VALUES('VQJHF24','MERCEDES','MICRO','1997','PLATA',NULL,NULL);
INSERT INTO DENUNCIA_ROBO VALUES('E1658039',TO_TIMESTAMP('22-AUG-08 04.03.16.000000 AM','DD-Mon-YY HH12:MI:SS:MS AM'),'ANGELA CARMEN TIRADO GALLEGOS','BARRIO AJURO',TO_TIMESTAMP('21-AUG-08 04.51.49.000000 AM','DD-Mon-YY HH12:MI:SS:MS AM'),'VQJHF24','ZORROS-426');
INSERT INTO VEHICULO_ROBADO VALUES('RIRGU18','DODGE','DEPORTIVO','2008','NARANJA',NULL,NULL);
INSERT INTO DENUNCIA_ROBO VALUES('V54934943',TO_TIMESTAMP('24-AUG-08 04.35.03.000000 PM','DD-Mon-YY HH12:MI:SS:MS PM'),'ELENA LILIAN CASTILLO GALLEGOS','SANTA CECILIA',TO_TIMESTAMP('18-AUG-08 03.54.39.000000 AM','DD-Mon-YY HH12:MI:SS:MS AM'),'RIRGU18','OSOS-524');
INSERT INTO VEHICULO_ROBADO VALUES('GDXB892','CITROEN','CAMIONETA','1991','ROJO',NULL,NULL);
INSERT INTO DENUNCIA_ROBO VALUES('E67498119',TO_TIMESTAMP('29-AUG-08 07.41.48.000000 PM','DD-Mon-YY HH12:MI:SS:MS PM'),'RAFAEL PEDRO GARCIA PEREZ','BARRIO LA BOMBILLA',TO_TIMESTAMP('23-AUG-08 11.52.26.000000 PM','DD-Mon-YY HH12:MI:SS:MS PM'),'GDXB892','ARACNIDOS-680');
INSERT INTO VEHICULO_ROBADO VALUES('WQQY788','CHRYSLER','CAMIONETA','1999','ROJO',NULL,NULL);
INSERT INTO DENUNCIA_ROBO VALUES('V71047948',TO_TIMESTAMP('11-AUG-08 07.34.52.000000 AM','DD-Mon-YY HH12:MI:SS:MS AM'),'ISMAEL EMILIO GONZALEZ GUERRA','BARRIO JOSE FELIX RIVAS',TO_TIMESTAMP('05-AUG-08 06.42.37.000000 AM','DD-Mon-YY HH12:MI:SS:MS AM'),'WQQY788','PANTERAS-182');
INSERT INTO VEHICULO_ROBADO VALUES('FGCSK30','BMW','MICRO','2005','CAFE',NULL,NULL);
INSERT INTO DENUNCIA_ROBO VALUES('E51760399',TO_TIMESTAMP('28-AUG-08 08.00.18.000000 AM','DD-Mon-YY HH12:MI:SS:MS AM'),'ANGELA MONICA FERNADEZ ADRIAN','SANTA CLARA',TO_TIMESTAMP('21-AUG-08 08.33.12.000000 PM','DD-Mon-YY HH12:MI:SS:MS PM'),'FGCSK30','ZORROS-831');
INSERT INTO VEHICULO_ROBADO VALUES('KKUB168','HYUNDAI','DEPORTIVO','2004','GRIS',NULL,NULL);
INSERT INTO DENUNCIA_ROBO VALUES('E99456890',TO_TIMESTAMP('13-SEP-08 05.44.24.000000 PM','DD-Mon-YY HH12:MI:SS:MS PM'),'JESUS RICARDO PEREZ GALLEGOS','BARRIO COTIZA',TO_TIMESTAMP('08-SEP-08 09.56.02.000000 PM','DD-Mon-YY HH12:MI:SS:MS PM'),'KKUB168','ZORROS-329');
INSERT INTO VEHICULO_ROBADO VALUES('LYXJ653','AUDI','FURGONETA','2002','NARANJA',NULL,NULL);
INSERT INTO DENUNCIA_ROBO VALUES('V59915182',TO_TIMESTAMP('18-AUG-08 07.31.47.000000 PM','DD-Mon-YY HH12:MI:SS:MS PM'),'TERESA CAROLINA FERNADEZ SOSA','SAN AGUSTIN',TO_TIMESTAMP('17-AUG-08 02.26.50.000000 PM','DD-Mon-YY HH12:MI:SS:MS PM'),'LYXJ653','TIBURONES-377');
INSERT INTO VEHICULO_ROBADO VALUES('GFQABZ2','PORSCHE','DEPORTIVO','1994','AMARILLO',NULL,NULL);
INSERT INTO DENUNCIA_ROBO VALUES('E3980679',TO_TIMESTAMP('07-AUG-08 01.22.26.000000 AM','DD-Mon-YY HH12:MI:SS:MS AM'),'ALICIA ESTHER GALLEGOS LOPEZ','BARRIO BRISAS DE PETARE',TO_TIMESTAMP('05-AUG-08 06.34.11.000000 PM','DD-Mon-YY HH12:MI:SS:MS PM'),'GFQABZ2','ARACNIDOS-143');
INSERT INTO VEHICULO_ROBADO VALUES('JJPAT77','BMW','MICRO','1999','AMARILLO',NULL,NULL);
INSERT INTO DENUNCIA_ROBO VALUES('V64779526',TO_TIMESTAMP('09-SEP-08 11.35.46.000000 PM','DD-Mon-YY HH12:MI:SS:MS PM'),'ANA ESTHER GARCIA PEREZ','CHICHIRIVICHE',TO_TIMESTAMP('05-SEP-08 10.20.20.000000 PM','DD-Mon-YY HH12:MI:SS:MS PM'),'JJPAT77','ZORROS-329');
INSERT INTO VEHICULO_ROBADO VALUES('EGAK457','BMW','CAMIONETA','2001','NEGRO',NULL,NULL);
INSERT INTO DENUNCIA_ROBO VALUES('V4909656',TO_TIMESTAMP('08-AUG-08 10.41.50.000000 PM','DD-Mon-YY HH12:MI:SS:MS PM'),'ALICIA ROSA GARCIA CASTILLO','SANTA MONICA',TO_TIMESTAMP('05-AUG-08 04.04.18.000000 AM','DD-Mon-YY HH12:MI:SS:MS AM'),'EGAK457','ZORROS-831');
INSERT INTO VEHICULO_ROBADO VALUES('SROY206','MERCEDES','FURGONETA','2002','ROJO',NULL,NULL);
INSERT INTO DENUNCIA_ROBO VALUES('E60641633',TO_TIMESTAMP('14-AUG-08 05.45.32.000000 AM','DD-Mon-YY HH12:MI:SS:MS AM'),'PEDRO GUILLERMO ALGARIN FERRER','PARAISO',TO_TIMESTAMP('11-AUG-08 01.31.02.000000 PM','DD-Mon-YY HH12:MI:SS:MS PM'),'SROY206','PANTERAS-565');
INSERT INTO VEHICULO_ROBADO VALUES('X201839','CHRYSLER','PICKUP','1992','ROJO',NULL,NULL);
INSERT INTO DENUNCIA_ROBO VALUES('V69237451',TO_TIMESTAMP('25-AUG-08 09.39.02.000000 AM','DD-Mon-YY HH12:MI:SS:MS AM'),'TOMAS RICARDO GUERRA TIRADO','BARRIO CANIO AMARILLO',TO_TIMESTAMP('22-AUG-08 11.58.00.000000 PM','DD-Mon-YY HH12:MI:SS:MS PM'),'X201839','TRIGRES-206');
INSERT INTO VEHICULO_ROBADO VALUES('XGB8983','RENAULT','FURGONETA','1991','CAFE',NULL,NULL);
INSERT INTO DENUNCIA_ROBO VALUES('E66933455',TO_TIMESTAMP('15-AUG-08 12.49.14.000000 PM','DD-Mon-YY HH12:MI:SS:MS PM'),'TERESA ELENA FERRER GUERRERO','LA PASTORA',TO_TIMESTAMP('14-AUG-08 03.34.13.000000 PM','DD-Mon-YY HH12:MI:SS:MS PM'),'XGB8983','TIBURONES-999');
INSERT INTO VEHICULO_ROBADO VALUES('OYX5595','RENAULT','FURGONETA','2009','DORADO',NULL,NULL);
INSERT INTO DENUNCIA_ROBO VALUES('E34576169',TO_TIMESTAMP('20-AUG-08 09.10.02.000000 PM','DD-Mon-YY HH12:MI:SS:MS PM'),'GABRIELA ALICIA PARRA GARCIA','BARRIO LA BANDERA',TO_TIMESTAMP('20-AUG-08 03.38.52.000000 AM','DD-Mon-YY HH12:MI:SS:MS AM'),'OYX5595','OSOS-868');
INSERT INTO VEHICULO_ROBADO VALUES('H142958','HONDA','DEPORTIVO','2006','ROJO',NULL,NULL);
INSERT INTO DENUNCIA_ROBO VALUES('E99134637',TO_TIMESTAMP('25-AUG-08 01.00.36.000000 PM','DD-Mon-YY HH12:MI:SS:MS PM'),'ALBERTO ANTONIO SOSA FERRER','BARRIO EL CALVARIO',TO_TIMESTAMP('24-AUG-08 12.15.58.000000 PM','DD-Mon-YY HH12:MI:SS:MS PM'),'H142958','ZORROS-831');
INSERT INTO VEHICULO_ROBADO VALUES('WQWQHN1','VOLKSWAGEN','FURGONETA','2004','AZUL',NULL,NULL);
INSERT INTO DENUNCIA_ROBO VALUES('V27959918',TO_TIMESTAMP('30-AUG-08 11.56.44.000000 AM','DD-Mon-YY HH12:MI:SS:MS AM'),'VICTORIA CARMEN TORRES LANDAETA','BARRIO CARAPITA',TO_TIMESTAMP('28-AUG-08 04.26.29.000000 AM','DD-Mon-YY HH12:MI:SS:MS AM'),'WQWQHN1','OSOS-162');
INSERT INTO VEHICULO_ROBADO VALUES('DAC1093','JEEP','PICKUP','2006','AMARILLO',NULL,NULL);
INSERT INTO DENUNCIA_ROBO VALUES('E52507051',TO_TIMESTAMP('20-AUG-08 01.18.04.000000 AM','DD-Mon-YY HH12:MI:SS:MS AM'),'MIRIAM ESTHER GUERRERO GIRALDEZ','CHICHIRIVICHE',TO_TIMESTAMP('17-AUG-08 05.45.45.000000 AM','DD-Mon-YY HH12:MI:SS:MS AM'),'DAC1093','PANTERAS-565');
INSERT INTO VEHICULO_ROBADO VALUES('OKDUSO9','MASERATI','MICRO','2004','DORADO',NULL,NULL);
INSERT INTO DENUNCIA_ROBO VALUES('V20406137',TO_TIMESTAMP('15-AUG-08 07.26.50.000000 PM','DD-Mon-YY HH12:MI:SS:MS PM'),'MIRIAM ANGELA GARCIA FERRER','BARRIO HOYADA',TO_TIMESTAMP('12-AUG-08 08.37.35.000000 AM','DD-Mon-YY HH12:MI:SS:MS AM'),'OKDUSO9','ZORROS-492');
INSERT INTO VEHICULO_ROBADO VALUES('NE69999','ALFA ROMEO','DEPORTIVO','2004','DORADO',NULL,NULL);
INSERT INTO DENUNCIA_ROBO VALUES('E73966544',TO_TIMESTAMP('04-AUG-08 04.03.05.000000 PM','DD-Mon-YY HH12:MI:SS:MS PM'),'ELENA MIRIAM CASTILLO ALGARIN','BARRIO EL TRIANGULO EL CEMENTERIO',TO_TIMESTAMP('02-AUG-08 03.48.11.000000 AM','DD-Mon-YY HH12:MI:SS:MS AM'),'NE69999','LEONES-560');
INSERT INTO VEHICULO_ROBADO VALUES('FFGSOO1','LAND ROVER','CAMIONETA','1996','AZUL',NULL,NULL);
INSERT INTO DENUNCIA_ROBO VALUES('V49964034',TO_TIMESTAMP('04-SEP-08 07.17.14.000000 AM','DD-Mon-YY HH12:MI:SS:MS AM'),'ADRIANA ELENA GARCIA PEREZ','URB CAMPO CLARO',TO_TIMESTAMP('01-SEP-08 10.59.38.000000 AM','DD-Mon-YY HH12:MI:SS:MS AM'),'FFGSOO1','PANTERAS-456');
INSERT INTO VEHICULO_ROBADO VALUES('ZQRCI35','SUSUKI','DEPORTIVO','2004','PLATA',NULL,NULL);
INSERT INTO DENUNCIA_ROBO VALUES('V78939088',TO_TIMESTAMP('30-AUG-08 01.28.07.000000 PM','DD-Mon-YY HH12:MI:SS:MS PM'),'LEONARDO ANTONIO SOSA FERRER','BARRIO LA DOLORITA',TO_TIMESTAMP('24-AUG-08 04.50.29.000000 PM','DD-Mon-YY HH12:MI:SS:MS PM'),'ZQRCI35','OSOS-529');
INSERT INTO VEHICULO_ROBADO VALUES('HM96495','SEAT','SEDAN','1993','NARANJA',NULL,NULL);
INSERT INTO DENUNCIA_ROBO VALUES('V98004043',TO_TIMESTAMP('02-SEP-08 05.15.35.000000 AM','DD-Mon-YY HH12:MI:SS:MS AM'),'ISMAEL RICARDO LOPEZ MENDOZA','BARRIO ANDRES BELLO',TO_TIMESTAMP('27-AUG-08 08.16.35.000000 AM','DD-Mon-YY HH12:MI:SS:MS AM'),'HM96495','OSOS-773');
INSERT INTO VEHICULO_ROBADO VALUES('IWQQB25','MASERATI','CAMIONETA','1995','NEGRO',NULL,NULL);
INSERT INTO DENUNCIA_ROBO VALUES('V61685775',TO_TIMESTAMP('07-AUG-08 05.17.24.000000 AM','DD-Mon-YY HH12:MI:SS:MS AM'),'ANA ANGELICA SOSA MARQUEZ','BARRIO EL TRIANGULO LA VEGA',TO_TIMESTAMP('06-AUG-08 10.15.16.000000 PM','DD-Mon-YY HH12:MI:SS:MS PM'),'IWQQB25','OSOS-844');
INSERT INTO VEHICULO_ROBADO VALUES('TB85841','CITROEN','MICRO','1994','VIOLETA',NULL,NULL);
INSERT INTO DENUNCIA_ROBO VALUES('V99832143',TO_TIMESTAMP('29-AUG-08 03.44.48.000000 AM','DD-Mon-YY HH12:MI:SS:MS AM'),'ALICIA CAROLINA GIRALDEZ PEREIRA','CHICHIRIVICHE',TO_TIMESTAMP('26-AUG-08 11.00.46.000000 AM','DD-Mon-YY HH12:MI:SS:MS AM'),'TB85841','TIBURONES-843');
INSERT INTO VEHICULO_ROBADO VALUES('EGJ3216','CADILLAC','MICRO','1996','NEGRO',NULL,NULL);
INSERT INTO DENUNCIA_ROBO VALUES('E75562469',TO_TIMESTAMP('14-SEP-08 05.59.28.000000 AM','DD-Mon-YY HH12:MI:SS:MS AM'),'ESTEFANO ANTONIO PEREZ PEREIRA','CARICUAO',TO_TIMESTAMP('11-SEP-08 01.51.43.000000 AM','DD-Mon-YY HH12:MI:SS:MS AM'),'EGJ3216','TIBURONES-138');
INSERT INTO VEHICULO_ROBADO VALUES('TDXI719','DODGE','MICRO','1994','AMARILLO',NULL,NULL);
INSERT INTO DENUNCIA_ROBO VALUES('E22578839',TO_TIMESTAMP('10-SEP-08 07.38.52.000000 PM','DD-Mon-YY HH12:MI:SS:MS PM'),'DANIELA ANDREINA TORRES TIRADO','URB EL BOSQUE',TO_TIMESTAMP('05-SEP-08 11.14.51.000000 AM','DD-Mon-YY HH12:MI:SS:MS AM'),'TDXI719','TIBURONES-293');
INSERT INTO VEHICULO_ROBADO VALUES('OU77166','SEAT','FURGONETA','2001','VERDE',NULL,NULL);
INSERT INTO DENUNCIA_ROBO VALUES('E19581729',TO_TIMESTAMP('07-SEP-08 03.54.39.000000 AM','DD-Mon-YY HH12:MI:SS:MS AM'),'MARIA CAROLINA LOPEZ GUERRA','BARRIO LAS ADJUNTAS',TO_TIMESTAMP('05-SEP-08 10.24.12.000000 AM','DD-Mon-YY HH12:MI:SS:MS AM'),'OU77166','TIBURONES-218');
INSERT INTO VEHICULO_ROBADO VALUES('J161666','CITROEN','DEPORTIVO','1991','AMARILLO',NULL,NULL);
INSERT INTO DENUNCIA_ROBO VALUES('E81124961',TO_TIMESTAMP('17-AUG-08 10.14.14.000000 AM','DD-Mon-YY HH12:MI:SS:MS AM'),'ANDREINA LILIAN GARCIA FERRER','PLAZA VENEZUELA',TO_TIMESTAMP('10-AUG-08 11.40.29.000000 AM','DD-Mon-YY HH12:MI:SS:MS AM'),'J161666','ARACNIDOS-171');
INSERT INTO VEHICULO_ROBADO VALUES('HFP6812','MERCEDES','MICRO','2005','AZUL',NULL,NULL);
INSERT INTO DENUNCIA_ROBO VALUES('V94060099',TO_TIMESTAMP('15-AUG-08 05.33.15.000000 AM','DD-Mon-YY HH12:MI:SS:MS AM'),'VICTOR RAFAEL ADRIAN FERRER','URDANETA',TO_TIMESTAMP('14-AUG-08 01.33.44.000000 PM','DD-Mon-YY HH12:MI:SS:MS PM'),'HFP6812','LEONES-273');
INSERT INTO VEHICULO_ROBADO VALUES('IKICJ78','DODGE','DEPORTIVO','1994','DORADO',NULL,NULL);
INSERT INTO DENUNCIA_ROBO VALUES('E69562745',TO_TIMESTAMP('26-AUG-08 11.09.25.000000 PM','DD-Mon-YY HH12:MI:SS:MS PM'),'CECILIA ALEJANDRA GUERRA FERRER','SIMON RODRIGUEZ',TO_TIMESTAMP('20-AUG-08 11.39.06.000000 PM','DD-Mon-YY HH12:MI:SS:MS PM'),'IKICJ78','OSOS-783');
INSERT INTO VEHICULO_ROBADO VALUES('VVTJ917','PEUGOT','MICRO','2002','DORADO',NULL,NULL);
INSERT INTO DENUNCIA_ROBO VALUES('E53096126',TO_TIMESTAMP('21-AUG-08 07.39.47.000000 AM','DD-Mon-YY HH12:MI:SS:MS AM'),'ESTHER CECILIA GARCIA GONZALEZ','URB PARQUE CENTRAL',TO_TIMESTAMP('14-AUG-08 08.50.05.000000 PM','DD-Mon-YY HH12:MI:SS:MS PM'),'VVTJ917','TRIGRES-206');
INSERT INTO VEHICULO_ROBADO VALUES('YN67955','LEXUS','DEPORTIVO','1996','PLATA',NULL,NULL);
INSERT INTO DENUNCIA_ROBO VALUES('V77803800',TO_TIMESTAMP('07-SEP-08 08.00.25.000000 PM','DD-Mon-YY HH12:MI:SS:MS PM'),'EDUARDO ADOLFO MARQUEZ GARCIA','BARRIO LAS MAYAS',TO_TIMESTAMP('01-SEP-08 05.19.17.000000 AM','DD-Mon-YY HH12:MI:SS:MS AM'),'YN67955','OSOS-231');
INSERT INTO VEHICULO_ROBADO VALUES('S676966','HONDA','PICKUP','1995','ROJO',NULL,NULL);
INSERT INTO DENUNCIA_ROBO VALUES('V58026841',TO_TIMESTAMP('22-AUG-08 06.27.24.000000 AM','DD-Mon-YY HH12:MI:SS:MS AM'),'LILIAN ANDREINA FERNADEZ GUERRA','BARRIO CAMPO RICO',TO_TIMESTAMP('16-AUG-08 02.15.04.000000 AM','DD-Mon-YY HH12:MI:SS:MS AM'),'S676966','ARACNIDOS-117');
INSERT INTO VEHICULO_ROBADO VALUES('S809897','NISSAN','CAMIONETA','1995','NARANJA',NULL,NULL);
INSERT INTO DENUNCIA_ROBO VALUES('E38752201',TO_TIMESTAMP('04-SEP-08 03.09.20.000000 AM','DD-Mon-YY HH12:MI:SS:MS AM'),'TOMAS JOSE MARQUEZ PEREIRA','PARROQUIA SANTA TERESA',TO_TIMESTAMP('01-SEP-08 07.50.11.000000 PM','DD-Mon-YY HH12:MI:SS:MS PM'),'S809897','TRIGRES-672');
INSERT INTO VEHICULO_ROBADO VALUES('GUM7381','FORD','PICKUP','2004','PLATA',NULL,NULL);
INSERT INTO DENUNCIA_ROBO VALUES('V62897362',TO_TIMESTAMP('31-AUG-08 03.21.52.000000 PM','DD-Mon-YY HH12:MI:SS:MS PM'),'ISMAEL RAFAEL FERNADEZ GARCIA','SANTA FE',TO_TIMESTAMP('31-AUG-08 07.18.08.000000 AM','DD-Mon-YY HH12:MI:SS:MS AM'),'GUM7381','ARACNIDOS-749');
INSERT INTO VEHICULO_ROBADO VALUES('VNV1085','PEUGOT','PICKUP','1992','AMARILLO',NULL,NULL);
INSERT INTO DENUNCIA_ROBO VALUES('E52385641',TO_TIMESTAMP('06-SEP-08 02.53.57.000000 AM','DD-Mon-YY HH12:MI:SS:MS AM'),'ADRIANA MARISOL FERNADEZ MENDOZA','SIMON RODRIGUEZ',TO_TIMESTAMP('02-SEP-08 07.07.41.000000 PM','DD-Mon-YY HH12:MI:SS:MS PM'),'VNV1085','TRIGRES-991');
INSERT INTO VEHICULO_ROBADO VALUES('LMGPL99','SUSUKI','DEPORTIVO','2007','NEGRO',NULL,NULL);
INSERT INTO DENUNCIA_ROBO VALUES('E40847503',TO_TIMESTAMP('12-SEP-08 07.22.44.000000 PM','DD-Mon-YY HH12:MI:SS:MS PM'),'MIRIAM ANGELICA PEREZ ALGARIN','URB LOS GUAYABITOS',TO_TIMESTAMP('11-SEP-08 08.09.32.000000 PM','DD-Mon-YY HH12:MI:SS:MS PM'),'LMGPL99','TIBURONES-870');
INSERT INTO VEHICULO_ROBADO VALUES('TDXTJ98','MASERATI','DEPORTIVO','1992','DORADO',NULL,NULL);
INSERT INTO DENUNCIA_ROBO VALUES('E79053163',TO_TIMESTAMP('17-AUG-08 03.47.02.000000 PM','DD-Mon-YY HH12:MI:SS:MS PM'),'ESTHER ALICIA LOPEZ ZAMBRANO','SIMON RODRIGUEZ',TO_TIMESTAMP('14-AUG-08 05.34.48.000000 PM','DD-Mon-YY HH12:MI:SS:MS PM'),'TDXTJ98','AGUILAS-383');
INSERT INTO VEHICULO_ROBADO VALUES('KPH6004','CADILLAC','DEPORTIVO','2002','PLATA',NULL,NULL);
INSERT INTO DENUNCIA_ROBO VALUES('V52705192',TO_TIMESTAMP('24-AUG-08 04.59.19.000000 AM','DD-Mon-YY HH12:MI:SS:MS AM'),'FELIX JONATHAN ALGARIN CASTILLO','BARRIO EL TRIANGULO EL CEMENTERIO',TO_TIMESTAMP('18-AUG-08 08.05.23.000000 PM','DD-Mon-YY HH12:MI:SS:MS PM'),'KPH6004','OSOS-870');
INSERT INTO VEHICULO_ROBADO VALUES('KR25734','HONDA','SEDAN','2005','PLATA',NULL,NULL);
INSERT INTO DENUNCIA_ROBO VALUES('V75966039',TO_TIMESTAMP('02-AUG-08 06.54.24.000000 PM','DD-Mon-YY HH12:MI:SS:MS PM'),'ALBERTO PEDRO PEREZ GUERRA','URB LAS PALMAS',TO_TIMESTAMP('31-JUL-08 10.49.10.000000 AM','DD-Mon-YY HH12:MI:SS:MS AM'),'KR25734','OSOS-844');
INSERT INTO VEHICULO_ROBADO VALUES('Z219522','MITSUBISHI','SEDAN','1990','PLATA',NULL,NULL);
INSERT INTO DENUNCIA_ROBO VALUES('E23401921',TO_TIMESTAMP('15-SEP-08 11.49.27.000000 AM','DD-Mon-YY HH12:MI:SS:MS AM'),'CARMEN ROSA FERRER ALGARIN','BARRIO AJURO',TO_TIMESTAMP('12-SEP-08 03.50.29.000000 PM','DD-Mon-YY HH12:MI:SS:MS PM'),'Z219522','TIBURONES-910');
INSERT INTO VEHICULO_ROBADO VALUES('JJR8949','HONDA','FURGONETA','2000','AZUL',NULL,NULL);
INSERT INTO DENUNCIA_ROBO VALUES('E60529237',TO_TIMESTAMP('07-SEP-08 05.18.35.000000 AM','DD-Mon-YY HH12:MI:SS:MS AM'),'DAVID JOSE LOPEZ GUERRA','BARRIO COTIZA',TO_TIMESTAMP('02-SEP-08 02.27.23.000000 AM','DD-Mon-YY HH12:MI:SS:MS AM'),'JJR8949','ARACNIDOS-171');
INSERT INTO VEHICULO_ROBADO VALUES('JTXGBV8','MASERATI','FURGONETA','1992','NARANJA',NULL,NULL);
INSERT INTO DENUNCIA_ROBO VALUES('V33369809',TO_TIMESTAMP('02-SEP-08 11.10.08.000000 AM','DD-Mon-YY HH12:MI:SS:MS AM'),'DAVID RAFAEL ADRIAN FERRER','CARICUAO',TO_TIMESTAMP('26-AUG-08 01.48.11.000000 PM','DD-Mon-YY HH12:MI:SS:MS PM'),'JTXGBV8','OSOS-783');
INSERT INTO VEHICULO_ROBADO VALUES('VTAP866','MAZDA','DEPORTIVO','2002','VERDE',NULL,NULL);
INSERT INTO DENUNCIA_ROBO VALUES('E3946650',TO_TIMESTAMP('18-SEP-08 08.51.44.000000 AM','DD-Mon-YY HH12:MI:SS:MS AM'),'ADRIANA GABRIELA GIRALDEZ ALGARIN','SANTA CECILIA',TO_TIMESTAMP('13-SEP-08 04.17.27.000000 PM','DD-Mon-YY HH12:MI:SS:MS PM'),'VTAP866','TRIGRES-672');
INSERT INTO VEHICULO_ROBADO VALUES('WTZ9845','FIAT','SEDAN','2001','AMARILLO',NULL,NULL);
INSERT INTO DENUNCIA_ROBO VALUES('V48003220',TO_TIMESTAMP('15-AUG-08 10.27.06.000000 AM','DD-Mon-YY HH12:MI:SS:MS AM'),'ISMAEL LEONARDO FERRER GUERRERO','ARAGUITA',TO_TIMESTAMP('13-AUG-08 10.47.29.000000 PM','DD-Mon-YY HH12:MI:SS:MS PM'),'WTZ9845','OSOS-389');
INSERT INTO VEHICULO_ROBADO VALUES('UDNDS28','TOYOTA','FURGONETA','2001','VERDE',NULL,NULL);
INSERT INTO DENUNCIA_ROBO VALUES('E89735448',TO_TIMESTAMP('18-AUG-08 02.47.22.000000 AM','DD-Mon-YY HH12:MI:SS:MS AM'),'EMILIO FELIPE TORRES LOPEZ','URB MONTALBAN',TO_TIMESTAMP('12-AUG-08 01.36.43.000000 AM','DD-Mon-YY HH12:MI:SS:MS AM'),'UDNDS28','OSOS-675');
INSERT INTO VEHICULO_ROBADO VALUES('XJLM949','MERCEDES','FURGONETA','1998','NARANJA',NULL,NULL);
INSERT INTO DENUNCIA_ROBO VALUES('V59925025',TO_TIMESTAMP('12-SEP-08 12.39.47.000000 AM','DD-Mon-YY HH12:MI:SS:MS AM'),'LILIAN VICTORIA MARQUEZ PEREIRA','BARRIO BRISAS DE PETARE',TO_TIMESTAMP('09-SEP-08 09.17.41.000000 AM','DD-Mon-YY HH12:MI:SS:MS AM'),'XJLM949','TIBURONES-881');
INSERT INTO VEHICULO_ROBADO VALUES('Q176954','NISSAN','CAMIONETA','1991','AZUL',NULL,NULL);
INSERT INTO DENUNCIA_ROBO VALUES('V18512786',TO_TIMESTAMP('20-AUG-08 08.48.09.000000 PM','DD-Mon-YY HH12:MI:SS:MS PM'),'TERESA EMELY PEREIRA CASTILLO','ARAGUITA',TO_TIMESTAMP('18-AUG-08 07.10.11.000000 PM','DD-Mon-YY HH12:MI:SS:MS PM'),'Q176954','TRIGRES-206');
INSERT INTO VEHICULO_ROBADO VALUES('FAS9619','AUDI','DEPORTIVO','1992','GRIS',NULL,NULL);
INSERT INTO DENUNCIA_ROBO VALUES('V77748678',TO_TIMESTAMP('14-AUG-08 08.32.34.000000 PM','DD-Mon-YY HH12:MI:SS:MS PM'),'VICTOR JOSE LOPEZ SOSA','URB MONTALBAN',TO_TIMESTAMP('09-AUG-08 05.26.06.000000 AM','DD-Mon-YY HH12:MI:SS:MS AM'),'FAS9619','TIBURONES-843');
INSERT INTO VEHICULO_ROBADO VALUES('LJI9519','DODGE','FURGONETA','2007','ROJO',NULL,NULL);
INSERT INTO DENUNCIA_ROBO VALUES('V78000116',TO_TIMESTAMP('12-SEP-08 03.15.14.000000 PM','DD-Mon-YY HH12:MI:SS:MS PM'),'MONICA EMELY PARRA MENDOZA','CAFETAL',TO_TIMESTAMP('12-SEP-08 12.55.21.000000 AM','DD-Mon-YY HH12:MI:SS:MS AM'),'LJI9519','OSOS-331');
INSERT INTO VEHICULO_ROBADO VALUES('UPHP190','MITSUBISHI','PICKUP','2007','CAFE',NULL,NULL);
INSERT INTO DENUNCIA_ROBO VALUES('E22626826',TO_TIMESTAMP('17-AUG-08 04.17.27.000000 PM','DD-Mon-YY HH12:MI:SS:MS PM'),'DANIELA ANGELICA ADRIAN GIRALDEZ','BARRIO EL CALVARIO',TO_TIMESTAMP('15-AUG-08 07.55.58.000000 AM','DD-Mon-YY HH12:MI:SS:MS AM'),'UPHP190','OSOS-629');
INSERT INTO VEHICULO_ROBADO VALUES('WOZB339','LAND ROVER','MICRO','2009','VERDE',NULL,NULL);
INSERT INTO DENUNCIA_ROBO VALUES('E85609089',TO_TIMESTAMP('06-SEP-08 07.09.29.000000 AM','DD-Mon-YY HH12:MI:SS:MS AM'),'ANDREINA CARMEN PEREIRA MARQUEZ','CHICHIRIVICHE',TO_TIMESTAMP('31-AUG-08 08.39.05.000000 AM','DD-Mon-YY HH12:MI:SS:MS AM'),'WOZB339','ZORROS-492');
INSERT INTO VEHICULO_ROBADO VALUES('SENCF43','BMW','PICKUP','2001','GRIS',NULL,NULL);
INSERT INTO DENUNCIA_ROBO VALUES('V41498167',TO_TIMESTAMP('01-SEP-08 01.21.50.000000 PM','DD-Mon-YY HH12:MI:SS:MS PM'),'ANDREINA DANIELA SOSA GIRALDEZ','SANTA MONICA',TO_TIMESTAMP('01-SEP-08 05.54.47.000000 AM','DD-Mon-YY HH12:MI:SS:MS AM'),'SENCF43','ARACNIDOS-163');
INSERT INTO VEHICULO_ROBADO VALUES('ITY7721','VOLKSWAGEN','PICKUP','1991','NEGRO',NULL,NULL);
INSERT INTO DENUNCIA_ROBO VALUES('V99977801',TO_TIMESTAMP('10-SEP-08 09.55.49.000000 PM','DD-Mon-YY HH12:MI:SS:MS PM'),'RAFAEL ISMAEL FERRER MENDOZA','BARRIO CENTRO ITALO',TO_TIMESTAMP('04-SEP-08 02.32.35.000000 AM','DD-Mon-YY HH12:MI:SS:MS AM'),'ITY7721','OSOS-777');
INSERT INTO VEHICULO_ROBADO VALUES('S421935','CHRYSLER','SEDAN','2004','BLANCO',NULL,NULL);
INSERT INTO DENUNCIA_ROBO VALUES('E7365518',TO_TIMESTAMP('26-AUG-08 08.45.32.000000 AM','DD-Mon-YY HH12:MI:SS:MS AM'),'JOSE TOMAS PARRA SOSA','BARUTA',TO_TIMESTAMP('25-AUG-08 04.40.17.000000 PM','DD-Mon-YY HH12:MI:SS:MS PM'),'S421935','OSOS-524');
INSERT INTO VEHICULO_ROBADO VALUES('PMNF279','FIAT','FURGONETA','2006','BLANCO',NULL,NULL);
INSERT INTO DENUNCIA_ROBO VALUES('V92034023',TO_TIMESTAMP('08-SEP-08 08.12.30.000000 PM','DD-Mon-YY HH12:MI:SS:MS PM'),'MONICA ANGELA GUERRERO TIRADO','BARRIO HOYADA',TO_TIMESTAMP('03-SEP-08 02.37.15.000000 PM','DD-Mon-YY HH12:MI:SS:MS PM'),'PMNF279','TRIGRES-517');
INSERT INTO VEHICULO_ROBADO VALUES('XZAV110','NISSAN','FURGONETA','1996','GRIS',NULL,NULL);
INSERT INTO DENUNCIA_ROBO VALUES('V64504071',TO_TIMESTAMP('02-AUG-08 08.08.55.000000 PM','DD-Mon-YY HH12:MI:SS:MS PM'),'TOMAS RAFAEL PARRA TORRES','URB LOS CAMPITOS',TO_TIMESTAMP('01-AUG-08 05.14.21.000000 PM','DD-Mon-YY HH12:MI:SS:MS PM'),'XZAV110','TIBURONES-873');
INSERT INTO VEHICULO_ROBADO VALUES('YPAKY18','BMW','FURGONETA','1999','GRIS',NULL,NULL);
INSERT INTO DENUNCIA_ROBO VALUES('V1330576',TO_TIMESTAMP('07-SEP-08 05.35.00.000000 PM','DD-Mon-YY HH12:MI:SS:MS PM'),'EDUARDO BEJAMIN FERNADEZ GARCIA','BARRIO EL CALVARIO',TO_TIMESTAMP('01-SEP-08 06.57.56.000000 PM','DD-Mon-YY HH12:MI:SS:MS PM'),'YPAKY18','ZORROS-329');
INSERT INTO VEHICULO_ROBADO VALUES('OQAX101','CITROEN','PICKUP','1990','AZUL',NULL,NULL);
INSERT INTO DENUNCIA_ROBO VALUES('V71961509',TO_TIMESTAMP('15-AUG-08 08.46.49.000000 PM','DD-Mon-YY HH12:MI:SS:MS PM'),'CARMEN ANDREINA GALLEGOS FERRER','URB COLINAS DE LOS CHAGUARAMOS',TO_TIMESTAMP('10-AUG-08 06.07.38.000000 PM','DD-Mon-YY HH12:MI:SS:MS PM'),'OQAX101','LEONES-798');
INSERT INTO VEHICULO_ROBADO VALUES('FZC9810','CITROEN','PICKUP','2000','PLATA',NULL,NULL);
INSERT INTO DENUNCIA_ROBO VALUES('V85069230',TO_TIMESTAMP('04-SEP-08 06.05.29.000000 PM','DD-Mon-YY HH12:MI:SS:MS PM'),'RAFAEL TOMAS FERRER GUERRA','BARRIO ALBERTO RAVELL',TO_TIMESTAMP('01-SEP-08 12.56.57.000000 PM','DD-Mon-YY HH12:MI:SS:MS PM'),'FZC9810','TIBURONES-377');
INSERT INTO VEHICULO_ROBADO VALUES('FZSR966','LEXUS','DEPORTIVO','2006','ROJO',NULL,NULL);
INSERT INTO DENUNCIA_ROBO VALUES('V74377955',TO_TIMESTAMP('02-SEP-08 05.08.17.000000 AM','DD-Mon-YY HH12:MI:SS:MS AM'),'DANIELA ANDREINA GUERRERO PEREZ','ANTIMANO',TO_TIMESTAMP('26-AUG-08 07.01.11.000000 PM','DD-Mon-YY HH12:MI:SS:MS PM'),'FZSR966','ZORROS-492');
INSERT INTO VEHICULO_ROBADO VALUES('UD88757','MITSUBISHI','MICRO','2001','BLANCO',NULL,NULL);
INSERT INTO DENUNCIA_ROBO VALUES('V71651298',TO_TIMESTAMP('31-AUG-08 08.24.32.000000 PM','DD-Mon-YY HH12:MI:SS:MS PM'),'TOMAS ALBERTO TIRADO ADRIAN','SIMON RODRIGUEZ',TO_TIMESTAMP('31-AUG-08 02.08.33.000000 PM','DD-Mon-YY HH12:MI:SS:MS PM'),'UD88757','AGUILAS-700');
INSERT INTO VEHICULO_ROBADO VALUES('U808705','CHRYSLER','MICRO','2002','AMARILLO',NULL,NULL);
INSERT INTO DENUNCIA_ROBO VALUES('V37782810',TO_TIMESTAMP('03-SEP-08 12.16.36.000000 PM','DD-Mon-YY HH12:MI:SS:MS PM'),'MIRIAM ESTHER PARRA GUERRA','CARICUAO',TO_TIMESTAMP('02-SEP-08 07.26.13.000000 AM','DD-Mon-YY HH12:MI:SS:MS AM'),'U808705','ZORROS-955');
INSERT INTO VEHICULO_ROBADO VALUES('SGUR812','TOYOTA','SEDAN','2002','BLANCO',NULL,NULL);
INSERT INTO DENUNCIA_ROBO VALUES('V22091527',TO_TIMESTAMP('08-SEP-08 02.23.33.000000 PM','DD-Mon-YY HH12:MI:SS:MS PM'),'TERESA MARISOL LOPEZ PEREIRA','PARROQUIA SANTA TERESA',TO_TIMESTAMP('05-SEP-08 02.18.31.000000 AM','DD-Mon-YY HH12:MI:SS:MS AM'),'SGUR812','OSOS-162');
INSERT INTO VEHICULO_ROBADO VALUES('GMC8843','CHRYSLER','PICKUP','2007','DORADO',NULL,NULL);
INSERT INTO DENUNCIA_ROBO VALUES('E63736316',TO_TIMESTAMP('20-AUG-08 12.35.10.000000 PM','DD-Mon-YY HH12:MI:SS:MS PM'),'CRISTINA CAROLINA TIRADO PEREIRA','SABANA GRANDE',TO_TIMESTAMP('15-AUG-08 08.07.24.000000 PM','DD-Mon-YY HH12:MI:SS:MS PM'),'GMC8843','ZORROS-663');
INSERT INTO VEHICULO_ROBADO VALUES('MZ54906','CITROEN','MICRO','1994','PLATA',NULL,NULL);
INSERT INTO DENUNCIA_ROBO VALUES('E76278495',TO_TIMESTAMP('23-AUG-08 02.31.14.000000 PM','DD-Mon-YY HH12:MI:SS:MS PM'),'ROSA CECILIA GALLEGOS FERNADEZ','BARRIO ALBERTO RAVELL',TO_TIMESTAMP('18-AUG-08 07.48.36.000000 PM','DD-Mon-YY HH12:MI:SS:MS PM'),'MZ54906','TIBURONES-881');
INSERT INTO VEHICULO_ROBADO VALUES('BVMTF15','JEEP','FURGONETA','1998','GRIS',NULL,NULL);
INSERT INTO DENUNCIA_ROBO VALUES('E51120899',TO_TIMESTAMP('27-AUG-08 03.31.01.000000 PM','DD-Mon-YY HH12:MI:SS:MS PM'),'MIRIAM ELENA MARQUEZ GALLEGOS','URB CAMPO CLARO',TO_TIMESTAMP('26-AUG-08 03.58.44.000000 PM','DD-Mon-YY HH12:MI:SS:MS PM'),'BVMTF15','ARACNIDOS-904');
INSERT INTO VEHICULO_ROBADO VALUES('ZJJT947','TOYOTA','DEPORTIVO','2003','DORADO',NULL,NULL);
INSERT INTO DENUNCIA_ROBO VALUES('V40688475',TO_TIMESTAMP('12-AUG-08 10.19.49.000000 AM','DD-Mon-YY HH12:MI:SS:MS AM'),'LUIS RAFAEL FERNADEZ ADRIAN','SANTA MONICA',TO_TIMESTAMP('11-AUG-08 03.36.02.000000 PM','DD-Mon-YY HH12:MI:SS:MS PM'),'ZJJT947','AGUILAS-556');
INSERT INTO VEHICULO_ROBADO VALUES('V358337','NISSAN','SEDAN','2005','DORADO',NULL,NULL);
INSERT INTO DENUNCIA_ROBO VALUES('V86407765',TO_TIMESTAMP('29-AUG-08 04.17.03.000000 PM','DD-Mon-YY HH12:MI:SS:MS PM'),'CHRISTIAN FELIX ALGARIN LANDAETA','SANTA CECILIA',TO_TIMESTAMP('25-AUG-08 08.23.47.000000 AM','DD-Mon-YY HH12:MI:SS:MS AM'),'V358337','TIBURONES-999');
INSERT INTO VEHICULO_ROBADO VALUES('HVCV418','HYUNDAI','MICRO','2006','AZUL',NULL,NULL);
INSERT INTO DENUNCIA_ROBO VALUES('E31769088',TO_TIMESTAMP('02-SEP-08 10.51.09.000000 AM','DD-Mon-YY HH12:MI:SS:MS AM'),'VICTOR CHRISTIAN GONZALEZ GOMEZ','SANTA ROSA',TO_TIMESTAMP('01-SEP-08 02.05.44.000000 PM','DD-Mon-YY HH12:MI:SS:MS PM'),'HVCV418','TIBURONES-937');
INSERT INTO VEHICULO_ROBADO VALUES('JLWZP64','DAEWOO','FURGONETA','1996','CAFE',NULL,NULL);
INSERT INTO DENUNCIA_ROBO VALUES('E14151512',TO_TIMESTAMP('30-AUG-08 04.56.10.000000 PM','DD-Mon-YY HH12:MI:SS:MS PM'),'FELIX EMILIO TORRES PARRA','BARRIO EL TRIANGULO EL CEMENTERIO',TO_TIMESTAMP('28-AUG-08 03.32.25.000000 PM','DD-Mon-YY HH12:MI:SS:MS PM'),'JLWZP64','PANTERAS-623');
INSERT INTO VEHICULO_ROBADO VALUES('CNGA501','DAEWOO','MICRO','2004','NEGRO',NULL,NULL);
INSERT INTO DENUNCIA_ROBO VALUES('V43653382',TO_TIMESTAMP('29-AUG-08 04.08.19.000000 PM','DD-Mon-YY HH12:MI:SS:MS PM'),'JESUS RICARDO PARRA GUERRA','BARRIO ANDRES ELOY BLANCO',TO_TIMESTAMP('27-AUG-08 04.47.43.000000 AM','DD-Mon-YY HH12:MI:SS:MS AM'),'CNGA501','AGUILAS-246');
INSERT INTO VEHICULO_ROBADO VALUES('DUWGQR6','JEEP','DEPORTIVO','1990','BLANCO',NULL,NULL);
INSERT INTO DENUNCIA_ROBO VALUES('E48636333',TO_TIMESTAMP('15-AUG-08 07.10.32.000000 AM','DD-Mon-YY HH12:MI:SS:MS AM'),'DAVID EMILIO ADRIAN GIRALDEZ','BARRIO EL CALVARIO',TO_TIMESTAMP('11-AUG-08 07.47.37.000000 AM','DD-Mon-YY HH12:MI:SS:MS AM'),'DUWGQR6','OSOS-686');
INSERT INTO VEHICULO_ROBADO VALUES('YMEK686','HYUNDAI','PICKUP','1999','AMARILLO',NULL,NULL);
INSERT INTO DENUNCIA_ROBO VALUES('V65212067',TO_TIMESTAMP('10-AUG-08 11.10.44.000000 PM','DD-Mon-YY HH12:MI:SS:MS PM'),'GUILLERMO DAVID TIRADO GALLEGOS','BARRIO BRISAS DE PROPATRIA',TO_TIMESTAMP('06-AUG-08 09.21.02.000000 PM','DD-Mon-YY HH12:MI:SS:MS PM'),'YMEK686','OSOS-389');
INSERT INTO VEHICULO_ROBADO VALUES('VNM7538','CHRYSLER','MICRO','2004','GRIS',NULL,NULL);
INSERT INTO DENUNCIA_ROBO VALUES('V84350298',TO_TIMESTAMP('22-AUG-08 01.26.38.000000 AM','DD-Mon-YY HH12:MI:SS:MS AM'),'EDUARDO GUILLERMO GARCIA GIRALDEZ','CARICUAO',TO_TIMESTAMP('19-AUG-08 04.31.04.000000 PM','DD-Mon-YY HH12:MI:SS:MS PM'),'VNM7538','TIBURONES-870');
INSERT INTO VEHICULO_ROBADO VALUES('MLE5794','MAZDA','SEDAN','1991','AZUL',NULL,NULL);
INSERT INTO DENUNCIA_ROBO VALUES('V50259353',TO_TIMESTAMP('01-SEP-08 04.14.21.000000 AM','DD-Mon-YY HH12:MI:SS:MS AM'),'JESUS ESTEFANO FERNADEZ GUERRA','CHICHIRIVICHE',TO_TIMESTAMP('27-AUG-08 08.05.55.000000 AM','DD-Mon-YY HH12:MI:SS:MS AM'),'MLE5794','AGUILAS-700');
INSERT INTO VEHICULO_ROBADO VALUES('XQU2384','SEAT','SEDAN','2008','VIOLETA',NULL,NULL);
INSERT INTO DENUNCIA_ROBO VALUES('E82348853',TO_TIMESTAMP('03-SEP-08 03.55.17.000000 AM','DD-Mon-YY HH12:MI:SS:MS AM'),'ALEJANDRA CARMEN CASTILLO SOSA','URB LOS GUAYABITOS',TO_TIMESTAMP('28-AUG-08 02.16.37.000000 PM','DD-Mon-YY HH12:MI:SS:MS PM'),'XQU2384','LEONES-632');
INSERT INTO VEHICULO_ROBADO VALUES('DVB4145','CHRYSLER','PICKUP','2002','AMARILLO',NULL,NULL);
INSERT INTO DENUNCIA_ROBO VALUES('E20832242',TO_TIMESTAMP('26-AUG-08 01.11.49.000000 AM','DD-Mon-YY HH12:MI:SS:MS AM'),'RAFAEL LUIS ADRIAN FERRER','PEREZ BONALDE',TO_TIMESTAMP('24-AUG-08 06.27.05.000000 AM','DD-Mon-YY HH12:MI:SS:MS AM'),'DVB4145','ARACNIDOS-167');
INSERT INTO VEHICULO_ROBADO VALUES('EDVK143','HONDA','DEPORTIVO','2007','DORADO',NULL,NULL);
INSERT INTO DENUNCIA_ROBO VALUES('V83666487',TO_TIMESTAMP('03-AUG-08 04.01.31.000000 PM','DD-Mon-YY HH12:MI:SS:MS PM'),'EMELY ANA MARQUEZ MENDOZA','BARRIO EL TRIANGULO LA VEGA',TO_TIMESTAMP('03-AUG-08 08.54.44.000000 AM','DD-Mon-YY HH12:MI:SS:MS AM'),'EDVK143','PANTERAS-655');
INSERT INTO VEHICULO_ROBADO VALUES('KMUV951','LAND ROVER','FURGONETA','1999','VIOLETA',NULL,NULL);
INSERT INTO DENUNCIA_ROBO VALUES('E77030651',TO_TIMESTAMP('29-AUG-08 05.45.53.000000 AM','DD-Mon-YY HH12:MI:SS:MS AM'),'EDUARDO JOSE ADRIAN PARRA','BARRIO LA BOMBILLA',TO_TIMESTAMP('28-AUG-08 09.48.55.000000 PM','DD-Mon-YY HH12:MI:SS:MS PM'),'KMUV951','OSOS-719');
INSERT INTO VEHICULO_ROBADO VALUES('QPOFDH5','SEAT','CAMIONETA','2003','GRIS',NULL,NULL);
INSERT INTO DENUNCIA_ROBO VALUES('E90622777',TO_TIMESTAMP('15-SEP-08 08.40.32.000000 AM','DD-Mon-YY HH12:MI:SS:MS AM'),'TERESA CAROLINA SOSA PARRA','PROPATRIA',TO_TIMESTAMP('11-SEP-08 01.51.42.000000 PM','DD-Mon-YY HH12:MI:SS:MS PM'),'QPOFDH5','LEONES-729');
INSERT INTO VEHICULO_ROBADO VALUES('OFECJ49','CHEVROLET','CAMIONETA','2008','DORADO',NULL,NULL);
INSERT INTO DENUNCIA_ROBO VALUES('E1689117',TO_TIMESTAMP('02-AUG-08 12.08.45.000000 AM','DD-Mon-YY HH12:MI:SS:MS AM'),'EMELY CRISTINA GIRALDEZ PEREIRA','SABANA GRANDE',TO_TIMESTAMP('01-AUG-08 10.02.33.000000 PM','DD-Mon-YY HH12:MI:SS:MS PM'),'OFECJ49','PANTERAS-481');
INSERT INTO VEHICULO_ROBADO VALUES('DMPC808','RENAULT','MICRO','1997','DORADO',NULL,NULL);
INSERT INTO DENUNCIA_ROBO VALUES('V43523908',TO_TIMESTAMP('01-SEP-08 06.43.11.000000 AM','DD-Mon-YY HH12:MI:SS:MS AM'),'ALICIA CAROLINA PEREIRA LANDAETA','SANTA ROSA',TO_TIMESTAMP('28-AUG-08 11.41.57.000000 PM','DD-Mon-YY HH12:MI:SS:MS PM'),'DMPC808','OSOS-777');
INSERT INTO VEHICULO_ROBADO VALUES('CMCSM17','LAND ROVER','MICRO','2005','PLATA',NULL,NULL);
INSERT INTO DENUNCIA_ROBO VALUES('V30765296',TO_TIMESTAMP('29-AUG-08 11.34.49.000000 AM','DD-Mon-YY HH12:MI:SS:MS AM'),'EMILIO DAVID PARRA ADRIAN','BARRIO CORTADA DE CATIA',TO_TIMESTAMP('26-AUG-08 01.01.55.000000 AM','DD-Mon-YY HH12:MI:SS:MS AM'),'CMCSM17','TIBURONES-224');
INSERT INTO VEHICULO_ROBADO VALUES('GHEDW58','SEAT','FURGONETA','1995','ROJO',NULL,NULL);
INSERT INTO DENUNCIA_ROBO VALUES('V59994102',TO_TIMESTAMP('14-SEP-08 01.39.00.000000 PM','DD-Mon-YY HH12:MI:SS:MS PM'),'ANDREINA MONICA GUERRERO CASTILLO','CHICHIRIVICHE',TO_TIMESTAMP('08-SEP-08 05.21.32.000000 PM','DD-Mon-YY HH12:MI:SS:MS PM'),'GHEDW58','PANTERAS-655');
INSERT INTO VEHICULO_ROBADO VALUES('FWM3937','LAND ROVER','PICKUP','2005','DORADO',NULL,NULL);
INSERT INTO DENUNCIA_ROBO VALUES('V65703521',TO_TIMESTAMP('10-SEP-08 11.40.47.000000 PM','DD-Mon-YY HH12:MI:SS:MS PM'),'ESTHER CRISTINA GARCIA GIRALDEZ','BARRIO LA BOMBILLA',TO_TIMESTAMP('04-SEP-08 01.57.45.000000 AM','DD-Mon-YY HH12:MI:SS:MS AM'),'FWM3937','OSOS-777');
INSERT INTO VEHICULO_ROBADO VALUES('BGN6733','FIAT','FURGONETA','1995','AZUL',NULL,NULL);
INSERT INTO DENUNCIA_ROBO VALUES('V82326267',TO_TIMESTAMP('07-AUG-08 09.05.40.000000 PM','DD-Mon-YY HH12:MI:SS:MS PM'),'LEONARDO ANTONIO ALGARIN LOPEZ','URB MARIPEREZ',TO_TIMESTAMP('02-AUG-08 03.20.00.000000 PM','DD-Mon-YY HH12:MI:SS:MS PM'),'BGN6733','OSOS-867');
INSERT INTO VEHICULO_ROBADO VALUES('FQF7900','MASERATI','FURGONETA','2004','NEGRO',NULL,NULL);
INSERT INTO DENUNCIA_ROBO VALUES('E18516371',TO_TIMESTAMP('24-AUG-08 05.28.14.000000 AM','DD-Mon-YY HH12:MI:SS:MS AM'),'MONICA ANDREINA CASTILLO PEREIRA','BARRIO EL TRIANGULO LA VEGA',TO_TIMESTAMP('18-AUG-08 02.15.58.000000 AM','DD-Mon-YY HH12:MI:SS:MS AM'),'FQF7900','ZORROS-663');
INSERT INTO VEHICULO_ROBADO VALUES('DUL8263','HONDA','FURGONETA','2000','CAFE',NULL,NULL);
INSERT INTO DENUNCIA_ROBO VALUES('V18894390',TO_TIMESTAMP('18-SEP-08 12.32.47.000000 PM','DD-Mon-YY HH12:MI:SS:MS PM'),'RAFAEL CARLOS GALLEGOS FERNADEZ','BARUTA',TO_TIMESTAMP('13-SEP-08 03.37.34.000000 AM','DD-Mon-YY HH12:MI:SS:MS AM'),'DUL8263','ZORROS-775');
INSERT INTO VEHICULO_ROBADO VALUES('UQJL697','MASERATI','PICKUP','1991','DORADO',NULL,NULL);
INSERT INTO DENUNCIA_ROBO VALUES('V31513884',TO_TIMESTAMP('26-AUG-08 08.45.32.000000 PM','DD-Mon-YY HH12:MI:SS:MS PM'),'TERESA EMELY GUERRERO PARRA','BARRIO LA BANDERA',TO_TIMESTAMP('21-AUG-08 05.29.37.000000 PM','DD-Mon-YY HH12:MI:SS:MS PM'),'UQJL697','LEONES-927');
INSERT INTO VEHICULO_ROBADO VALUES('HPN2004','ALFA ROMEO','FURGONETA','2003','NARANJA',NULL,NULL);
INSERT INTO DENUNCIA_ROBO VALUES('V94106830',TO_TIMESTAMP('20-AUG-08 06.48.37.000000 AM','DD-Mon-YY HH12:MI:SS:MS AM'),'VICTOR EMILIO PEREZ GOMEZ','SANTA FE',TO_TIMESTAMP('14-AUG-08 07.11.39.000000 AM','DD-Mon-YY HH12:MI:SS:MS AM'),'HPN2004','OSOS-529');
INSERT INTO VEHICULO_ROBADO VALUES('YE69241','AUDI','DEPORTIVO','2002','AMARILLO',NULL,NULL);
INSERT INTO DENUNCIA_ROBO VALUES('V69275785',TO_TIMESTAMP('05-SEP-08 10.26.36.000000 PM','DD-Mon-YY HH12:MI:SS:MS PM'),'ESTHER CARMEN FERNADEZ PEREIRA','SANTA MONICA',TO_TIMESTAMP('31-AUG-08 08.33.53.000000 AM','DD-Mon-YY HH12:MI:SS:MS AM'),'YE69241','OSOS-389');
INSERT INTO VEHICULO_ROBADO VALUES('TXBX135','FIAT','PICKUP','2003','AMARILLO',NULL,NULL);
INSERT INTO DENUNCIA_ROBO VALUES('V10123182',TO_TIMESTAMP('09-SEP-08 05.13.22.000000 AM','DD-Mon-YY HH12:MI:SS:MS AM'),'DANIELA ESTHER FERNADEZ TORRES','SAN AGUSTIN',TO_TIMESTAMP('05-SEP-08 11.43.36.000000 PM','DD-Mon-YY HH12:MI:SS:MS PM'),'TXBX135','OSOS-780');
INSERT INTO VEHICULO_ROBADO VALUES('RSDXKZ3','CADILLAC','PICKUP','2006','PLATA',NULL,NULL);
INSERT INTO DENUNCIA_ROBO VALUES('E20080834',TO_TIMESTAMP('30-AUG-08 08.00.52.000000 PM','DD-Mon-YY HH12:MI:SS:MS PM'),'FELIX ADOLFO GALLEGOS FERRER','BARRIO LA BOMBILLA',TO_TIMESTAMP('27-AUG-08 06.14.00.000000 PM','DD-Mon-YY HH12:MI:SS:MS PM'),'RSDXKZ3','TIBURONES-436');
INSERT INTO VEHICULO_ROBADO VALUES('EGGN466','CADILLAC','SEDAN','2008','GRIS',NULL,NULL);
INSERT INTO DENUNCIA_ROBO VALUES('V22908376',TO_TIMESTAMP('13-SEP-08 04.49.11.000000 PM','DD-Mon-YY HH12:MI:SS:MS PM'),'RICARDO ANTONIO GALLEGOS MARQUEZ','PLAZA VENEZUELA',TO_TIMESTAMP('08-SEP-08 07.13.28.000000 AM','DD-Mon-YY HH12:MI:SS:MS AM'),'EGGN466','ZORROS-955');
INSERT INTO VEHICULO_ROBADO VALUES('YX93137','PORSCHE','CAMIONETA','1995','NARANJA',NULL,NULL);
INSERT INTO DENUNCIA_ROBO VALUES('E84704737',TO_TIMESTAMP('07-SEP-08 08.41.38.000000 AM','DD-Mon-YY HH12:MI:SS:MS AM'),'PEDRO JONATHAN TIRADO GUERRA','SARRIA',TO_TIMESTAMP('06-SEP-08 05.07.39.000000 AM','DD-Mon-YY HH12:MI:SS:MS AM'),'YX93137','ARACNIDOS-171');
INSERT INTO VEHICULO_ROBADO VALUES('HKPUVD1','RENAULT','FURGONETA','1992','PLATA',NULL,NULL);
INSERT INTO DENUNCIA_ROBO VALUES('E98605398',TO_TIMESTAMP('23-AUG-08 11.25.16.000000 PM','DD-Mon-YY HH12:MI:SS:MS PM'),'CECILIA ELENA FERNADEZ ADRIAN','CARMELITAS',TO_TIMESTAMP('22-AUG-08 03.38.07.000000 AM','DD-Mon-YY HH12:MI:SS:MS AM'),'HKPUVD1','ARACNIDOS-378');
INSERT INTO VEHICULO_ROBADO VALUES('PJGSBD5','FIAT','MICRO','1991','GRIS',NULL,NULL);
INSERT INTO DENUNCIA_ROBO VALUES('E79373707',TO_TIMESTAMP('06-AUG-08 02.10.53.000000 PM','DD-Mon-YY HH12:MI:SS:MS PM'),'ESTHER CARMEN GOMEZ FERRER','URB CAMPO CLARO',TO_TIMESTAMP('04-AUG-08 01.55.53.000000 PM','DD-Mon-YY HH12:MI:SS:MS PM'),'PJGSBD5','OSOS-780');
INSERT INTO VEHICULO_ROBADO VALUES('X431235','CHRYSLER','DEPORTIVO','1990','NARANJA',NULL,NULL);
INSERT INTO DENUNCIA_ROBO VALUES('E62208993',TO_TIMESTAMP('16-AUG-08 04.55.58.000000 AM','DD-Mon-YY HH12:MI:SS:MS AM'),'BEJAMIN PEDRO FERRER ZAMBRANO','URB PARQUE CARABOBO',TO_TIMESTAMP('14-AUG-08 11.09.14.000000 PM','DD-Mon-YY HH12:MI:SS:MS PM'),'X431235','AGUILAS-383');
INSERT INTO VEHICULO_ROBADO VALUES('EN28092','MITSUBISHI','FURGONETA','2001','VERDE',NULL,NULL);
INSERT INTO DENUNCIA_ROBO VALUES('E96951914',TO_TIMESTAMP('16-AUG-08 12.59.10.000000 PM','DD-Mon-YY HH12:MI:SS:MS PM'),'LEONARDO VICTOR ALGARIN LOPEZ','SARTENEJAS',TO_TIMESTAMP('11-AUG-08 12.33.54.000000 AM','DD-Mon-YY HH12:MI:SS:MS AM'),'EN28092','ZORROS-955');
INSERT INTO VEHICULO_ROBADO VALUES('GO44368','JEEP','MICRO','2005','VERDE',NULL,NULL);
INSERT INTO DENUNCIA_ROBO VALUES('E2208292',TO_TIMESTAMP('05-SEP-08 02.00.04.000000 PM','DD-Mon-YY HH12:MI:SS:MS PM'),'CECILIA MARISOL GIRALDEZ GARCIA','BARRIO COTIZA',TO_TIMESTAMP('05-SEP-08 04.07.02.000000 AM','DD-Mon-YY HH12:MI:SS:MS AM'),'GO44368','OSOS-745');
INSERT INTO VEHICULO_ROBADO VALUES('FRTW880','PEUGOT','SEDAN','1991','AZUL',NULL,NULL);
INSERT INTO DENUNCIA_ROBO VALUES('E10658667',TO_TIMESTAMP('06-AUG-08 12.58.04.000000 AM','DD-Mon-YY HH12:MI:SS:MS AM'),'CRISTINA CAROLINA ALGARIN PEREZ','URB COCHE',TO_TIMESTAMP('04-AUG-08 03.38.04.000000 PM','DD-Mon-YY HH12:MI:SS:MS PM'),'FRTW880','ARACNIDOS-749');
INSERT INTO VEHICULO_ROBADO VALUES('ZD85186','ALFA ROMEO','DEPORTIVO','2003','VIOLETA',NULL,NULL);
INSERT INTO DENUNCIA_ROBO VALUES('E86601796',TO_TIMESTAMP('25-AUG-08 03.44.30.000000 PM','DD-Mon-YY HH12:MI:SS:MS PM'),'JESUS EMILIO TIRADO GUERRA','U.C.V.',TO_TIMESTAMP('24-AUG-08 06.48.11.000000 AM','DD-Mon-YY HH12:MI:SS:MS AM'),'ZD85186','TIBURONES-870');
INSERT INTO VEHICULO_ROBADO VALUES('XH47458','MASERATI','PICKUP','1992','CAFE',NULL,NULL);
INSERT INTO DENUNCIA_ROBO VALUES('E64707217',TO_TIMESTAMP('06-AUG-08 09.07.46.000000 PM','DD-Mon-YY HH12:MI:SS:MS PM'),'MIRIAM ESTHER GONZALEZ SOSA','URB EL PARAISO',TO_TIMESTAMP('01-AUG-08 07.29.47.000000 AM','DD-Mon-YY HH12:MI:SS:MS AM'),'XH47458','LEONES-927');
INSERT INTO VEHICULO_ROBADO VALUES('O930330','TOYOTA','DEPORTIVO','2007','BLANCO',NULL,NULL);
INSERT INTO DENUNCIA_ROBO VALUES('E9016036',TO_TIMESTAMP('25-AUG-08 12.17.05.000000 PM','DD-Mon-YY HH12:MI:SS:MS PM'),'CECILIA ELENA PEREIRA GIRALDEZ','URB COLINAS DE LOS CHAGUARAMOS',TO_TIMESTAMP('20-AUG-08 01.20.57.000000 AM','DD-Mon-YY HH12:MI:SS:MS AM'),'O930330','OSOS-719');
INSERT INTO VEHICULO_ROBADO VALUES('GIYA820','MERCEDES','PICKUP','2000','CAFE',NULL,NULL);
INSERT INTO DENUNCIA_ROBO VALUES('E18113602',TO_TIMESTAMP('31-AUG-08 03.02.56.000000 AM','DD-Mon-YY HH12:MI:SS:MS AM'),'GABRIELA MIRIAM GUERRA LOPEZ','BARRIO LAS ADJUNTAS',TO_TIMESTAMP('26-AUG-08 08.03.28.000000 PM','DD-Mon-YY HH12:MI:SS:MS PM'),'GIYA820','PANTERAS-481');
INSERT INTO VEHICULO_ROBADO VALUES('FZDC689','MAZDA','SEDAN','2008','AZUL',NULL,NULL);
INSERT INTO DENUNCIA_ROBO VALUES('V54700502',TO_TIMESTAMP('02-SEP-08 07.06.46.000000 PM','DD-Mon-YY HH12:MI:SS:MS PM'),'GUILLERMO PEDRO ADRIAN FERRER','URB CHACAITO',TO_TIMESTAMP('30-AUG-08 06.21.18.000000 AM','DD-Mon-YY HH12:MI:SS:MS AM'),'FZDC689','ZORROS-955');
INSERT INTO VEHICULO_ROBADO VALUES('IHTMC36','MITSUBISHI','DEPORTIVO','1999','BLANCO',NULL,NULL);
INSERT INTO DENUNCIA_ROBO VALUES('V31131459',TO_TIMESTAMP('06-SEP-08 04.14.15.000000 AM','DD-Mon-YY HH12:MI:SS:MS AM'),'TERESA ELENA GIRALDEZ MENDOZA','URDANETA',TO_TIMESTAMP('31-AUG-08 01.54.31.000000 AM','DD-Mon-YY HH12:MI:SS:MS AM'),'IHTMC36','ZORROS-775');
INSERT INTO VEHICULO_ROBADO VALUES('CKA5942','MASERATI','CAMIONETA','1999','VERDE',NULL,NULL);
INSERT INTO DENUNCIA_ROBO VALUES('E59248205',TO_TIMESTAMP('07-SEP-08 07.28.56.000000 AM','DD-Mon-YY HH12:MI:SS:MS AM'),'LILIAN VICTORIA GALLEGOS LANDAETA','BARRIO LA BOMBILLA',TO_TIMESTAMP('05-SEP-08 09.38.03.000000 PM','DD-Mon-YY HH12:MI:SS:MS PM'),'CKA5942','AGUILAS-246');
INSERT INTO VEHICULO_ROBADO VALUES('USWSNB2','CADILLAC','MICRO','2005','BLANCO',NULL,NULL);
INSERT INTO DENUNCIA_ROBO VALUES('V20123873',TO_TIMESTAMP('22-AUG-08 08.48.26.000000 PM','DD-Mon-YY HH12:MI:SS:MS PM'),'TOMAS ALBERTO GIRALDEZ GOMEZ','BARRIO ANDRES BELLO',TO_TIMESTAMP('19-AUG-08 11.42.14.000000 AM','DD-Mon-YY HH12:MI:SS:MS AM'),'USWSNB2','LEONES-798');
INSERT INTO VEHICULO_ROBADO VALUES('QS50420','TOYOTA','MICRO','1991','NARANJA',NULL,NULL);
INSERT INTO DENUNCIA_ROBO VALUES('V7288341',TO_TIMESTAMP('15-AUG-08 06.32.03.000000 AM','DD-Mon-YY HH12:MI:SS:MS AM'),'BEJAMIN ISMAEL FERRER GOMEZ','BARRIO LAS MAYAS',TO_TIMESTAMP('10-AUG-08 09.21.48.000000 PM','DD-Mon-YY HH12:MI:SS:MS PM'),'QS50420','ARACNIDOS-380');
INSERT INTO VEHICULO_ROBADO VALUES('JBHHN75','BMW','SEDAN','1996','ROJO',NULL,NULL);
INSERT INTO DENUNCIA_ROBO VALUES('E99393576',TO_TIMESTAMP('12-AUG-08 07.20.33.000000 AM','DD-Mon-YY HH12:MI:SS:MS AM'),'CARLOS EMILIO TIRADO MENDOZA','CANDELARIA',TO_TIMESTAMP('08-AUG-08 04.10.42.000000 PM','DD-Mon-YY HH12:MI:SS:MS PM'),'JBHHN75','TIBURONES-937');
INSERT INTO VEHICULO_ROBADO VALUES('SOO5644','CITROEN','PICKUP','2003','ROJO',NULL,NULL);
INSERT INTO DENUNCIA_ROBO VALUES('V91654945',TO_TIMESTAMP('08-SEP-08 07.03.22.000000 AM','DD-Mon-YY HH12:MI:SS:MS AM'),'ANGELICA LILIAN TORRES PARRA','URB LA CAMPINIA',TO_TIMESTAMP('05-SEP-08 10.15.42.000000 PM','DD-Mon-YY HH12:MI:SS:MS PM'),'SOO5644','ZORROS-955');
INSERT INTO VEHICULO_ROBADO VALUES('VGGTA87','NISSAN','SEDAN','2002','CAFE',NULL,NULL);
INSERT INTO DENUNCIA_ROBO VALUES('E62317782',TO_TIMESTAMP('21-AUG-08 04.54.18.000000 PM','DD-Mon-YY HH12:MI:SS:MS PM'),'ADRIANA ANGELA GUERRERO FERRER','PEREZ BONALDE',TO_TIMESTAMP('17-AUG-08 11.20.36.000000 PM','DD-Mon-YY HH12:MI:SS:MS PM'),'VGGTA87','LEONES-136');
INSERT INTO VEHICULO_ROBADO VALUES('DP69627','DAEWOO','PICKUP','2005','AMARILLO',NULL,NULL);
INSERT INTO DENUNCIA_ROBO VALUES('V13120717',TO_TIMESTAMP('18-AUG-08 09.16.15.000000 AM','DD-Mon-YY HH12:MI:SS:MS AM'),'ESTHER MIRIAM GONZALEZ GUERRA','URB ALTA FLORIDA',TO_TIMESTAMP('12-AUG-08 11.40.59.000000 AM','DD-Mon-YY HH12:MI:SS:MS AM'),'DP69627','OSOS-844');
INSERT INTO VEHICULO_ROBADO VALUES('VQOB437','SEAT','PICKUP','2008','VIOLETA',NULL,NULL);
INSERT INTO DENUNCIA_ROBO VALUES('V38212974',TO_TIMESTAMP('26-AUG-08 06.07.14.000000 PM','DD-Mon-YY HH12:MI:SS:MS PM'),'VICTORIA CRISTINA PARRA PEREIRA','CARICUAO',TO_TIMESTAMP('24-AUG-08 09.09.19.000000 AM','DD-Mon-YY HH12:MI:SS:MS AM'),'VQOB437','OSOS-870');
INSERT INTO VEHICULO_ROBADO VALUES('HE55582','DAEWOO','SEDAN','1997','PLATA',NULL,NULL);
INSERT INTO DENUNCIA_ROBO VALUES('E60684926',TO_TIMESTAMP('17-SEP-08 08.11.41.000000 AM','DD-Mon-YY HH12:MI:SS:MS AM'),'MONICA ROSA ADRIAN FERRER','URB COCHE',TO_TIMESTAMP('10-SEP-08 09.17.38.000000 AM','DD-Mon-YY HH12:MI:SS:MS AM'),'HE55582','AGUILAS-556');
INSERT INTO VEHICULO_ROBADO VALUES('ASERY67','MASERATI','CAMIONETA','2006','BLANCO',NULL,NULL);
INSERT INTO DENUNCIA_ROBO VALUES('V31581413',TO_TIMESTAMP('21-AUG-08 09.04.04.000000 AM','DD-Mon-YY HH12:MI:SS:MS AM'),'BEJAMIN ISMAEL TIRADO SOSA','URB LA CAMPINIA',TO_TIMESTAMP('18-AUG-08 10.42.58.000000 PM','DD-Mon-YY HH12:MI:SS:MS PM'),'ASERY67','PANTERAS-623');
INSERT INTO VEHICULO_ROBADO VALUES('ZX30007','CADILLAC','MICRO','2008','NEGRO',NULL,NULL);
INSERT INTO DENUNCIA_ROBO VALUES('E16518743',TO_TIMESTAMP('04-AUG-08 09.56.19.000000 PM','DD-Mon-YY HH12:MI:SS:MS PM'),'JESUS EMILIO FERRER GARCIA','U.C.V.',TO_TIMESTAMP('31-JUL-08 02.49.44.000000 AM','DD-Mon-YY HH12:MI:SS:MS AM'),'ZX30007','TRIGRES-672');
INSERT INTO VEHICULO_ROBADO VALUES('VGC1512','CHEVROLET','CAMIONETA','1996','NEGRO',NULL,NULL);
INSERT INTO DENUNCIA_ROBO VALUES('V44054623',TO_TIMESTAMP('15-SEP-08 01.47.25.000000 AM','DD-Mon-YY HH12:MI:SS:MS AM'),'ANGELA CECILIA TORRES PEREZ','BARUTA',TO_TIMESTAMP('13-SEP-08 04.16.22.000000 PM','DD-Mon-YY HH12:MI:SS:MS PM'),'VGC1512','ARACNIDOS-171');
INSERT INTO VEHICULO_ROBADO VALUES('HD60832','ALFA ROMEO','SEDAN','2003','VIOLETA',NULL,NULL);
INSERT INTO DENUNCIA_ROBO VALUES('V73399044',TO_TIMESTAMP('18-AUG-08 04.31.17.000000 PM','DD-Mon-YY HH12:MI:SS:MS PM'),'ALEJANDRA CECILIA FERRER PEREIRA','BARRIO AJURO',TO_TIMESTAMP('12-AUG-08 08.13.49.000000 AM','DD-Mon-YY HH12:MI:SS:MS AM'),'HD60832','OSOS-745');
INSERT INTO VEHICULO_ROBADO VALUES('TRFGY27','JEEP','PICKUP','2008','AZUL',NULL,NULL);
INSERT INTO DENUNCIA_ROBO VALUES('V31983520',TO_TIMESTAMP('07-AUG-08 07.23.03.000000 PM','DD-Mon-YY HH12:MI:SS:MS PM'),'PEDRO RICARDO LOPEZ TORRES','BARRIO AGUA AMARILLA',TO_TIMESTAMP('02-AUG-08 10.00.34.000000 AM','DD-Mon-YY HH12:MI:SS:MS AM'),'TRFGY27','ZORROS-955');
INSERT INTO VEHICULO_ROBADO VALUES('BT24013','TOYOTA','FURGONETA','1991','AZUL',NULL,NULL);
INSERT INTO DENUNCIA_ROBO VALUES('V28287799',TO_TIMESTAMP('11-SEP-08 07.34.06.000000 AM','DD-Mon-YY HH12:MI:SS:MS AM'),'LUIS EMILIO GUERRA GONZALEZ','URB PARQUE CARABOBO',TO_TIMESTAMP('08-SEP-08 06.21.31.000000 PM','DD-Mon-YY HH12:MI:SS:MS PM'),'BT24013','AGUILAS-932');
INSERT INTO VEHICULO_ROBADO VALUES('DB20288','ALFA ROMEO','DEPORTIVO','1996','VIOLETA',NULL,NULL);
INSERT INTO DENUNCIA_ROBO VALUES('V8509965',TO_TIMESTAMP('18-AUG-08 10.34.07.000000 AM','DD-Mon-YY HH12:MI:SS:MS AM'),'ELENA TERESA PEREZ ALGARIN','CHICHIRIVICHE',TO_TIMESTAMP('14-AUG-08 02.59.30.000000 AM','DD-Mon-YY HH12:MI:SS:MS AM'),'DB20288','OSOS-577');
INSERT INTO VEHICULO_ROBADO VALUES('NEV8731','LAND ROVER','PICKUP','1995','AMARILLO',NULL,NULL);
INSERT INTO DENUNCIA_ROBO VALUES('V92303750',TO_TIMESTAMP('14-AUG-08 08.43.59.000000 AM','DD-Mon-YY HH12:MI:SS:MS AM'),'CARMEN ANGELICA GALLEGOS PEREZ','VALLE ARRIBA',TO_TIMESTAMP('11-AUG-08 05.02.17.000000 PM','DD-Mon-YY HH12:MI:SS:MS PM'),'NEV8731','ARACNIDOS-171');
INSERT INTO VEHICULO_ROBADO VALUES('SQHEW48','VOLKSWAGEN','CAMIONETA','2000','NEGRO',NULL,NULL);
INSERT INTO DENUNCIA_ROBO VALUES('E97571172',TO_TIMESTAMP('27-AUG-08 11.14.28.000000 PM','DD-Mon-YY HH12:MI:SS:MS PM'),'JOSE CARLOS FERRER ALGARIN','URB COCHE',TO_TIMESTAMP('26-AUG-08 02.45.40.000000 PM','DD-Mon-YY HH12:MI:SS:MS PM'),'SQHEW48','TIBURONES-368');
INSERT INTO VEHICULO_ROBADO VALUES('MC83068','NISSAN','PICKUP','1997','NEGRO',NULL,NULL);
INSERT INTO DENUNCIA_ROBO VALUES('V83461478',TO_TIMESTAMP('08-SEP-08 01.37.07.000000 PM','DD-Mon-YY HH12:MI:SS:MS PM'),'CECILIA ANGELA GIRALDEZ GARCIA','URB EL PARAISO',TO_TIMESTAMP('08-SEP-08 09.47.06.000000 AM','DD-Mon-YY HH12:MI:SS:MS AM'),'MC83068','TIBURONES-794');
INSERT INTO VEHICULO_ROBADO VALUES('H359500','MASERATI','PICKUP','1994','VERDE',NULL,NULL);
INSERT INTO DENUNCIA_ROBO VALUES('E33679253',TO_TIMESTAMP('25-AUG-08 12.23.14.000000 AM','DD-Mon-YY HH12:MI:SS:MS AM'),'PEDRO CHRISTIAN TORRES PARRA','SIMON RODRIGUEZ',TO_TIMESTAMP('19-AUG-08 06.10.51.000000 AM','DD-Mon-YY HH12:MI:SS:MS AM'),'H359500','OSOS-340');
INSERT INTO VEHICULO_ROBADO VALUES('WTHJY36','CITROEN','PICKUP','1992','AZUL',NULL,NULL);
INSERT INTO DENUNCIA_ROBO VALUES('V5794008',TO_TIMESTAMP('04-SEP-08 02.14.10.000000 AM','DD-Mon-YY HH12:MI:SS:MS AM'),'ANGELA ANA MENDOZA PARRA','QUINTA CRESPO',TO_TIMESTAMP('29-AUG-08 07.55.43.000000 PM','DD-Mon-YY HH12:MI:SS:MS PM'),'WTHJY36','LEONES-927');
INSERT INTO VEHICULO_ROBADO VALUES('DIYCGA3','MITSUBISHI','PICKUP','1994','ROJO',NULL,NULL);
INSERT INTO DENUNCIA_ROBO VALUES('V45067008',TO_TIMESTAMP('04-SEP-08 05.25.18.000000 PM','DD-Mon-YY HH12:MI:SS:MS PM'),'FELIPE RAFAEL MENDOZA CASTILLO','BARUTA',TO_TIMESTAMP('01-SEP-08 02.46.59.000000 AM','DD-Mon-YY HH12:MI:SS:MS AM'),'DIYCGA3','TIBURONES-377');
INSERT INTO VEHICULO_ROBADO VALUES('GKGX113','VOLKSWAGEN','DEPORTIVO','1999','PLATA',NULL,NULL);
INSERT INTO DENUNCIA_ROBO VALUES('V1963173',TO_TIMESTAMP('04-SEP-08 07.19.44.000000 PM','DD-Mon-YY HH12:MI:SS:MS PM'),'PEDRO ALBERTO MENDOZA FERNADEZ','SIMON RODRIGUEZ',TO_TIMESTAMP('04-SEP-08 06.59.09.000000 PM','DD-Mon-YY HH12:MI:SS:MS PM'),'GKGX113','ARACNIDOS-904');
INSERT INTO VEHICULO_ROBADO VALUES('DT18105','SUSUKI','PICKUP','2004','ROJO',NULL,NULL);
INSERT INTO DENUNCIA_ROBO VALUES('E57462717',TO_TIMESTAMP('28-AUG-08 01.34.07.000000 AM','DD-Mon-YY HH12:MI:SS:MS AM'),'FELIPE CHRISTIAN MARQUEZ SOSA','PLAZA VENEZUELA',TO_TIMESTAMP('21-AUG-08 04.32.24.000000 AM','DD-Mon-YY HH12:MI:SS:MS AM'),'DT18105','OSOS-773');
INSERT INTO VEHICULO_ROBADO VALUES('DEFU881','HONDA','FURGONETA','2002','VERDE',NULL,NULL);
INSERT INTO DENUNCIA_ROBO VALUES('V78545822',TO_TIMESTAMP('10-AUG-08 01.34.26.000000 AM','DD-Mon-YY HH12:MI:SS:MS AM'),'ANDREINA MIRIAM FERNADEZ TORRES','URB CHACAITO',TO_TIMESTAMP('03-AUG-08 10.09.56.000000 PM','DD-Mon-YY HH12:MI:SS:MS PM'),'DEFU881','OSOS-524');
INSERT INTO VEHICULO_ROBADO VALUES('EML4540','PORSCHE','FURGONETA','1996','DORADO',NULL,NULL);
INSERT INTO DENUNCIA_ROBO VALUES('E10400699',TO_TIMESTAMP('02-SEP-08 06.07.31.000000 PM','DD-Mon-YY HH12:MI:SS:MS PM'),'TOMAS LEONARDO TORRES TIRADO','BARRIO ALBERTO RAVELL',TO_TIMESTAMP('29-AUG-08 05.02.07.000000 PM','DD-Mon-YY HH12:MI:SS:MS PM'),'EML4540','LEONES-273');
INSERT INTO VEHICULO_ROBADO VALUES('QLBMER7','FIAT','FURGONETA','2001','AMARILLO',NULL,NULL);
INSERT INTO DENUNCIA_ROBO VALUES('V20272169',TO_TIMESTAMP('15-SEP-08 02.35.12.000000 AM','DD-Mon-YY HH12:MI:SS:MS AM'),'JESUS CHRISTIAN FERRER GARCIA','BARRIO ALBERTO RAVELL',TO_TIMESTAMP('11-SEP-08 01.28.57.000000 PM','DD-Mon-YY HH12:MI:SS:MS PM'),'QLBMER7','TIBURONES-377');
INSERT INTO VEHICULO_ROBADO VALUES('MA34185','MASERATI','CAMIONETA','2004','PLATA',NULL,NULL);
INSERT INTO DENUNCIA_ROBO VALUES('E40066823',TO_TIMESTAMP('03-SEP-08 03.42.26.000000 PM','DD-Mon-YY HH12:MI:SS:MS PM'),'ANGELA CARMEN PARRA GUERRA','BARRIO EL TRIANGULO LA VEGA',TO_TIMESTAMP('30-AUG-08 10.58.13.000000 AM','DD-Mon-YY HH12:MI:SS:MS AM'),'MA34185','PANTERAS-565');
INSERT INTO VEHICULO_ROBADO VALUES('DKGZ107','TOYOTA','FURGONETA','2007','NARANJA',NULL,NULL);
INSERT INTO DENUNCIA_ROBO VALUES('E18206796',TO_TIMESTAMP('15-SEP-08 05.55.34.000000 PM','DD-Mon-YY HH12:MI:SS:MS PM'),'ALBERTO ANTONIO FERRER SOSA','URB PARQUE CARABOBO',TO_TIMESTAMP('09-SEP-08 08.10.59.000000 PM','DD-Mon-YY HH12:MI:SS:MS PM'),'DKGZ107','LEONES-729');
INSERT INTO VEHICULO_ROBADO VALUES('VT61220','MAZDA','MICRO','1993','ROJO',NULL,NULL);
INSERT INTO DENUNCIA_ROBO VALUES('E75400904',TO_TIMESTAMP('14-SEP-08 04.45.10.000000 PM','DD-Mon-YY HH12:MI:SS:MS PM'),'BEJAMIN ANTONIO FERNADEZ GUERRERO','SANTA FE',TO_TIMESTAMP('10-SEP-08 10.20.22.000000 PM','DD-Mon-YY HH12:MI:SS:MS PM'),'VT61220','PANTERAS-565');
INSERT INTO VEHICULO_ROBADO VALUES('BDPP542','VOLKSWAGEN','MICRO','1997','GRIS',NULL,NULL);
INSERT INTO DENUNCIA_ROBO VALUES('E45685977',TO_TIMESTAMP('25-AUG-08 02.52.40.000000 PM','DD-Mon-YY HH12:MI:SS:MS PM'),'EMELY CRISTINA TORRES MARQUEZ','BARRIO LAS MAYAS',TO_TIMESTAMP('19-AUG-08 08.40.24.000000 AM','DD-Mon-YY HH12:MI:SS:MS AM'),'BDPP542','OSOS-686');
INSERT INTO VEHICULO_ROBADO VALUES('F859733','SEAT','FURGONETA','1994','PLATA',NULL,NULL);
INSERT INTO DENUNCIA_ROBO VALUES('V94306304',TO_TIMESTAMP('09-SEP-08 06.24.13.000000 AM','DD-Mon-YY HH12:MI:SS:MS AM'),'FELIX RICARDO FERRER SOSA','URB LOS CAMPITOS',TO_TIMESTAMP('04-SEP-08 01.52.02.000000 AM','DD-Mon-YY HH12:MI:SS:MS AM'),'F859733','ZORROS-492');
INSERT INTO VEHICULO_ROBADO VALUES('CED2417','SUSUKI','DEPORTIVO','1996','VIOLETA',NULL,NULL);
INSERT INTO DENUNCIA_ROBO VALUES('E76452819',TO_TIMESTAMP('12-SEP-08 02.02.43.000000 AM','DD-Mon-YY HH12:MI:SS:MS AM'),'TOMAS ESTEFANO GUERRA FERRER','BARRIO ANAUCO',TO_TIMESTAMP('06-SEP-08 01.12.43.000000 AM','DD-Mon-YY HH12:MI:SS:MS AM'),'CED2417','OSOS-340');
INSERT INTO VEHICULO_ROBADO VALUES('UD77026','JEEP','DEPORTIVO','2007','PLATA',NULL,NULL);
INSERT INTO DENUNCIA_ROBO VALUES('V55143820',TO_TIMESTAMP('22-AUG-08 09.24.35.000000 PM','DD-Mon-YY HH12:MI:SS:MS PM'),'CRISTINA ANDREINA LOPEZ PEREIRA','BARRIO ANDRES BELLO',TO_TIMESTAMP('18-AUG-08 03.54.49.000000 AM','DD-Mon-YY HH12:MI:SS:MS AM'),'UD77026','OSOS-867');
INSERT INTO VEHICULO_ROBADO VALUES('FQ45789','HONDA','FURGONETA','1994','AZUL',NULL,NULL);
INSERT INTO DENUNCIA_ROBO VALUES('V33089055',TO_TIMESTAMP('11-AUG-08 06.03.31.000000 PM','DD-Mon-YY HH12:MI:SS:MS PM'),'FELIPE BEJAMIN SOSA TIRADO','BARRIO BRISAS DEL PARAISO',TO_TIMESTAMP('05-AUG-08 03.09.06.000000 AM','DD-Mon-YY HH12:MI:SS:MS AM'),'FQ45789','LEONES-136');
INSERT INTO VEHICULO_ROBADO VALUES('MQNNY69','FORD','MICRO','2001','PLATA',NULL,NULL);
INSERT INTO DENUNCIA_ROBO VALUES('E66357835',TO_TIMESTAMP('29-AUG-08 12.30.05.000000 PM','DD-Mon-YY HH12:MI:SS:MS PM'),'TERESA ANDREINA TORRES TIRADO','CARICUAO',TO_TIMESTAMP('24-AUG-08 07.25.44.000000 PM','DD-Mon-YY HH12:MI:SS:MS PM'),'MQNNY69','PANTERAS-300');
INSERT INTO VEHICULO_ROBADO VALUES('EKE3514','MITSUBISHI','SEDAN','1994','AMARILLO',NULL,NULL);
INSERT INTO DENUNCIA_ROBO VALUES('V12988017',TO_TIMESTAMP('24-AUG-08 06.14.36.000000 AM','DD-Mon-YY HH12:MI:SS:MS AM'),'MIRIAM GABRIELA GOMEZ CASTILLO','BARRIO LA LAGUNITA',TO_TIMESTAMP('22-AUG-08 07.44.02.000000 AM','DD-Mon-YY HH12:MI:SS:MS AM'),'EKE3514','ARACNIDOS-171');
INSERT INTO VEHICULO_ROBADO VALUES('T848492','VOLKSWAGEN','CAMIONETA','1998','AMARILLO',NULL,NULL);
INSERT INTO DENUNCIA_ROBO VALUES('E55692646',TO_TIMESTAMP('08-SEP-08 12.19.25.000000 PM','DD-Mon-YY HH12:MI:SS:MS PM'),'ISMAEL JOSE GALLEGOS LOPEZ','URB COLINAS DE LOS CAOBOS',TO_TIMESTAMP('04-SEP-08 05.31.23.000000 AM','DD-Mon-YY HH12:MI:SS:MS AM'),'T848492','ARACNIDOS-680');
INSERT INTO VEHICULO_ROBADO VALUES('TRI4922','BMW','SEDAN','2000','NEGRO',NULL,NULL);
INSERT INTO DENUNCIA_ROBO VALUES('E43211441',TO_TIMESTAMP('06-AUG-08 06.06.47.000000 AM','DD-Mon-YY HH12:MI:SS:MS AM'),'CECILIA ROSA GARCIA FERRER','BARRIO EL CALVARIO',TO_TIMESTAMP('01-AUG-08 06.51.32.000000 AM','DD-Mon-YY HH12:MI:SS:MS AM'),'TRI4922','TIBURONES-843');
INSERT INTO VEHICULO_ROBADO VALUES('JN30210','LAND ROVER','PICKUP','2004','NEGRO',NULL,NULL);
INSERT INTO DENUNCIA_ROBO VALUES('V89270523',TO_TIMESTAMP('12-AUG-08 07.45.29.000000 PM','DD-Mon-YY HH12:MI:SS:MS PM'),'ISMAEL CHRISTIAN PARRA MENDOZA','VALLE ALTO',TO_TIMESTAMP('07-AUG-08 09.38.06.000000 AM','DD-Mon-YY HH12:MI:SS:MS AM'),'JN30210','AGUILAS-700');
INSERT INTO VEHICULO_ROBADO VALUES('K373372','CHEVROLET','MICRO','2001','NEGRO',NULL,NULL);
INSERT INTO DENUNCIA_ROBO VALUES('V96312719',TO_TIMESTAMP('29-AUG-08 09.26.07.000000 AM','DD-Mon-YY HH12:MI:SS:MS AM'),'ANTONIO ALBERTO GOMEZ FERRER','BARRIO COTIZA',TO_TIMESTAMP('25-AUG-08 11.22.31.000000 AM','DD-Mon-YY HH12:MI:SS:MS AM'),'K373372','TIBURONES-218');
INSERT INTO VEHICULO_ROBADO VALUES('EGG3036','CHRYSLER','MICRO','1995','AZUL',NULL,NULL);
INSERT INTO DENUNCIA_ROBO VALUES('E63757931',TO_TIMESTAMP('09-AUG-08 01.36.46.000000 AM','DD-Mon-YY HH12:MI:SS:MS AM'),'TERESA ALEJANDRA FERRER GUERRA','BARRIO ALBERTO RAVELL',TO_TIMESTAMP('05-AUG-08 02.16.05.000000 PM','DD-Mon-YY HH12:MI:SS:MS PM'),'EGG3036','ZORROS-329');
INSERT INTO VEHICULO_ROBADO VALUES('XIEJ626','SEAT','CAMIONETA','2004','GRIS',NULL,NULL);
INSERT INTO DENUNCIA_ROBO VALUES('E44526963',TO_TIMESTAMP('24-AUG-08 04.03.41.000000 AM','DD-Mon-YY HH12:MI:SS:MS AM'),'ADRIANA ELENA GUERRA TIRADO','BARRIO LA DOLORITA',TO_TIMESTAMP('17-AUG-08 05.18.04.000000 AM','DD-Mon-YY HH12:MI:SS:MS AM'),'XIEJ626','ZORROS-775');
INSERT INTO VEHICULO_ROBADO VALUES('CJAXF32','BMW','MICRO','1997','AMARILLO',NULL,NULL);
INSERT INTO DENUNCIA_ROBO VALUES('E71034308',TO_TIMESTAMP('13-AUG-08 11.45.12.000000 AM','DD-Mon-YY HH12:MI:SS:MS AM'),'CAROLINA ANA FERNADEZ GUERRA','SANTA CLARA',TO_TIMESTAMP('10-AUG-08 08.33.55.000000 PM','DD-Mon-YY HH12:MI:SS:MS PM'),'CJAXF32','OSOS-868');
INSERT INTO VEHICULO_ROBADO VALUES('CWHTO59','MERCEDES','PICKUP','1992','ROJO',NULL,NULL);
INSERT INTO DENUNCIA_ROBO VALUES('V61087210',TO_TIMESTAMP('10-SEP-08 07.12.16.000000 PM','DD-Mon-YY HH12:MI:SS:MS PM'),'MONICA ROSA LOPEZ TORRES','URDANETA',TO_TIMESTAMP('10-SEP-08 02.56.46.000000 AM','DD-Mon-YY HH12:MI:SS:MS AM'),'CWHTO59','ZORROS-955');
INSERT INTO VEHICULO_ROBADO VALUES('IYEMVK5','AUDI','FURGONETA','2004','CAFE',NULL,NULL);
INSERT INTO DENUNCIA_ROBO VALUES('E22680666',TO_TIMESTAMP('21-AUG-08 04.57.13.000000 PM','DD-Mon-YY HH12:MI:SS:MS PM'),'RAFAEL FELIX FERNADEZ ALGARIN','SIMON RODRIGUEZ',TO_TIMESTAMP('15-AUG-08 09.46.34.000000 PM','DD-Mon-YY HH12:MI:SS:MS PM'),'IYEMVK5','OSOS-359');
INSERT INTO VEHICULO_ROBADO VALUES('PHYY237','MASERATI','PICKUP','1995','GRIS',NULL,NULL);
INSERT INTO DENUNCIA_ROBO VALUES('V40987890',TO_TIMESTAMP('12-AUG-08 07.36.00.000000 AM','DD-Mon-YY HH12:MI:SS:MS AM'),'GABRIELA MONICA SOSA TIRADO','BARRIO LAS ADJUNTAS',TO_TIMESTAMP('12-AUG-08 06.07.56.000000 AM','DD-Mon-YY HH12:MI:SS:MS AM'),'PHYY237','OSOS-182');
INSERT INTO VEHICULO_ROBADO VALUES('OEBCR67','CHRYSLER','PICKUP','1998','VERDE',NULL,NULL);
INSERT INTO DENUNCIA_ROBO VALUES('E98092480',TO_TIMESTAMP('02-SEP-08 10.15.07.000000 AM','DD-Mon-YY HH12:MI:SS:MS AM'),'ADRIANA CAROLINA PARRA GARCIA','BARRIO BRISAS DE PROPATRIA',TO_TIMESTAMP('28-AUG-08 02.49.24.000000 AM','DD-Mon-YY HH12:MI:SS:MS AM'),'OEBCR67','AGUILAS-383');
INSERT INTO VEHICULO_ROBADO VALUES('FOIAM51','MASERATI','PICKUP','1991','AMARILLO',NULL,NULL);
INSERT INTO DENUNCIA_ROBO VALUES('V24272299',TO_TIMESTAMP('03-SEP-08 10.25.44.000000 AM','DD-Mon-YY HH12:MI:SS:MS AM'),'ALICIA ESTHER LANDAETA PEREIRA','BARRIO BRISAS DEL PARAISO',TO_TIMESTAMP('02-SEP-08 06.11.21.000000 AM','DD-Mon-YY HH12:MI:SS:MS AM'),'FOIAM51','LEONES-273');
INSERT INTO VEHICULO_ROBADO VALUES('RMJY592','LEXUS','MICRO','1997','PLATA',NULL,NULL);
INSERT INTO DENUNCIA_ROBO VALUES('E59250241',TO_TIMESTAMP('24-AUG-08 08.28.02.000000 AM','DD-Mon-YY HH12:MI:SS:MS AM'),'EMILIO EDUARDO FERRER SOSA','CHICHIRIVICHE',TO_TIMESTAMP('21-AUG-08 06.00.29.000000 PM','DD-Mon-YY HH12:MI:SS:MS PM'),'RMJY592','TIBURONES-870');
INSERT INTO VEHICULO_ROBADO VALUES('TO36131','SUSUKI','MICRO','1997','NARANJA',NULL,NULL);
INSERT INTO DENUNCIA_ROBO VALUES('E54447562',TO_TIMESTAMP('20-AUG-08 02.24.58.000000 AM','DD-Mon-YY HH12:MI:SS:MS AM'),'ALBERTO JESUS PARRA GUERRA','BARRIO AGUACATICO',TO_TIMESTAMP('17-AUG-08 05.19.43.000000 PM','DD-Mon-YY HH12:MI:SS:MS PM'),'TO36131','ZORROS-955');
INSERT INTO VEHICULO_ROBADO VALUES('YPORBO8','MASERATI','DEPORTIVO','1994','VERDE',NULL,NULL);
INSERT INTO DENUNCIA_ROBO VALUES('E29842848',TO_TIMESTAMP('27-AUG-08 01.02.07.000000 PM','DD-Mon-YY HH12:MI:SS:MS PM'),'TERESA EMELY LANDAETA SOSA','URB COLINAS DE LOS CHAGUARAMOS',TO_TIMESTAMP('22-AUG-08 07.58.59.000000 PM','DD-Mon-YY HH12:MI:SS:MS PM'),'YPORBO8','ZORROS-116');
INSERT INTO VEHICULO_ROBADO VALUES('GULP261','BMW','MICRO','1998','AMARILLO',NULL,NULL);
INSERT INTO DENUNCIA_ROBO VALUES('E9233263',TO_TIMESTAMP('02-AUG-08 07.49.44.000000 AM','DD-Mon-YY HH12:MI:SS:MS AM'),'GABRIELA MARIA PEREIRA LOPEZ','BARRIO ANAUCO',TO_TIMESTAMP('01-AUG-08 02.01.52.000000 PM','DD-Mon-YY HH12:MI:SS:MS PM'),'GULP261','TRIGRES-176');
INSERT INTO VEHICULO_ROBADO VALUES('L749639','MERCEDES','CAMIONETA','2006','ROJO',NULL,NULL);
INSERT INTO DENUNCIA_ROBO VALUES('E71662762',TO_TIMESTAMP('07-SEP-08 06.55.54.000000 AM','DD-Mon-YY HH12:MI:SS:MS AM'),'ESTHER CARMEN SOSA PEREZ','SAN AGUSTIN',TO_TIMESTAMP('05-SEP-08 05.09.26.000000 AM','DD-Mon-YY HH12:MI:SS:MS AM'),'L749639','TRIGRES-206');
INSERT INTO VEHICULO_ROBADO VALUES('RNRV598','AUDI','FURGONETA','1993','VIOLETA',NULL,NULL);
INSERT INTO DENUNCIA_ROBO VALUES('V60219378',TO_TIMESTAMP('11-SEP-08 05.38.24.000000 AM','DD-Mon-YY HH12:MI:SS:MS AM'),'JONATHAN EDUARDO LANDAETA TORRES','BARRIO ALTOS DE LIDICE',TO_TIMESTAMP('06-SEP-08 05.48.50.000000 PM','DD-Mon-YY HH12:MI:SS:MS PM'),'RNRV598','AGUILAS-647');
INSERT INTO VEHICULO_ROBADO VALUES('OD65531','MERCEDES','MICRO','1998','VIOLETA',NULL,NULL);
INSERT INTO DENUNCIA_ROBO VALUES('V28406393',TO_TIMESTAMP('30-AUG-08 08.55.27.000000 PM','DD-Mon-YY HH12:MI:SS:MS PM'),'ANGELA ALICIA FERNADEZ GARCIA','BARRIO AJURO',TO_TIMESTAMP('28-AUG-08 01.02.37.000000 AM','DD-Mon-YY HH12:MI:SS:MS AM'),'OD65531','OSOS-780');
INSERT INTO VEHICULO_ROBADO VALUES('LHOWD28','TOYOTA','SEDAN','1993','CAFE',NULL,NULL);
INSERT INTO DENUNCIA_ROBO VALUES('E84150084',TO_TIMESTAMP('06-SEP-08 05.13.52.000000 AM','DD-Mon-YY HH12:MI:SS:MS AM'),'RAFAEL EDUARDO PEREIRA GONZALEZ','BARRIO LA BOMBILLA',TO_TIMESTAMP('05-SEP-08 11.06.28.000000 AM','DD-Mon-YY HH12:MI:SS:MS AM'),'LHOWD28','LEONES-560');
INSERT INTO VEHICULO_ROBADO VALUES('ZFS3139','TOYOTA','FURGONETA','2005','CAFE',NULL,NULL);
INSERT INTO DENUNCIA_ROBO VALUES('V22367612',TO_TIMESTAMP('26-AUG-08 03.26.58.000000 PM','DD-Mon-YY HH12:MI:SS:MS PM'),'VICTOR RICARDO TORRES FERRER','VALLE ABAJO',TO_TIMESTAMP('20-AUG-08 07.44.39.000000 PM','DD-Mon-YY HH12:MI:SS:MS PM'),'ZFS3139','TIBURONES-436');
INSERT INTO VEHICULO_ROBADO VALUES('WEXJHY6','SUSUKI','PICKUP','1995','NEGRO',NULL,NULL);
INSERT INTO DENUNCIA_ROBO VALUES('V30104194',TO_TIMESTAMP('01-SEP-08 08.50.21.000000 AM','DD-Mon-YY HH12:MI:SS:MS AM'),'ANDREINA TERESA GONZALEZ GARCIA','SANTA FE',TO_TIMESTAMP('26-AUG-08 11.15.29.000000 PM','DD-Mon-YY HH12:MI:SS:MS PM'),'WEXJHY6','ZORROS-663');
INSERT INTO VEHICULO_ROBADO VALUES('QQB5694','DAEWOO','FURGONETA','2007','ROJO',NULL,NULL);
INSERT INTO DENUNCIA_ROBO VALUES('V80204367',TO_TIMESTAMP('09-AUG-08 09.46.34.000000 PM','DD-Mon-YY HH12:MI:SS:MS PM'),'ROSA TERESA GUERRA PEREZ','BARRIO JOSE FELIX RIVAS',TO_TIMESTAMP('03-AUG-08 06.47.40.000000 AM','DD-Mon-YY HH12:MI:SS:MS AM'),'QQB5694','ARACNIDOS-117');
INSERT INTO VEHICULO_ROBADO VALUES('PO89332','JEEP','CAMIONETA','1994','DORADO',NULL,NULL);
INSERT INTO DENUNCIA_ROBO VALUES('E85139664',TO_TIMESTAMP('07-AUG-08 03.41.38.000000 AM','DD-Mon-YY HH12:MI:SS:MS AM'),'MIRIAM ANDREINA SOSA GIRALDEZ','PEREZ BONALDE',TO_TIMESTAMP('03-AUG-08 10.30.41.000000 AM','DD-Mon-YY HH12:MI:SS:MS AM'),'PO89332','PANTERAS-182');
INSERT INTO VEHICULO_ROBADO VALUES('MH99767','JEEP','DEPORTIVO','1997','PLATA',NULL,NULL);
INSERT INTO DENUNCIA_ROBO VALUES('V31606995',TO_TIMESTAMP('13-SEP-08 01.22.56.000000 AM','DD-Mon-YY HH12:MI:SS:MS AM'),'FELIX ESTEFANO GALLEGOS LANDAETA','PLAZA VENEZUELA',TO_TIMESTAMP('10-SEP-08 06.42.36.000000 PM','DD-Mon-YY HH12:MI:SS:MS PM'),'MH99767','TIBURONES-218');
INSERT INTO VEHICULO_ROBADO VALUES('ZUW8819','PORSCHE','PICKUP','1996','CAFE',NULL,NULL);
INSERT INTO DENUNCIA_ROBO VALUES('E46100764',TO_TIMESTAMP('01-SEP-08 11.21.10.000000 AM','DD-Mon-YY HH12:MI:SS:MS AM'),'MIRIAM ANGELICA PARRA GARCIA','BARUTA',TO_TIMESTAMP('01-SEP-08 09.19.11.000000 AM','DD-Mon-YY HH12:MI:SS:MS AM'),'ZUW8819','TIBURONES-910');
INSERT INTO VEHICULO_ROBADO VALUES('IK42146','SUSUKI','FURGONETA','1997','CAFE',NULL,NULL);
INSERT INTO DENUNCIA_ROBO VALUES('E42207611',TO_TIMESTAMP('10-AUG-08 06.03.49.000000 AM','DD-Mon-YY HH12:MI:SS:MS AM'),'JOSE PEDRO LOPEZ GUERRERO','URB LOS GUAYABITOS',TO_TIMESTAMP('08-AUG-08 09.01.52.000000 PM','DD-Mon-YY HH12:MI:SS:MS PM'),'IK42146','AGUILAS-246');
INSERT INTO VEHICULO_ROBADO VALUES('QYUKF21','CHEVROLET','PICKUP','2005','CAFE',NULL,NULL);
INSERT INTO DENUNCIA_ROBO VALUES('V4708115',TO_TIMESTAMP('29-AUG-08 08.39.58.000000 PM','DD-Mon-YY HH12:MI:SS:MS PM'),'EDUARDO RAFAEL PEREZ GALLEGOS','BARRIO CAMPO RICO',TO_TIMESTAMP('27-AUG-08 04.32.25.000000 PM','DD-Mon-YY HH12:MI:SS:MS PM'),'QYUKF21','OSOS-773');
INSERT INTO VEHICULO_ROBADO VALUES('TA53140','MERCEDES','CAMIONETA','2008','VIOLETA',NULL,NULL);
INSERT INTO DENUNCIA_ROBO VALUES('E32762118',TO_TIMESTAMP('17-AUG-08 03.01.01.000000 AM','DD-Mon-YY HH12:MI:SS:MS AM'),'MARISOL CRISTINA GONZALEZ GUERRERO','LA PASTORA',TO_TIMESTAMP('14-AUG-08 03.58.54.000000 PM','DD-Mon-YY HH12:MI:SS:MS PM'),'TA53140','LEONES-848');
INSERT INTO VEHICULO_ROBADO VALUES('LQ78583','ALFA ROMEO','FURGONETA','2007','PLATA',NULL,NULL);
INSERT INTO DENUNCIA_ROBO VALUES('E6749742',TO_TIMESTAMP('15-SEP-08 12.06.13.000000 AM','DD-Mon-YY HH12:MI:SS:MS AM'),'ESTHER DANIELA FERRER GUERRA','CHICHIRIVICHE',TO_TIMESTAMP('13-SEP-08 04.23.14.000000 PM','DD-Mon-YY HH12:MI:SS:MS PM'),'LQ78583','PANTERAS-744');
INSERT INTO VEHICULO_ROBADO VALUES('LVET775','MASERATI','FURGONETA','1999','GRIS',NULL,NULL);
INSERT INTO DENUNCIA_ROBO VALUES('E4380943',TO_TIMESTAMP('04-SEP-08 06.18.06.000000 AM','DD-Mon-YY HH12:MI:SS:MS AM'),'DANIELA ALEJANDRA FERNADEZ GALLEGOS','BARRIO COTIZA',TO_TIMESTAMP('28-AUG-08 11.28.47.000000 AM','DD-Mon-YY HH12:MI:SS:MS AM'),'LVET775','PANTERAS-182');
INSERT INTO VEHICULO_ROBADO VALUES('ID91683','CITROEN','DEPORTIVO','2004','NEGRO',NULL,NULL);
INSERT INTO DENUNCIA_ROBO VALUES('V42864337',TO_TIMESTAMP('26-AUG-08 12.10.45.000000 AM','DD-Mon-YY HH12:MI:SS:MS AM'),'VICTOR CHRISTIAN PARRA ADRIAN','URB EL PARAISO',TO_TIMESTAMP('20-AUG-08 02.11.00.000000 AM','DD-Mon-YY HH12:MI:SS:MS AM'),'ID91683','TRIGRES-176');
INSERT INTO VEHICULO_ROBADO VALUES('KASKT88','ALFA ROMEO','PICKUP','2006','ROJO',NULL,NULL);
INSERT INTO DENUNCIA_ROBO VALUES('E26243683',TO_TIMESTAMP('30-AUG-08 02.45.59.000000 AM','DD-Mon-YY HH12:MI:SS:MS AM'),'ANA ROSA GIRALDEZ SOSA','URB EL PARAISO',TO_TIMESTAMP('28-AUG-08 11.47.01.000000 PM','DD-Mon-YY HH12:MI:SS:MS PM'),'KASKT88','OSOS-162');
INSERT INTO VEHICULO_ROBADO VALUES('JXCAN36','ALFA ROMEO','MICRO','2004','NARANJA',NULL,NULL);
INSERT INTO DENUNCIA_ROBO VALUES('V67597371',TO_TIMESTAMP('14-SEP-08 04.38.42.000000 PM','DD-Mon-YY HH12:MI:SS:MS PM'),'LILIAN ANGELA TIRADO GUERRA','SANTA FE',TO_TIMESTAMP('09-SEP-08 12.47.34.000000 AM','DD-Mon-YY HH12:MI:SS:MS AM'),'JXCAN36','TIBURONES-436');
INSERT INTO VEHICULO_ROBADO VALUES('CQ59059','HYUNDAI','FURGONETA','2004','NARANJA',NULL,NULL);
INSERT INTO DENUNCIA_ROBO VALUES('V82395553',TO_TIMESTAMP('12-SEP-08 12.22.47.000000 AM','DD-Mon-YY HH12:MI:SS:MS AM'),'TERESA ANGELICA CASTILLO GARCIA','URB MARIPEREZ',TO_TIMESTAMP('10-SEP-08 10.20.36.000000 PM','DD-Mon-YY HH12:MI:SS:MS PM'),'CQ59059','LEONES-136');
INSERT INTO VEHICULO_ROBADO VALUES('V691074','CADILLAC','MICRO','2008','NARANJA',NULL,NULL);
INSERT INTO DENUNCIA_ROBO VALUES('E35837274',TO_TIMESTAMP('19-AUG-08 09.53.33.000000 PM','DD-Mon-YY HH12:MI:SS:MS PM'),'DANIELA ANDREINA PEREIRA MARQUEZ','BARRIO LA LAGUNITA',TO_TIMESTAMP('15-AUG-08 05.01.32.000000 PM','DD-Mon-YY HH12:MI:SS:MS PM'),'V691074','PANTERAS-623');
INSERT INTO VEHICULO_ROBADO VALUES('EEYJ644','HONDA','SEDAN','1999','PLATA',NULL,NULL);
INSERT INTO DENUNCIA_ROBO VALUES('E6836262',TO_TIMESTAMP('11-AUG-08 05.49.47.000000 PM','DD-Mon-YY HH12:MI:SS:MS PM'),'RAFAEL PEDRO PEREZ ADRIAN','URB MONTALBAN',TO_TIMESTAMP('08-AUG-08 05.29.19.000000 PM','DD-Mon-YY HH12:MI:SS:MS PM'),'EEYJ644','PANTERAS-499');
INSERT INTO VEHICULO_ROBADO VALUES('KKP4344','LEXUS','SEDAN','2005','AMARILLO',NULL,NULL);
INSERT INTO DENUNCIA_ROBO VALUES('V35905718',TO_TIMESTAMP('03-SEP-08 05.34.10.000000 PM','DD-Mon-YY HH12:MI:SS:MS PM'),'FELIPE ADOLFO TORRES FERRER','PROPATRIA',TO_TIMESTAMP('30-AUG-08 08.18.46.000000 PM','DD-Mon-YY HH12:MI:SS:MS PM'),'KKP4344','ARACNIDOS-378');
INSERT INTO VEHICULO_ROBADO VALUES('XP10409','FIAT','DEPORTIVO','2002','GRIS',NULL,NULL);
INSERT INTO DENUNCIA_ROBO VALUES('V2605142',TO_TIMESTAMP('13-AUG-08 06.15.01.000000 PM','DD-Mon-YY HH12:MI:SS:MS PM'),'BEJAMIN DAVID GONZALEZ GOMEZ','BARRIO CAMPO RICO',TO_TIMESTAMP('12-AUG-08 08.17.53.000000 PM','DD-Mon-YY HH12:MI:SS:MS PM'),'XP10409','PANTERAS-499');
INSERT INTO VEHICULO_ROBADO VALUES('PGIZ652','FIAT','PICKUP','2007','NEGRO',NULL,NULL);
INSERT INTO DENUNCIA_ROBO VALUES('V7291003',TO_TIMESTAMP('10-AUG-08 09.38.59.000000 AM','DD-Mon-YY HH12:MI:SS:MS AM'),'GUILLERMO VICTOR TORRES TIRADO','VALLE ALTO',TO_TIMESTAMP('03-AUG-08 05.23.55.000000 PM','DD-Mon-YY HH12:MI:SS:MS PM'),'PGIZ652','TRIGRES-176');
INSERT INTO VEHICULO_ROBADO VALUES('LKEEM33','SEAT','DEPORTIVO','2000','NARANJA',NULL,NULL);
INSERT INTO DENUNCIA_ROBO VALUES('E69537420',TO_TIMESTAMP('09-AUG-08 04.46.20.000000 PM','DD-Mon-YY HH12:MI:SS:MS PM'),'ISMAEL JONATHAN ALGARIN GONZALEZ','URB CHACAITO',TO_TIMESTAMP('08-AUG-08 10.53.06.000000 PM','DD-Mon-YY HH12:MI:SS:MS PM'),'LKEEM33','PANTERAS-744');
INSERT INTO VEHICULO_ROBADO VALUES('UYJ2753','FIAT','CAMIONETA','1990','AZUL',NULL,NULL);
INSERT INTO DENUNCIA_ROBO VALUES('E9929913',TO_TIMESTAMP('24-AUG-08 06.16.42.000000 AM','DD-Mon-YY HH12:MI:SS:MS AM'),'TERESA VICTORIA SOSA GIRALDEZ','SANTA FE',TO_TIMESTAMP('20-AUG-08 08.59.11.000000 PM','DD-Mon-YY HH12:MI:SS:MS PM'),'UYJ2753','LEONES-273');
INSERT INTO VEHICULO_ROBADO VALUES('II83573','DODGE','DEPORTIVO','2003','DORADO',NULL,NULL);
INSERT INTO DENUNCIA_ROBO VALUES('V67734523',TO_TIMESTAMP('20-AUG-08 08.38.02.000000 PM','DD-Mon-YY HH12:MI:SS:MS PM'),'FELIPE BEJAMIN PARRA ADRIAN','URB PARQUE CENTRAL',TO_TIMESTAMP('20-AUG-08 05.32.30.000000 PM','DD-Mon-YY HH12:MI:SS:MS PM'),'II83573','OSOS-777');
INSERT INTO VEHICULO_ROBADO VALUES('COS1984','MASERATI','MICRO','2001','NEGRO',NULL,NULL);
INSERT INTO DENUNCIA_ROBO VALUES('V51604474',TO_TIMESTAMP('03-SEP-08 07.28.13.000000 PM','DD-Mon-YY HH12:MI:SS:MS PM'),'ANA ANGELA ZAMBRANO PARRA','LA PASTORA',TO_TIMESTAMP('30-AUG-08 05.28.39.000000 AM','DD-Mon-YY HH12:MI:SS:MS AM'),'COS1984','OSOS-331');
INSERT INTO VEHICULO_ROBADO VALUES('XGFWLA2','SUSUKI','FURGONETA','2009','AZUL',NULL,NULL);
INSERT INTO DENUNCIA_ROBO VALUES('V40489932',TO_TIMESTAMP('11-SEP-08 02.19.17.000000 PM','DD-Mon-YY HH12:MI:SS:MS PM'),'FELIPE BEJAMIN CASTILLO MENDOZA','CANDELARIA',TO_TIMESTAMP('04-SEP-08 05.10.05.000000 PM','DD-Mon-YY HH12:MI:SS:MS PM'),'XGFWLA2','PANTERAS-744');
INSERT INTO VEHICULO_ROBADO VALUES('GD94534','CHRYSLER','CAMIONETA','2002','GRIS',NULL,NULL);
INSERT INTO DENUNCIA_ROBO VALUES('V2716186',TO_TIMESTAMP('07-AUG-08 06.26.13.000000 PM','DD-Mon-YY HH12:MI:SS:MS PM'),'PEDRO EMILIO GONZALEZ ALGARIN','BARRIO CENTRO ITALO',TO_TIMESTAMP('01-AUG-08 08.39.55.000000 PM','DD-Mon-YY HH12:MI:SS:MS PM'),'GD94534','PANTERAS-825');
INSERT INTO VEHICULO_ROBADO VALUES('FMYUFA1','VOLKSWAGEN','PICKUP','1997','CAFE',NULL,NULL);
INSERT INTO DENUNCIA_ROBO VALUES('E51993605',TO_TIMESTAMP('10-AUG-08 02.19.01.000000 AM','DD-Mon-YY HH12:MI:SS:MS AM'),'CARLOS ALBERTO GONZALEZ SOSA','BARRIO ALBERTO RAVELL',TO_TIMESTAMP('09-AUG-08 05.23.04.000000 AM','DD-Mon-YY HH12:MI:SS:MS AM'),'FMYUFA1','TRIGRES-206');
INSERT INTO VEHICULO_ROBADO VALUES('QJLNA81','MAZDA','SEDAN','1997','VIOLETA',NULL,NULL);
INSERT INTO DENUNCIA_ROBO VALUES('E7899453',TO_TIMESTAMP('10-AUG-08 03.53.15.000000 PM','DD-Mon-YY HH12:MI:SS:MS PM'),'ANDREINA MARIA PEREZ SOSA','BARRIO CORTADA DE CATIA',TO_TIMESTAMP('06-AUG-08 01.38.20.000000 PM','DD-Mon-YY HH12:MI:SS:MS PM'),'QJLNA81','PANTERAS-744');
INSERT INTO VEHICULO_ROBADO VALUES('YH34856','MERCEDES','CAMIONETA','1993','DORADO',NULL,NULL);
INSERT INTO DENUNCIA_ROBO VALUES('V22973910',TO_TIMESTAMP('22-AUG-08 11.19.56.000000 AM','DD-Mon-YY HH12:MI:SS:MS AM'),'DAVID EMILIO SOSA FERRER','BARRIO CARAPITA',TO_TIMESTAMP('21-AUG-08 06.21.05.000000 AM','DD-Mon-YY HH12:MI:SS:MS AM'),'YH34856','PANTERAS-655');
INSERT INTO VEHICULO_ROBADO VALUES('TNE5105','FIAT','SEDAN','2007','NARANJA',NULL,NULL);
INSERT INTO DENUNCIA_ROBO VALUES('E63345437',TO_TIMESTAMP('28-AUG-08 12.28.24.000000 AM','DD-Mon-YY HH12:MI:SS:MS AM'),'CRISTINA MARISOL FERRER TORRES','BARRIO CORTADA DE CATIA',TO_TIMESTAMP('22-AUG-08 10.33.18.000000 PM','DD-Mon-YY HH12:MI:SS:MS PM'),'TNE5105','PANTERAS-456');
INSERT INTO VEHICULO_ROBADO VALUES('U206539','PEUGOT','PICKUP','2008','VERDE',NULL,NULL);
INSERT INTO DENUNCIA_ROBO VALUES('V19650242',TO_TIMESTAMP('12-AUG-08 02.44.01.000000 PM','DD-Mon-YY HH12:MI:SS:MS PM'),'MIRIAM ALEJANDRA GIRALDEZ GUERRA','URB LOS GUAYABITOS',TO_TIMESTAMP('09-AUG-08 05.28.17.000000 PM','DD-Mon-YY HH12:MI:SS:MS PM'),'U206539','LEONES-848');
INSERT INTO VEHICULO_ROBADO VALUES('YYZIY90','FIAT','MICRO','2005','NEGRO',NULL,NULL);
INSERT INTO DENUNCIA_ROBO VALUES('V58667461',TO_TIMESTAMP('22-AUG-08 11.00.00.000000 PM','DD-Mon-YY HH12:MI:SS:MS PM'),'CECILIA MARISOL GARCIA CASTILLO','BARUTA',TO_TIMESTAMP('21-AUG-08 08.42.04.000000 AM','DD-Mon-YY HH12:MI:SS:MS AM'),'YYZIY90','OSOS-162');
INSERT INTO VEHICULO_ROBADO VALUES('EQTMHB9','VOLKSWAGEN','PICKUP','2004','BLANCO',NULL,NULL);
INSERT INTO DENUNCIA_ROBO VALUES('E19044080',TO_TIMESTAMP('21-AUG-08 11.20.22.000000 AM','DD-Mon-YY HH12:MI:SS:MS AM'),'DAVID GUILLERMO TIRADO GALLEGOS','BARRIO EL CALVARIO',TO_TIMESTAMP('17-AUG-08 05.39.11.000000 PM','DD-Mon-YY HH12:MI:SS:MS PM'),'EQTMHB9','ARACNIDOS-749');
INSERT INTO VEHICULO_ROBADO VALUES('HWTCD76','LAND ROVER','MICRO','1995','NARANJA',NULL,NULL);
INSERT INTO DENUNCIA_ROBO VALUES('E56766528',TO_TIMESTAMP('14-SEP-08 11.38.46.000000 AM','DD-Mon-YY HH12:MI:SS:MS AM'),'ALICIA VICTORIA ALGARIN PARRA','SANTA CECILIA',TO_TIMESTAMP('09-SEP-08 12.36.47.000000 PM','DD-Mon-YY HH12:MI:SS:MS PM'),'HWTCD76','ARACNIDOS-446');
INSERT INTO VEHICULO_ROBADO VALUES('EQLPNH9','NISSAN','PICKUP','1994','VERDE',NULL,NULL);
INSERT INTO DENUNCIA_ROBO VALUES('V62028804',TO_TIMESTAMP('08-SEP-08 04.38.56.000000 AM','DD-Mon-YY HH12:MI:SS:MS AM'),'DAVID RICARDO MARQUEZ GOMEZ','BARRIO CORTADA DE CATIA',TO_TIMESTAMP('04-SEP-08 11.27.44.000000 PM','DD-Mon-YY HH12:MI:SS:MS PM'),'EQLPNH9','ZORROS-426');
INSERT INTO VEHICULO_ROBADO VALUES('VSEL477','CHRYSLER','DEPORTIVO','2004','AMARILLO',NULL,NULL);
INSERT INTO DENUNCIA_ROBO VALUES('V43906196',TO_TIMESTAMP('03-SEP-08 12.36.28.000000 AM','DD-Mon-YY HH12:MI:SS:MS AM'),'EMILIO ANTONIO GONZALEZ PEREIRA','BARRIO CAMPO RICO',TO_TIMESTAMP('31-AUG-08 02.24.34.000000 PM','DD-Mon-YY HH12:MI:SS:MS PM'),'VSEL477','OSOS-844');
INSERT INTO VEHICULO_ROBADO VALUES('UO10800','TOYOTA','MICRO','2004','AZUL',NULL,NULL);
INSERT INTO DENUNCIA_ROBO VALUES('E57589945',TO_TIMESTAMP('24-AUG-08 05.29.30.000000 PM','DD-Mon-YY HH12:MI:SS:MS PM'),'RICARDO TOMAS PEREIRA GIRALDEZ','BARRIO BRISAS DE PETARE',TO_TIMESTAMP('21-AUG-08 08.53.19.000000 PM','DD-Mon-YY HH12:MI:SS:MS PM'),'UO10800','ARACNIDOS-380');
INSERT INTO VEHICULO_ROBADO VALUES('FCFR214','CHEVROLET','MICRO','1993','GRIS',NULL,NULL);
INSERT INTO DENUNCIA_ROBO VALUES('V12504225',TO_TIMESTAMP('20-AUG-08 06.13.57.000000 PM','DD-Mon-YY HH12:MI:SS:MS PM'),'DAVID GUILLERMO PEREIRA LOPEZ','BARRIO CARAPITA',TO_TIMESTAMP('19-AUG-08 07.49.27.000000 PM','DD-Mon-YY HH12:MI:SS:MS PM'),'FCFR214','ZORROS-305');
INSERT INTO VEHICULO_ROBADO VALUES('TUMMU11','HYUNDAI','MICRO','1999','AZUL',NULL,NULL);
INSERT INTO DENUNCIA_ROBO VALUES('E93554565',TO_TIMESTAMP('15-SEP-08 01.48.38.000000 AM','DD-Mon-YY HH12:MI:SS:MS AM'),'MONICA ANGELICA GARCIA GONZALEZ','BARRIO ANAUCO',TO_TIMESTAMP('12-SEP-08 02.28.22.000000 PM','DD-Mon-YY HH12:MI:SS:MS PM'),'TUMMU11','LEONES-560');
INSERT INTO VEHICULO_ROBADO VALUES('HMC8194','CITROEN','DEPORTIVO','1990','ROJO',NULL,NULL);
INSERT INTO DENUNCIA_ROBO VALUES('V45046509',TO_TIMESTAMP('13-SEP-08 09.25.42.000000 PM','DD-Mon-YY HH12:MI:SS:MS PM'),'TERESA ROSA TORRES LANDAETA','LA PASTORA',TO_TIMESTAMP('07-SEP-08 07.00.25.000000 PM','DD-Mon-YY HH12:MI:SS:MS PM'),'HMC8194','TRIGRES-176');
INSERT INTO VEHICULO_ROBADO VALUES('POQG858','CHRYSLER','SEDAN','1990','DORADO',NULL,NULL);
INSERT INTO DENUNCIA_ROBO VALUES('E62561968',TO_TIMESTAMP('03-SEP-08 09.20.18.000000 PM','DD-Mon-YY HH12:MI:SS:MS PM'),'ADRIANA ANDREINA TIRADO ALGARIN','URB LOS CEDROS',TO_TIMESTAMP('29-AUG-08 07.38.05.000000 AM','DD-Mon-YY HH12:MI:SS:MS AM'),'POQG858','TIBURONES-843');
INSERT INTO VEHICULO_ROBADO VALUES('INKS892','FIAT','FURGONETA','2007','NARANJA',NULL,NULL);
INSERT INTO DENUNCIA_ROBO VALUES('V30310049',TO_TIMESTAMP('15-AUG-08 01.17.30.000000 AM','DD-Mon-YY HH12:MI:SS:MS AM'),'ALICIA ALEJANDRA MARQUEZ GUERRA','BARRIO JOSE FELIX RIVAS',TO_TIMESTAMP('13-AUG-08 09.48.17.000000 PM','DD-Mon-YY HH12:MI:SS:MS PM'),'INKS892','OSOS-162');
INSERT INTO VEHICULO_ROBADO VALUES('RGVU838','VOLKSWAGEN','CAMIONETA','1992','VIOLETA',NULL,NULL);
INSERT INTO DENUNCIA_ROBO VALUES('V94554512',TO_TIMESTAMP('13-AUG-08 10.55.37.000000 PM','DD-Mon-YY HH12:MI:SS:MS PM'),'EDUARDO RICARDO ADRIAN PEREZ','VALLE ALTO',TO_TIMESTAMP('12-AUG-08 11.38.48.000000 PM','DD-Mon-YY HH12:MI:SS:MS PM'),'RGVU838','PANTERAS-499');
INSERT INTO VEHICULO_ROBADO VALUES('LHME507','CADILLAC','DEPORTIVO','2001','GRIS',NULL,NULL);
INSERT INTO DENUNCIA_ROBO VALUES('E81380300',TO_TIMESTAMP('11-SEP-08 08.05.08.000000 PM','DD-Mon-YY HH12:MI:SS:MS PM'),'LUIS BEJAMIN ADRIAN TIRADO','SARRIA',TO_TIMESTAMP('11-SEP-08 01.29.53.000000 PM','DD-Mon-YY HH12:MI:SS:MS PM'),'LHME507','OSOS-231');
INSERT INTO VEHICULO_ROBADO VALUES('QAOF400','DODGE','SEDAN','2008','VERDE',NULL,NULL);
INSERT INTO DENUNCIA_ROBO VALUES('V29380947',TO_TIMESTAMP('10-SEP-08 03.38.39.000000 AM','DD-Mon-YY HH12:MI:SS:MS AM'),'CHRISTIAN JESUS ADRIAN GIRALDEZ','PROPATRIA',TO_TIMESTAMP('08-SEP-08 04.18.27.000000 AM','DD-Mon-YY HH12:MI:SS:MS AM'),'QAOF400','OSOS-870');
INSERT INTO VEHICULO_ROBADO VALUES('WBSWG92','AUDI','PICKUP','2006','VERDE',NULL,NULL);
INSERT INTO DENUNCIA_ROBO VALUES('E86020952',TO_TIMESTAMP('22-AUG-08 07.29.44.000000 AM','DD-Mon-YY HH12:MI:SS:MS AM'),'CARMEN ANDREINA FERNADEZ MENDOZA','BARRIO LA BOMBILLA',TO_TIMESTAMP('21-AUG-08 09.18.27.000000 AM','DD-Mon-YY HH12:MI:SS:MS AM'),'WBSWG92','OSOS-675');
INSERT INTO VEHICULO_ROBADO VALUES('SFD1075','CITROEN','PICKUP','2003','VERDE',NULL,NULL);
INSERT INTO DENUNCIA_ROBO VALUES('E59743042',TO_TIMESTAMP('18-AUG-08 05.27.11.000000 PM','DD-Mon-YY HH12:MI:SS:MS PM'),'ANTONIO RAFAEL ALGARIN LANDAETA','LA PASTORA',TO_TIMESTAMP('15-AUG-08 11.06.57.000000 PM','DD-Mon-YY HH12:MI:SS:MS PM'),'SFD1075','LEONES-729');
INSERT INTO VEHICULO_ROBADO VALUES('YXP8509','AUDI','MICRO','1991','ROJO',NULL,NULL);
INSERT INTO DENUNCIA_ROBO VALUES('V53166631',TO_TIMESTAMP('06-SEP-08 04.58.25.000000 PM','DD-Mon-YY HH12:MI:SS:MS PM'),'FELIX ESTEFANO FERRER SOSA','BARRIO JOSE FELIX RIVAS',TO_TIMESTAMP('03-SEP-08 05.58.37.000000 PM','DD-Mon-YY HH12:MI:SS:MS PM'),'YXP8509','TIBURONES-881');
INSERT INTO VEHICULO_ROBADO VALUES('AOIYA75','MITSUBISHI','SEDAN','1994','DORADO',NULL,NULL);
INSERT INTO DENUNCIA_ROBO VALUES('V72489733',TO_TIMESTAMP('13-SEP-08 10.48.15.000000 PM','DD-Mon-YY HH12:MI:SS:MS PM'),'JONATHAN LUIS GIRALDEZ GUERRA','ARAGUITA',TO_TIMESTAMP('12-SEP-08 11.06.32.000000 PM','DD-Mon-YY HH12:MI:SS:MS PM'),'AOIYA75','OSOS-771');
INSERT INTO VEHICULO_ROBADO VALUES('QLXPB62','ALFA ROMEO','DEPORTIVO','2006','AMARILLO',NULL,NULL);
INSERT INTO DENUNCIA_ROBO VALUES('E34370960',TO_TIMESTAMP('14-SEP-08 11.22.13.000000 PM','DD-Mon-YY HH12:MI:SS:MS PM'),'MONICA ANGELICA PARRA MENDOZA','URB LOS CEDROS',TO_TIMESTAMP('11-SEP-08 12.20.26.000000 AM','DD-Mon-YY HH12:MI:SS:MS AM'),'QLXPB62','OSOS-162');
INSERT INTO VEHICULO_ROBADO VALUES('GHXSOA5','TOYOTA','FURGONETA','1991','DORADO',NULL,NULL);
INSERT INTO DENUNCIA_ROBO VALUES('V99665230',TO_TIMESTAMP('20-AUG-08 12.42.03.000000 PM','DD-Mon-YY HH12:MI:SS:MS PM'),'EDUARDO RICARDO PEREZ GARCIA','SANTA CLARA',TO_TIMESTAMP('14-AUG-08 03.55.04.000000 PM','DD-Mon-YY HH12:MI:SS:MS PM'),'GHXSOA5','OSOS-524');
INSERT INTO VEHICULO_ROBADO VALUES('XHKSS71','LEXUS','PICKUP','2001','AMARILLO',NULL,NULL);
INSERT INTO DENUNCIA_ROBO VALUES('V72743163',TO_TIMESTAMP('06-SEP-08 04.08.46.000000 PM','DD-Mon-YY HH12:MI:SS:MS PM'),'EMELY ALICIA GUERRERO LOPEZ','URB LOS CAMPITOS',TO_TIMESTAMP('01-SEP-08 04.22.39.000000 AM','DD-Mon-YY HH12:MI:SS:MS AM'),'XHKSS71','PANTERAS-182');
INSERT INTO VEHICULO_ROBADO VALUES('UYO2760','CHEVROLET','DEPORTIVO','1994','NEGRO',NULL,NULL);
INSERT INTO DENUNCIA_ROBO VALUES('V17899369',TO_TIMESTAMP('13-SEP-08 02.26.54.000000 AM','DD-Mon-YY HH12:MI:SS:MS AM'),'DAVID CHRISTIAN SOSA PEREZ','URB LOS CAOBOS',TO_TIMESTAMP('10-SEP-08 10.39.43.000000 PM','DD-Mon-YY HH12:MI:SS:MS PM'),'UYO2760','TIBURONES-224');
INSERT INTO VEHICULO_ROBADO VALUES('UMNMR18','VOLKSWAGEN','FURGONETA','1994','VIOLETA',NULL,NULL);
INSERT INTO DENUNCIA_ROBO VALUES('V39611300',TO_TIMESTAMP('04-SEP-08 04.01.50.000000 AM','DD-Mon-YY HH12:MI:SS:MS AM'),'ANGELICA ANA GARCIA GONZALEZ','CHICHIRIVICHE',TO_TIMESTAMP('28-AUG-08 06.36.21.000000 PM','DD-Mon-YY HH12:MI:SS:MS PM'),'UMNMR18','OSOS-331');
INSERT INTO VEHICULO_ROBADO VALUES('OHHU985','DAEWOO','MICRO','1996','AZUL',NULL,NULL);
INSERT INTO DENUNCIA_ROBO VALUES('E76675755',TO_TIMESTAMP('10-SEP-08 02.47.32.000000 AM','DD-Mon-YY HH12:MI:SS:MS AM'),'VICTOR RAFAEL TORRES LANDAETA','CARMELITAS',TO_TIMESTAMP('07-SEP-08 05.09.22.000000 PM','DD-Mon-YY HH12:MI:SS:MS PM'),'OHHU985','OSOS-340');
INSERT INTO VEHICULO_ROBADO VALUES('QBHN330','SUSUKI','PICKUP','2005','CAFE',NULL,NULL);
INSERT INTO DENUNCIA_ROBO VALUES('E62812114',TO_TIMESTAMP('04-AUG-08 05.36.12.000000 AM','DD-Mon-YY HH12:MI:SS:MS AM'),'ISMAEL ADOLFO GIRALDEZ GARCIA','VALLE ALTO',TO_TIMESTAMP('03-AUG-08 12.31.20.000000 AM','DD-Mon-YY HH12:MI:SS:MS AM'),'QBHN330','LEONES-848');
INSERT INTO VEHICULO_ROBADO VALUES('BUL5458','MAZDA','SEDAN','1996','AMARILLO',NULL,NULL);
INSERT INTO DENUNCIA_ROBO VALUES('E40232388',TO_TIMESTAMP('30-AUG-08 05.37.16.000000 AM','DD-Mon-YY HH12:MI:SS:MS AM'),'ANA ALEJANDRA MARQUEZ ALGARIN','BARRIO JOSE FELIX RIVAS',TO_TIMESTAMP('28-AUG-08 11.25.49.000000 PM','DD-Mon-YY HH12:MI:SS:MS PM'),'BUL5458','TIBURONES-794');
INSERT INTO VEHICULO_ROBADO VALUES('UWZWB32','CITROEN','FURGONETA','1998','ROJO',NULL,NULL);
INSERT INTO DENUNCIA_ROBO VALUES('E66594694',TO_TIMESTAMP('25-AUG-08 08.47.06.000000 PM','DD-Mon-YY HH12:MI:SS:MS PM'),'MIRIAM ANGELA TIRADO SOSA','VALLE ALTO',TO_TIMESTAMP('25-AUG-08 12.31.06.000000 AM','DD-Mon-YY HH12:MI:SS:MS AM'),'UWZWB32','LEONES-798');
INSERT INTO VEHICULO_ROBADO VALUES('RPL1923','DAEWOO','PICKUP','1996','BLANCO',NULL,NULL);
INSERT INTO DENUNCIA_ROBO VALUES('E4876684',TO_TIMESTAMP('20-AUG-08 05.30.46.000000 AM','DD-Mon-YY HH12:MI:SS:MS AM'),'TERESA MARISOL PEREZ PEREIRA','SANTA CLARA',TO_TIMESTAMP('15-AUG-08 10.44.47.000000 PM','DD-Mon-YY HH12:MI:SS:MS PM'),'RPL1923','PANTERAS-481');
INSERT INTO VEHICULO_ROBADO VALUES('IRXH929','DODGE','DEPORTIVO','1998','AZUL',NULL,NULL);
INSERT INTO DENUNCIA_ROBO VALUES('V1248402',TO_TIMESTAMP('03-SEP-08 10.42.12.000000 AM','DD-Mon-YY HH12:MI:SS:MS AM'),'JESUS GUILLERMO FERRER TORRES','URB COCHE',TO_TIMESTAMP('02-SEP-08 11.26.21.000000 AM','DD-Mon-YY HH12:MI:SS:MS AM'),'IRXH929','LEONES-273');
INSERT INTO VEHICULO_ROBADO VALUES('SVIMDT9','RENAULT','FURGONETA','2007','GRIS',NULL,NULL);
INSERT INTO DENUNCIA_ROBO VALUES('V6401317',TO_TIMESTAMP('25-AUG-08 10.20.45.000000 AM','DD-Mon-YY HH12:MI:SS:MS AM'),'ESTHER CRISTINA PARRA GALLEGOS','CARMELITAS',TO_TIMESTAMP('24-AUG-08 07.02.35.000000 PM','DD-Mon-YY HH12:MI:SS:MS PM'),'SVIMDT9','OSOS-389');
INSERT INTO VEHICULO_ROBADO VALUES('JE85657','MERCEDES','PICKUP','1993','VIOLETA',NULL,NULL);
INSERT INTO DENUNCIA_ROBO VALUES('E92500288',TO_TIMESTAMP('02-SEP-08 11.12.56.000000 AM','DD-Mon-YY HH12:MI:SS:MS AM'),'FELIPE LEONARDO GOMEZ LOPEZ','BARRIO LA LAGUNITA',TO_TIMESTAMP('27-AUG-08 04.57.55.000000 AM','DD-Mon-YY HH12:MI:SS:MS AM'),'JE85657','AGUILAS-700');
INSERT INTO VEHICULO_ROBADO VALUES('XLWOZ73','PEUGOT','MICRO','1994','AZUL',NULL,NULL);
INSERT INTO DENUNCIA_ROBO VALUES('V58491734',TO_TIMESTAMP('03-AUG-08 12.27.19.000000 AM','DD-Mon-YY HH12:MI:SS:MS AM'),'VICTOR LEONARDO GIRALDEZ ALGARIN','BARRIO BRISAS DE PROPATRIA',TO_TIMESTAMP('31-JUL-08 09.04.04.000000 AM','DD-Mon-YY HH12:MI:SS:MS AM'),'XLWOZ73','TRIGRES-672');
INSERT INTO VEHICULO_ROBADO VALUES('HLV2476','PEUGOT','CAMIONETA','1993','VIOLETA',NULL,NULL);
INSERT INTO DENUNCIA_ROBO VALUES('E40954839',TO_TIMESTAMP('14-SEP-08 09.08.23.000000 AM','DD-Mon-YY HH12:MI:SS:MS AM'),'ROSA MIRIAM FERRER GOMEZ','BARRIO COTIZA',TO_TIMESTAMP('12-SEP-08 08.19.00.000000 AM','DD-Mon-YY HH12:MI:SS:MS AM'),'HLV2476','PANTERAS-623');
INSERT INTO VEHICULO_ROBADO VALUES('YKW5106','MASERATI','PICKUP','1992','PLATA',NULL,NULL);
INSERT INTO DENUNCIA_ROBO VALUES('V67124182',TO_TIMESTAMP('20-AUG-08 08.04.47.000000 AM','DD-Mon-YY HH12:MI:SS:MS AM'),'MARISOL MONICA PEREZ GUERRA','PROPATRIA',TO_TIMESTAMP('16-AUG-08 11.20.07.000000 PM','DD-Mon-YY HH12:MI:SS:MS PM'),'YKW5106','TIBURONES-937');
INSERT INTO VEHICULO_ROBADO VALUES('GEFQP64','AUDI','PICKUP','2004','PLATA',NULL,NULL);
INSERT INTO DENUNCIA_ROBO VALUES('V95273988',TO_TIMESTAMP('10-SEP-08 09.35.42.000000 PM','DD-Mon-YY HH12:MI:SS:MS PM'),'ELENA ANA SOSA TIRADO','BARRIO CAMPO RICO',TO_TIMESTAMP('05-SEP-08 07.54.05.000000 AM','DD-Mon-YY HH12:MI:SS:MS AM'),'GEFQP64','ZORROS-329');
INSERT INTO VEHICULO_ROBADO VALUES('OBUA589','DAEWOO','FURGONETA','1993','BLANCO',NULL,NULL);
INSERT INTO DENUNCIA_ROBO VALUES('E57901449',TO_TIMESTAMP('06-AUG-08 10.58.19.000000 AM','DD-Mon-YY HH12:MI:SS:MS AM'),'EDUARDO LEONARDO TORRES PARRA','URB LAS PALMAS',TO_TIMESTAMP('01-AUG-08 03.42.32.000000 PM','DD-Mon-YY HH12:MI:SS:MS PM'),'OBUA589','ARACNIDOS-749');
INSERT INTO VEHICULO_ROBADO VALUES('VH73161','LEXUS','CAMIONETA','2000','CAFE',NULL,NULL);
INSERT INTO DENUNCIA_ROBO VALUES('V48706582',TO_TIMESTAMP('20-AUG-08 01.56.41.000000 PM','DD-Mon-YY HH12:MI:SS:MS PM'),'CARLOS LEONARDO TIRADO MENDOZA','URB LOS CAOBOS',TO_TIMESTAMP('14-AUG-08 09.59.43.000000 PM','DD-Mon-YY HH12:MI:SS:MS PM'),'VH73161','OSOS-867');
INSERT INTO VEHICULO_ROBADO VALUES('MLCNPM8','SUSUKI','PICKUP','2006','VERDE',NULL,NULL);
INSERT INTO DENUNCIA_ROBO VALUES('E23068939',TO_TIMESTAMP('11-SEP-08 06.35.04.000000 PM','DD-Mon-YY HH12:MI:SS:MS PM'),'TERESA ESTHER PEREZ SOSA','URB ALTA FLORIDA',TO_TIMESTAMP('07-SEP-08 04.33.22.000000 AM','DD-Mon-YY HH12:MI:SS:MS AM'),'MLCNPM8','TIBURONES-794');
INSERT INTO VEHICULO_ROBADO VALUES('NZLPYU1','AUDI','MICRO','1994','VERDE',NULL,NULL);
INSERT INTO DENUNCIA_ROBO VALUES('E20702359',TO_TIMESTAMP('12-AUG-08 04.17.45.000000 PM','DD-Mon-YY HH12:MI:SS:MS PM'),'CARMEN ESTHER PEREIRA MARQUEZ','SANTA ROSA',TO_TIMESTAMP('08-AUG-08 03.25.23.000000 AM','DD-Mon-YY HH12:MI:SS:MS AM'),'NZLPYU1','OSOS-745');
INSERT INTO VEHICULO_ROBADO VALUES('PVKF794','VOLKSWAGEN','CAMIONETA','1994','AZUL',NULL,NULL);
INSERT INTO DENUNCIA_ROBO VALUES('E95488907',TO_TIMESTAMP('09-AUG-08 07.38.36.000000 AM','DD-Mon-YY HH12:MI:SS:MS AM'),'ADRIANA ANGELICA GALLEGOS TIRADO','URB PARQUE CENTRAL',TO_TIMESTAMP('05-AUG-08 04.53.40.000000 PM','DD-Mon-YY HH12:MI:SS:MS PM'),'PVKF794','LEONES-273');
INSERT INTO VEHICULO_ROBADO VALUES('K722689','MAZDA','FURGONETA','1995','NEGRO',NULL,NULL);
INSERT INTO DENUNCIA_ROBO VALUES('V78262356',TO_TIMESTAMP('16-AUG-08 12.42.26.000000 PM','DD-Mon-YY HH12:MI:SS:MS PM'),'ADRIANA ALEJANDRA FERRER GUERRERO','URDANETA',TO_TIMESTAMP('15-AUG-08 04.00.24.000000 AM','DD-Mon-YY HH12:MI:SS:MS AM'),'K722689','ARACNIDOS-904');
INSERT INTO VEHICULO_ROBADO VALUES('YHZ8222','JEEP','PICKUP','2008','PLATA',NULL,NULL);
INSERT INTO DENUNCIA_ROBO VALUES('E91663191',TO_TIMESTAMP('13-AUG-08 11.12.45.000000 PM','DD-Mon-YY HH12:MI:SS:MS PM'),'CARLOS RAFAEL ALGARIN GIRALDEZ','BARRIO LA LAGUNITA',TO_TIMESTAMP('11-AUG-08 06.32.28.000000 PM','DD-Mon-YY HH12:MI:SS:MS PM'),'YHZ8222','ZORROS-329');
INSERT INTO VEHICULO_ROBADO VALUES('PF68292','RENAULT','MICRO','2001','VERDE',NULL,NULL);
INSERT INTO DENUNCIA_ROBO VALUES('E88443311',TO_TIMESTAMP('30-AUG-08 08.43.05.000000 AM','DD-Mon-YY HH12:MI:SS:MS AM'),'ALBERTO FELIPE GALLEGOS LOPEZ','URB EL PARAISO',TO_TIMESTAMP('29-AUG-08 06.33.44.000000 PM','DD-Mon-YY HH12:MI:SS:MS PM'),'PF68292','PANTERAS-456');
INSERT INTO VEHICULO_ROBADO VALUES('VZ27766','VOLKSWAGEN','SEDAN','2007','ROJO',NULL,NULL);
INSERT INTO DENUNCIA_ROBO VALUES('E89382139',TO_TIMESTAMP('05-AUG-08 12.27.56.000000 AM','DD-Mon-YY HH12:MI:SS:MS AM'),'PEDRO BEJAMIN GUERRERO PARRA','URB PARQUE CARABOBO',TO_TIMESTAMP('04-AUG-08 01.58.25.000000 PM','DD-Mon-YY HH12:MI:SS:MS PM'),'VZ27766','TIBURONES-937');
INSERT INTO VEHICULO_ROBADO VALUES('NHVW539','VOLKSWAGEN','PICKUP','1995','AZUL',NULL,NULL);
INSERT INTO DENUNCIA_ROBO VALUES('E40042889',TO_TIMESTAMP('14-AUG-08 07.46.45.000000 AM','DD-Mon-YY HH12:MI:SS:MS AM'),'ANTONIO EMILIO TIRADO MENDOZA','URB COLINAS DE LOS CAOBOS',TO_TIMESTAMP('10-AUG-08 08.15.01.000000 PM','DD-Mon-YY HH12:MI:SS:MS PM'),'NHVW539','TRIGRES-517');
INSERT INTO VEHICULO_ROBADO VALUES('EFUB194','LAND ROVER','DEPORTIVO','2008','VIOLETA',NULL,NULL);
INSERT INTO DENUNCIA_ROBO VALUES('E55830483',TO_TIMESTAMP('01-SEP-08 08.29.39.000000 PM','DD-Mon-YY HH12:MI:SS:MS PM'),'TERESA ANDREINA GARCIA FERNADEZ','BARRIO LA BANDERA',TO_TIMESTAMP('31-AUG-08 01.04.04.000000 PM','DD-Mon-YY HH12:MI:SS:MS PM'),'EFUB194','TIBURONES-218');
INSERT INTO VEHICULO_ROBADO VALUES('HSQQ490','RENAULT','MICRO','2004','NEGRO',NULL,NULL);
INSERT INTO DENUNCIA_ROBO VALUES('E92354389',TO_TIMESTAMP('21-AUG-08 06.27.08.000000 AM','DD-Mon-YY HH12:MI:SS:MS AM'),'EMELY DANIELA TORRES GIRALDEZ','BARRIO JOSE FELIX RIVAS',TO_TIMESTAMP('15-AUG-08 04.31.37.000000 PM','DD-Mon-YY HH12:MI:SS:MS PM'),'HSQQ490','OSOS-686');
INSERT INTO VEHICULO_ROBADO VALUES('BENDNY1','HYUNDAI','MICRO','1998','AZUL',NULL,NULL);
INSERT INTO DENUNCIA_ROBO VALUES('V99871294',TO_TIMESTAMP('11-AUG-08 03.04.20.000000 AM','DD-Mon-YY HH12:MI:SS:MS AM'),'ANTONIO ALBERTO ZAMBRANO GONZALEZ','URB LAS PALMAS',TO_TIMESTAMP('09-AUG-08 11.12.25.000000 PM','DD-Mon-YY HH12:MI:SS:MS PM'),'BENDNY1','PANTERAS-499');
INSERT INTO VEHICULO_ROBADO VALUES('SN56811','TOYOTA','FURGONETA','1999','DORADO',NULL,NULL);
INSERT INTO DENUNCIA_ROBO VALUES('E67286575',TO_TIMESTAMP('02-SEP-08 07.55.31.000000 PM','DD-Mon-YY HH12:MI:SS:MS PM'),'LILIAN ESTHER PARRA ALGARIN','URB BELLO MONTE',TO_TIMESTAMP('30-AUG-08 06.40.47.000000 PM','DD-Mon-YY HH12:MI:SS:MS PM'),'SN56811','TIBURONES-873');
INSERT INTO VEHICULO_ROBADO VALUES('OQI3705','MAZDA','DEPORTIVO','2007','GRIS',NULL,NULL);
INSERT INTO DENUNCIA_ROBO VALUES('E85689477',TO_TIMESTAMP('30-AUG-08 03.08.06.000000 PM','DD-Mon-YY HH12:MI:SS:MS PM'),'GABRIELA CRISTINA PEREIRA FERRER','SANTA CECILIA',TO_TIMESTAMP('26-AUG-08 10.39.19.000000 PM','DD-Mon-YY HH12:MI:SS:MS PM'),'OQI3705','OSOS-577');
INSERT INTO VEHICULO_ROBADO VALUES('UGVGQ59','MITSUBISHI','MICRO','2002','AMARILLO',NULL,NULL);
INSERT INTO DENUNCIA_ROBO VALUES('E8136539',TO_TIMESTAMP('21-AUG-08 02.59.10.000000 PM','DD-Mon-YY HH12:MI:SS:MS PM'),'LEONARDO FELIPE GARCIA PEREZ','BARRIO AGUA AMARILLA',TO_TIMESTAMP('20-AUG-08 12.35.29.000000 PM','DD-Mon-YY HH12:MI:SS:MS PM'),'UGVGQ59','LEONES-136');
INSERT INTO VEHICULO_ROBADO VALUES('RKPXFD2','PORSCHE','CAMIONETA','2008','CAFE',NULL,NULL);
INSERT INTO DENUNCIA_ROBO VALUES('E63964516',TO_TIMESTAMP('16-AUG-08 05.10.12.000000 AM','DD-Mon-YY HH12:MI:SS:MS AM'),'TOMAS ESTEFANO FERRER GARCIA','URB LAS PALMAS',TO_TIMESTAMP('14-AUG-08 01.59.03.000000 AM','DD-Mon-YY HH12:MI:SS:MS AM'),'RKPXFD2','OSOS-783');
INSERT INTO VEHICULO_ROBADO VALUES('QUM1269','CADILLAC','FURGONETA','1998','PLATA',NULL,NULL);
INSERT INTO DENUNCIA_ROBO VALUES('V84869838',TO_TIMESTAMP('29-AUG-08 03.21.43.000000 AM','DD-Mon-YY HH12:MI:SS:MS AM'),'ANGELA CECILIA FERNADEZ MENDOZA','PARROQUIA SANTA TERESA',TO_TIMESTAMP('28-AUG-08 10.29.44.000000 PM','DD-Mon-YY HH12:MI:SS:MS PM'),'QUM1269','OSOS-780');
INSERT INTO VEHICULO_ROBADO VALUES('BQZE958','CHRYSLER','SEDAN','1991','GRIS',NULL,NULL);
INSERT INTO DENUNCIA_ROBO VALUES('E68816407',TO_TIMESTAMP('01-SEP-08 11.00.57.000000 AM','DD-Mon-YY HH12:MI:SS:MS AM'),'VICTOR RICARDO LOPEZ MENDOZA','URB COLINAS DE LOS CHAGUARAMOS',TO_TIMESTAMP('26-AUG-08 12.11.15.000000 PM','DD-Mon-YY HH12:MI:SS:MS PM'),'BQZE958','ARACNIDOS-749');
INSERT INTO VEHICULO_ROBADO VALUES('KJ12878','CHRYSLER','PICKUP','1992','ROJO',NULL,NULL);
INSERT INTO DENUNCIA_ROBO VALUES('V70870372',TO_TIMESTAMP('07-AUG-08 07.58.56.000000 PM','DD-Mon-YY HH12:MI:SS:MS PM'),'LEONARDO TOMAS FERNADEZ ADRIAN','CAFETAL',TO_TIMESTAMP('02-AUG-08 03.24.06.000000 AM','DD-Mon-YY HH12:MI:SS:MS AM'),'KJ12878','OSOS-365');
INSERT INTO VEHICULO_ROBADO VALUES('N502719','CHEVROLET','FURGONETA','1998','GRIS',NULL,NULL);
INSERT INTO DENUNCIA_ROBO VALUES('V75610224',TO_TIMESTAMP('27-AUG-08 08.15.35.000000 PM','DD-Mon-YY HH12:MI:SS:MS PM'),'TERESA EMELY LOPEZ GUERRA','URB LOS CAOBOS',TO_TIMESTAMP('23-AUG-08 03.14.28.000000 AM','DD-Mon-YY HH12:MI:SS:MS AM'),'N502719','TIBURONES-870');
INSERT INTO VEHICULO_ROBADO VALUES('QI78829','SUSUKI','DEPORTIVO','2008','AMARILLO',NULL,NULL);
INSERT INTO DENUNCIA_ROBO VALUES('V24354614',TO_TIMESTAMP('26-AUG-08 05.31.30.000000 PM','DD-Mon-YY HH12:MI:SS:MS PM'),'ALICIA ALEJANDRA MARQUEZ ALGARIN','CARMELITAS',TO_TIMESTAMP('21-AUG-08 06.47.53.000000 AM','DD-Mon-YY HH12:MI:SS:MS AM'),'QI78829','LEONES-729');
INSERT INTO VEHICULO_ROBADO VALUES('BZTDV90','CITROEN','FURGONETA','1996','PLATA',NULL,NULL);
INSERT INTO DENUNCIA_ROBO VALUES('E19049472',TO_TIMESTAMP('02-SEP-08 05.49.11.000000 AM','DD-Mon-YY HH12:MI:SS:MS AM'),'FELIX ALBERTO GARCIA TIRADO','SANTA ROSA',TO_TIMESTAMP('26-AUG-08 01.37.21.000000 PM','DD-Mon-YY HH12:MI:SS:MS PM'),'BZTDV90','OSOS-777');
INSERT INTO VEHICULO_ROBADO VALUES('DVH5290','BMW','MICRO','1992','NARANJA',NULL,NULL);
INSERT INTO DENUNCIA_ROBO VALUES('V56312469',TO_TIMESTAMP('07-AUG-08 07.15.51.000000 AM','DD-Mon-YY HH12:MI:SS:MS AM'),'LILIAN ANGELA GUERRERO LANDAETA','URB COLINAS DE LOS CAOBOS',TO_TIMESTAMP('05-AUG-08 03.10.14.000000 AM','DD-Mon-YY HH12:MI:SS:MS AM'),'DVH5290','OSOS-365');
INSERT INTO VEHICULO_ROBADO VALUES('ZXWBS33','TOYOTA','DEPORTIVO','2006','BLANCO',NULL,NULL);
INSERT INTO DENUNCIA_ROBO VALUES('E76322188',TO_TIMESTAMP('16-AUG-08 04.54.42.000000 AM','DD-Mon-YY HH12:MI:SS:MS AM'),'ANA ANDREINA ZAMBRANO FERRER','QUINTA CRESPO',TO_TIMESTAMP('11-AUG-08 12.17.08.000000 AM','DD-Mon-YY HH12:MI:SS:MS AM'),'ZXWBS33','OSOS-675');
INSERT INTO VEHICULO_ROBADO VALUES('TS96123','CHEVROLET','DEPORTIVO','2003','GRIS',NULL,NULL);
INSERT INTO DENUNCIA_ROBO VALUES('E94306695',TO_TIMESTAMP('03-AUG-08 06.12.36.000000 PM','DD-Mon-YY HH12:MI:SS:MS PM'),'ESTEFANO JESUS GUERRERO GIRALDEZ','URB COLINAS DE LOS CHAGUARAMOS',TO_TIMESTAMP('01-AUG-08 02.32.28.000000 PM','DD-Mon-YY HH12:MI:SS:MS PM'),'TS96123','OSOS-745');
INSERT INTO VEHICULO_ROBADO VALUES('CULMIH1','DAEWOO','MICRO','2002','CAFE',NULL,NULL);
INSERT INTO DENUNCIA_ROBO VALUES('V51032108',TO_TIMESTAMP('07-AUG-08 06.47.43.000000 AM','DD-Mon-YY HH12:MI:SS:MS AM'),'ISMAEL RAFAEL GUERRERO FERRER','BARRIO CORTADA DE CATIA',TO_TIMESTAMP('31-JUL-08 06.43.37.000000 PM','DD-Mon-YY HH12:MI:SS:MS PM'),'CULMIH1','LEONES-273');
INSERT INTO VEHICULO_ROBADO VALUES('PBNMJ33','DODGE','DEPORTIVO','1991','DORADO',NULL,NULL);
INSERT INTO DENUNCIA_ROBO VALUES('E59430694',TO_TIMESTAMP('31-AUG-08 06.41.51.000000 PM','DD-Mon-YY HH12:MI:SS:MS PM'),'DAVID BEJAMIN FERNADEZ GOMEZ','URB LAS PALMAS',TO_TIMESTAMP('31-AUG-08 05.18.35.000000 PM','DD-Mon-YY HH12:MI:SS:MS PM'),'PBNMJ33','ARACNIDOS-378');
INSERT INTO VEHICULO_ROBADO VALUES('JFQXR25','CITROEN','CAMIONETA','2005','AMARILLO',NULL,NULL);
INSERT INTO DENUNCIA_ROBO VALUES('V42034759',TO_TIMESTAMP('18-AUG-08 07.05.37.000000 PM','DD-Mon-YY HH12:MI:SS:MS PM'),'FELIX EMILIO ZAMBRANO LOPEZ','BARRIO ANAUCO',TO_TIMESTAMP('14-AUG-08 06.07.45.000000 AM','DD-Mon-YY HH12:MI:SS:MS AM'),'JFQXR25','PANTERAS-319');
INSERT INTO VEHICULO_ROBADO VALUES('NBARJ33','NISSAN','DEPORTIVO','1997','NEGRO',NULL,NULL);
INSERT INTO DENUNCIA_ROBO VALUES('V97229297',TO_TIMESTAMP('10-SEP-08 10.32.06.000000 AM','DD-Mon-YY HH12:MI:SS:MS AM'),'TOMAS JOSE FERRER GALLEGOS','URB MONTALBAN',TO_TIMESTAMP('07-SEP-08 11.52.31.000000 PM','DD-Mon-YY HH12:MI:SS:MS PM'),'NBARJ33','OSOS-529');
INSERT INTO VEHICULO_ROBADO VALUES('QYF9979','SEAT','MICRO','1995','AMARILLO',NULL,NULL);
INSERT INTO DENUNCIA_ROBO VALUES('V74782453',TO_TIMESTAMP('05-SEP-08 05.17.55.000000 PM','DD-Mon-YY HH12:MI:SS:MS PM'),'MARIA ANDREINA GIRALDEZ SOSA','BARRIO BRISAS DE PROPATRIA',TO_TIMESTAMP('02-SEP-08 09.18.53.000000 AM','DD-Mon-YY HH12:MI:SS:MS AM'),'QYF9979','LEONES-136');
INSERT INTO VEHICULO_ROBADO VALUES('PG56121','LEXUS','PICKUP','1996','DORADO',NULL,NULL);
INSERT INTO DENUNCIA_ROBO VALUES('E62355389',TO_TIMESTAMP('12-AUG-08 08.34.34.000000 PM','DD-Mon-YY HH12:MI:SS:MS PM'),'JOSE VICTOR ALGARIN GONZALEZ','BARRIO CAMPO RICO',TO_TIMESTAMP('07-AUG-08 05.51.28.000000 PM','DD-Mon-YY HH12:MI:SS:MS PM'),'PG56121','AGUILAS-700');
INSERT INTO VEHICULO_ROBADO VALUES('W396470','PORSCHE','SEDAN','2002','AZUL',NULL,NULL);
INSERT INTO DENUNCIA_ROBO VALUES('E81728662',TO_TIMESTAMP('11-SEP-08 05.05.03.000000 AM','DD-Mon-YY HH12:MI:SS:MS AM'),'DAVID CHRISTIAN ALGARIN MARQUEZ','URB EL PARAISO',TO_TIMESTAMP('07-SEP-08 07.40.12.000000 AM','DD-Mon-YY HH12:MI:SS:MS AM'),'W396470','ZORROS-955');
INSERT INTO VEHICULO_ROBADO VALUES('H909987','CADILLAC','FURGONETA','1995','DORADO',NULL,NULL);
INSERT INTO DENUNCIA_ROBO VALUES('E26361886',TO_TIMESTAMP('07-SEP-08 08.14.56.000000 PM','DD-Mon-YY HH12:MI:SS:MS PM'),'GABRIELA ANA ZAMBRANO FERNADEZ','CARICUAO',TO_TIMESTAMP('05-SEP-08 06.47.37.000000 PM','DD-Mon-YY HH12:MI:SS:MS PM'),'H909987','ZORROS-954');
INSERT INTO VEHICULO_ROBADO VALUES('E524547','ALFA ROMEO','SEDAN','1999','ROJO',NULL,NULL);
INSERT INTO DENUNCIA_ROBO VALUES('V30568449',TO_TIMESTAMP('30-AUG-08 09.46.24.000000 PM','DD-Mon-YY HH12:MI:SS:MS PM'),'EMILIO TOMAS SOSA CASTILLO','BARRIO LAS MAYAS',TO_TIMESTAMP('27-AUG-08 03.48.48.000000 AM','DD-Mon-YY HH12:MI:SS:MS AM'),'E524547','LEONES-728');
INSERT INTO VEHICULO_ROBADO VALUES('DMC2932','MERCEDES','FURGONETA','2002','NARANJA',NULL,NULL);
INSERT INTO DENUNCIA_ROBO VALUES('E58522179',TO_TIMESTAMP('18-AUG-08 09.14.04.000000 PM','DD-Mon-YY HH12:MI:SS:MS PM'),'TERESA CAROLINA ADRIAN FERRER','URB PARQUE CARABOBO',TO_TIMESTAMP('12-AUG-08 03.20.28.000000 PM','DD-Mon-YY HH12:MI:SS:MS PM'),'DMC2932','LEONES-728');
INSERT INTO VEHICULO_ROBADO VALUES('DR37788','DAEWOO','DEPORTIVO','2000','NARANJA',NULL,NULL);
INSERT INTO DENUNCIA_ROBO VALUES('E89354685',TO_TIMESTAMP('05-SEP-08 07.42.12.000000 PM','DD-Mon-YY HH12:MI:SS:MS PM'),'LILIAN ROSA GIRALDEZ TORRES','BARRIO JOSE FELIX RIVAS',TO_TIMESTAMP('31-AUG-08 11.12.35.000000 AM','DD-Mon-YY HH12:MI:SS:MS AM'),'DR37788','ARACNIDOS-171');
INSERT INTO VEHICULO_ROBADO VALUES('OAGCRW2','MASERATI','DEPORTIVO','1990','AZUL',NULL,NULL);
INSERT INTO DENUNCIA_ROBO VALUES('V55067333',TO_TIMESTAMP('16-SEP-08 05.02.28.000000 PM','DD-Mon-YY HH12:MI:SS:MS PM'),'DANIELA ROSA PEREZ ALGARIN','BARUTA',TO_TIMESTAMP('12-SEP-08 03.53.26.000000 PM','DD-Mon-YY HH12:MI:SS:MS PM'),'OAGCRW2','ARACNIDOS-749');
INSERT INTO VEHICULO_ROBADO VALUES('FIVX110','PEUGOT','PICKUP','1995','GRIS',NULL,NULL);
INSERT INTO DENUNCIA_ROBO VALUES('V2727625',TO_TIMESTAMP('03-SEP-08 11.49.16.000000 PM','DD-Mon-YY HH12:MI:SS:MS PM'),'VICTOR LEONARDO LANDAETA GALLEGOS','URB PARQUE CARABOBO',TO_TIMESTAMP('02-SEP-08 11.36.10.000000 PM','DD-Mon-YY HH12:MI:SS:MS PM'),'FIVX110','LEONES-798');
INSERT INTO VEHICULO_ROBADO VALUES('DNIIC42','TOYOTA','FURGONETA','2008','ROJO',NULL,NULL);
INSERT INTO DENUNCIA_ROBO VALUES('V12091178',TO_TIMESTAMP('12-AUG-08 03.39.41.000000 AM','DD-Mon-YY HH12:MI:SS:MS AM'),'ELENA MONICA CASTILLO GUERRA','BARRIO LAS MAYAS',TO_TIMESTAMP('06-AUG-08 11.22.47.000000 AM','DD-Mon-YY HH12:MI:SS:MS AM'),'DNIIC42','PANTERAS-744');
INSERT INTO VEHICULO_ROBADO VALUES('WE56333','SUSUKI','FURGONETA','2004','VERDE',NULL,NULL);
INSERT INTO DENUNCIA_ROBO VALUES('V35915581',TO_TIMESTAMP('04-SEP-08 11.59.40.000000 PM','DD-Mon-YY HH12:MI:SS:MS PM'),'LILIAN ALEJANDRA FERRER TORRES','URB MARIPEREZ',TO_TIMESTAMP('29-AUG-08 04.26.42.000000 AM','DD-Mon-YY HH12:MI:SS:MS AM'),'WE56333','OSOS-134');
INSERT INTO VEHICULO_ROBADO VALUES('KS15841','LEXUS','MICRO','2006','VIOLETA',NULL,NULL);
INSERT INTO DENUNCIA_ROBO VALUES('E29733190',TO_TIMESTAMP('12-SEP-08 09.35.12.000000 AM','DD-Mon-YY HH12:MI:SS:MS AM'),'ALEJANDRA CRISTINA GARCIA FERNADEZ','URB COCHE',TO_TIMESTAMP('11-SEP-08 12.40.13.000000 AM','DD-Mon-YY HH12:MI:SS:MS AM'),'KS15841','OSOS-773');
INSERT INTO VEHICULO_ROBADO VALUES('PG48917','MAZDA','MICRO','1995','VERDE',NULL,NULL);
INSERT INTO DENUNCIA_ROBO VALUES('V14458081',TO_TIMESTAMP('24-AUG-08 01.33.10.000000 PM','DD-Mon-YY HH12:MI:SS:MS PM'),'EMILIO VICTOR CASTILLO GUERRERO','BARRIO LA DOLORITA',TO_TIMESTAMP('18-AUG-08 06.45.31.000000 PM','DD-Mon-YY HH12:MI:SS:MS PM'),'PG48917','ARACNIDOS-378');
INSERT INTO VEHICULO_ROBADO VALUES('KNCMD99','RENAULT','PICKUP','2000','GRIS',NULL,NULL);
INSERT INTO DENUNCIA_ROBO VALUES('V87596691',TO_TIMESTAMP('17-AUG-08 04.59.02.000000 AM','DD-Mon-YY HH12:MI:SS:MS AM'),'CECILIA ELENA GONZALEZ GUERRA','PEREZ BONALDE',TO_TIMESTAMP('15-AUG-08 07.11.06.000000 PM','DD-Mon-YY HH12:MI:SS:MS PM'),'KNCMD99','PANTERAS-825');
INSERT INTO VEHICULO_ROBADO VALUES('DE34103','JEEP','FURGONETA','1997','VERDE',NULL,NULL);
INSERT INTO DENUNCIA_ROBO VALUES('V16213073',TO_TIMESTAMP('16-SEP-08 05.05.40.000000 PM','DD-Mon-YY HH12:MI:SS:MS PM'),'EDUARDO GUILLERMO PARRA ZAMBRANO','BARRIO EL TRIANGULO LA VEGA',TO_TIMESTAMP('10-SEP-08 08.43.42.000000 AM','DD-Mon-YY HH12:MI:SS:MS AM'),'DE34103','ARACNIDOS-446');
INSERT INTO VEHICULO_ROBADO VALUES('DMF1129','MAZDA','FURGONETA','2007','VIOLETA',NULL,NULL);
INSERT INTO DENUNCIA_ROBO VALUES('V28871704',TO_TIMESTAMP('06-AUG-08 11.29.34.000000 AM','DD-Mon-YY HH12:MI:SS:MS AM'),'MONICA ESTHER FERRER GOMEZ','PROPATRIA',TO_TIMESTAMP('31-JUL-08 11.38.14.000000 PM','DD-Mon-YY HH12:MI:SS:MS PM'),'DMF1129','LEONES-632');
INSERT INTO VEHICULO_ROBADO VALUES('AEVKB40','MERCEDES','PICKUP','2005','AZUL',NULL,NULL);
INSERT INTO DENUNCIA_ROBO VALUES('V66729707',TO_TIMESTAMP('16-AUG-08 04.21.53.000000 PM','DD-Mon-YY HH12:MI:SS:MS PM'),'JOSE LUIS GALLEGOS LANDAETA','PEREZ BONALDE',TO_TIMESTAMP('10-AUG-08 12.06.34.000000 PM','DD-Mon-YY HH12:MI:SS:MS PM'),'AEVKB40','OSOS-134');
INSERT INTO VEHICULO_ROBADO VALUES('KKGD578','MASERATI','FURGONETA','2009','NARANJA',NULL,NULL);
INSERT INTO DENUNCIA_ROBO VALUES('E84598159',TO_TIMESTAMP('12-SEP-08 09.52.36.000000 AM','DD-Mon-YY HH12:MI:SS:MS AM'),'FELIPE BEJAMIN ADRIAN PEREZ','SANTA ROSA',TO_TIMESTAMP('09-SEP-08 11.51.20.000000 AM','DD-Mon-YY HH12:MI:SS:MS AM'),'KKGD578','PANTERAS-456');
INSERT INTO VEHICULO_ROBADO VALUES('CWCDHB8','BMW','SEDAN','2001','ROJO',NULL,NULL);
INSERT INTO DENUNCIA_ROBO VALUES('E45117246',TO_TIMESTAMP('23-AUG-08 06.09.25.000000 PM','DD-Mon-YY HH12:MI:SS:MS PM'),'TERESA ANDREINA ADRIAN LOPEZ','URB ALTA FLORIDA',TO_TIMESTAMP('18-AUG-08 09.38.02.000000 PM','DD-Mon-YY HH12:MI:SS:MS PM'),'CWCDHB8','ZORROS-775');
INSERT INTO VEHICULO_ROBADO VALUES('NZPDLF8','SUSUKI','PICKUP','2001','DORADO',NULL,NULL);
INSERT INTO DENUNCIA_ROBO VALUES('E47897093',TO_TIMESTAMP('26-AUG-08 08.34.17.000000 AM','DD-Mon-YY HH12:MI:SS:MS AM'),'PEDRO EMILIO FERNADEZ GALLEGOS','BARRIO ANDRES BELLO',TO_TIMESTAMP('22-AUG-08 01.08.16.000000 PM','DD-Mon-YY HH12:MI:SS:MS PM'),'NZPDLF8','OSOS-401');
INSERT INTO VEHICULO_ROBADO VALUES('DFH4562','PORSCHE','SEDAN','2004','AZUL',NULL,NULL);
INSERT INTO DENUNCIA_ROBO VALUES('E3600943',TO_TIMESTAMP('15-SEP-08 09.56.28.000000 PM','DD-Mon-YY HH12:MI:SS:MS PM'),'CARMEN ANGELICA ZAMBRANO FERNADEZ','VALLE ALTO',TO_TIMESTAMP('13-SEP-08 06.57.59.000000 AM','DD-Mon-YY HH12:MI:SS:MS AM'),'DFH4562','OSOS-719');
INSERT INTO VEHICULO_ROBADO VALUES('MDPPNW4','MAZDA','MICRO','1998','CAFE',NULL,NULL);
INSERT INTO DENUNCIA_ROBO VALUES('E83390241',TO_TIMESTAMP('07-AUG-08 02.28.41.000000 PM','DD-Mon-YY HH12:MI:SS:MS PM'),'FELIX LEONARDO ALGARIN LANDAETA','BARRIO ANAUCO',TO_TIMESTAMP('07-AUG-08 10.14.18.000000 AM','DD-Mon-YY HH12:MI:SS:MS AM'),'MDPPNW4','ZORROS-329');
INSERT INTO VEHICULO_ROBADO VALUES('LADT113','CADILLAC','MICRO','2005','CAFE',NULL,NULL);
INSERT INTO DENUNCIA_ROBO VALUES('E96880309',TO_TIMESTAMP('19-AUG-08 06.48.09.000000 PM','DD-Mon-YY HH12:MI:SS:MS PM'),'LUIS ADOLFO CASTILLO GUERRA','URB LOS CAMPITOS',TO_TIMESTAMP('16-AUG-08 03.32.23.000000 AM','DD-Mon-YY HH12:MI:SS:MS AM'),'LADT113','OSOS-771');
INSERT INTO VEHICULO_ROBADO VALUES('QWGK357','CHEVROLET','FURGONETA','2002','VERDE',NULL,NULL);
INSERT INTO DENUNCIA_ROBO VALUES('V12631754',TO_TIMESTAMP('18-AUG-08 01.26.45.000000 AM','DD-Mon-YY HH12:MI:SS:MS AM'),'TOMAS LEONARDO FERRER GALLEGOS','SANTA CECILIA',TO_TIMESTAMP('15-AUG-08 07.06.22.000000 AM','DD-Mon-YY HH12:MI:SS:MS AM'),'QWGK357','ARACNIDOS-167');
INSERT INTO VEHICULO_ROBADO VALUES('TRTLT62','HONDA','PICKUP','1995','ROJO',NULL,NULL);
INSERT INTO DENUNCIA_ROBO VALUES('E73785574',TO_TIMESTAMP('10-AUG-08 12.23.47.000000 PM','DD-Mon-YY HH12:MI:SS:MS PM'),'LEONARDO VICTOR GONZALEZ ADRIAN','PLAZA VENEZUELA',TO_TIMESTAMP('09-AUG-08 05.52.38.000000 PM','DD-Mon-YY HH12:MI:SS:MS PM'),'TRTLT62','PANTERAS-456');
INSERT INTO VEHICULO_ROBADO VALUES('BDC5101','TOYOTA','PICKUP','1996','AMARILLO',NULL,NULL);
INSERT INTO DENUNCIA_ROBO VALUES('E33013195',TO_TIMESTAMP('05-AUG-08 03.51.30.000000 AM','DD-Mon-YY HH12:MI:SS:MS AM'),'LILIAN VICTORIA GALLEGOS CASTILLO','URB LOS CEDROS',TO_TIMESTAMP('04-AUG-08 02.34.31.000000 AM','DD-Mon-YY HH12:MI:SS:MS AM'),'BDC5101','AGUILAS-647');
INSERT INTO VEHICULO_ROBADO VALUES('JHFDIG9','MASERATI','MICRO','2006','NARANJA',NULL,NULL);
INSERT INTO DENUNCIA_ROBO VALUES('E34809966',TO_TIMESTAMP('11-SEP-08 04.37.01.000000 AM','DD-Mon-YY HH12:MI:SS:MS AM'),'VICTORIA MIRIAM FERNADEZ GARCIA','VALLE ABAJO',TO_TIMESTAMP('09-SEP-08 12.40.50.000000 PM','DD-Mon-YY HH12:MI:SS:MS PM'),'JHFDIG9','AGUILAS-117');
INSERT INTO VEHICULO_ROBADO VALUES('XG79069','FORD','DEPORTIVO','2005','DORADO',NULL,NULL);
INSERT INTO DENUNCIA_ROBO VALUES('E63063131',TO_TIMESTAMP('04-SEP-08 08.56.12.000000 PM','DD-Mon-YY HH12:MI:SS:MS PM'),'FELIPE ALBERTO GIRALDEZ GUERRA','BARRIO ANDRES BELLO',TO_TIMESTAMP('29-AUG-08 11.42.49.000000 AM','DD-Mon-YY HH12:MI:SS:MS AM'),'XG79069','OSOS-771');
INSERT INTO VEHICULO_ROBADO VALUES('LXSVW90','VOLKSWAGEN','FURGONETA','1994','AZUL',NULL,NULL);
INSERT INTO DENUNCIA_ROBO VALUES('E95668344',TO_TIMESTAMP('08-AUG-08 04.29.19.000000 PM','DD-Mon-YY HH12:MI:SS:MS PM'),'MARISOL ALICIA MENDOZA PEREZ','BARRIO ALBERTO RAVELL',TO_TIMESTAMP('05-AUG-08 03.37.21.000000 PM','DD-Mon-YY HH12:MI:SS:MS PM'),'LXSVW90','ZORROS-426');
INSERT INTO VEHICULO_ROBADO VALUES('DDQ4288','LAND ROVER','CAMIONETA','1991','NARANJA',NULL,NULL);
INSERT INTO DENUNCIA_ROBO VALUES('V79272505',TO_TIMESTAMP('06-AUG-08 02.04.33.000000 AM','DD-Mon-YY HH12:MI:SS:MS AM'),'LILIAN ANGELA GUERRA PEREZ','URB COLINAS DE LOS CAOBOS',TO_TIMESTAMP('04-AUG-08 12.38.17.000000 PM','DD-Mon-YY HH12:MI:SS:MS PM'),'DDQ4288','TIBURONES-224');
INSERT INTO VEHICULO_ROBADO VALUES('CRSD313','NISSAN','SEDAN','2001','BLANCO',NULL,NULL);
INSERT INTO DENUNCIA_ROBO VALUES('V18168211',TO_TIMESTAMP('05-AUG-08 03.21.28.000000 AM','DD-Mon-YY HH12:MI:SS:MS AM'),'PEDRO ADOLFO GARCIA LANDAETA','BARRIO BRISAS DE PETARE',TO_TIMESTAMP('30-JUL-08 10.30.24.000000 PM','DD-Mon-YY HH12:MI:SS:MS PM'),'CRSD313','OSOS-182');
INSERT INTO VEHICULO_ROBADO VALUES('MAB2183','PORSCHE','DEPORTIVO','1995','VIOLETA',NULL,NULL);
INSERT INTO DENUNCIA_ROBO VALUES('V29293889',TO_TIMESTAMP('28-AUG-08 09.12.16.000000 PM','DD-Mon-YY HH12:MI:SS:MS PM'),'ADRIANA ELENA TIRADO TORRES','URB COCHE',TO_TIMESTAMP('22-AUG-08 03.33.30.000000 AM','DD-Mon-YY HH12:MI:SS:MS AM'),'MAB2183','OSOS-340');
INSERT INTO VEHICULO_ROBADO VALUES('JPLF348','FIAT','FURGONETA','1991','NEGRO',NULL,NULL);
INSERT INTO DENUNCIA_ROBO VALUES('V36116211',TO_TIMESTAMP('21-AUG-08 12.45.31.000000 PM','DD-Mon-YY HH12:MI:SS:MS PM'),'ANA VICTORIA ZAMBRANO GIRALDEZ','PARROQUIA SANTA TERESA',TO_TIMESTAMP('20-AUG-08 09.22.02.000000 PM','DD-Mon-YY HH12:MI:SS:MS PM'),'JPLF348','ZORROS-954');
INSERT INTO VEHICULO_ROBADO VALUES('DT72547','LAND ROVER','MICRO','1993','NARANJA',NULL,NULL);
INSERT INTO DENUNCIA_ROBO VALUES('E22460508',TO_TIMESTAMP('03-AUG-08 09.44.57.000000 PM','DD-Mon-YY HH12:MI:SS:MS PM'),'ESTEFANO VICTOR PEREZ ALGARIN','BARRIO AGUACATICO',TO_TIMESTAMP('01-AUG-08 06.01.06.000000 AM','DD-Mon-YY HH12:MI:SS:MS AM'),'DT72547','OSOS-771');
INSERT INTO VEHICULO_ROBADO VALUES('GJBC609','SUSUKI','PICKUP','1993','VERDE',NULL,NULL);
INSERT INTO DENUNCIA_ROBO VALUES('V85070819',TO_TIMESTAMP('13-SEP-08 02.33.10.000000 PM','DD-Mon-YY HH12:MI:SS:MS PM'),'RAFAEL FELIX MARQUEZ GARCIA','PLAZA VENEZUELA',TO_TIMESTAMP('11-SEP-08 03.17.09.000000 PM','DD-Mon-YY HH12:MI:SS:MS PM'),'GJBC609','ARACNIDOS-171');
INSERT INTO VEHICULO_ROBADO VALUES('Y192750','PEUGOT','MICRO','2003','BLANCO',NULL,NULL);
INSERT INTO DENUNCIA_ROBO VALUES('V98401257',TO_TIMESTAMP('03-SEP-08 02.51.18.000000 AM','DD-Mon-YY HH12:MI:SS:MS AM'),'MIRIAM ANGELICA FERRER GUERRERO','BARRIO CENTRO ITALO',TO_TIMESTAMP('29-AUG-08 07.14.41.000000 PM','DD-Mon-YY HH12:MI:SS:MS PM'),'Y192750','PANTERAS-744');
INSERT INTO VEHICULO_ROBADO VALUES('I746504','ALFA ROMEO','FURGONETA','2003','ROJO',NULL,NULL);
INSERT INTO DENUNCIA_ROBO VALUES('V31590476',TO_TIMESTAMP('28-AUG-08 07.24.02.000000 PM','DD-Mon-YY HH12:MI:SS:MS PM'),'DAVID LEONARDO ADRIAN LANDAETA','BARRIO AGUACATICO',TO_TIMESTAMP('28-AUG-08 01.35.03.000000 AM','DD-Mon-YY HH12:MI:SS:MS AM'),'I746504','OSOS-524');
INSERT INTO VEHICULO_ROBADO VALUES('YKYKUZ1','SUSUKI','FURGONETA','2008','VERDE',NULL,NULL);
INSERT INTO DENUNCIA_ROBO VALUES('E91227316',TO_TIMESTAMP('06-SEP-08 12.57.54.000000 AM','DD-Mon-YY HH12:MI:SS:MS AM'),'GUILLERMO TOMAS MENDOZA FERRER','URB PARQUE CARABOBO',TO_TIMESTAMP('02-SEP-08 09.31.28.000000 PM','DD-Mon-YY HH12:MI:SS:MS PM'),'YKYKUZ1','OSOS-844');
INSERT INTO VEHICULO_ROBADO VALUES('HZT9752','CHEVROLET','PICKUP','2006','AZUL',NULL,NULL);
INSERT INTO DENUNCIA_ROBO VALUES('E60356671',TO_TIMESTAMP('30-AUG-08 06.31.21.000000 AM','DD-Mon-YY HH12:MI:SS:MS AM'),'ALBERTO DAVID LANDAETA TORRES','CANDELARIA',TO_TIMESTAMP('27-AUG-08 07.55.47.000000 PM','DD-Mon-YY HH12:MI:SS:MS PM'),'HZT9752','ZORROS-775');
INSERT INTO VEHICULO_ROBADO VALUES('DEP7306','CHRYSLER','MICRO','1998','VERDE',NULL,NULL);
INSERT INTO DENUNCIA_ROBO VALUES('E83239733',TO_TIMESTAMP('30-AUG-08 01.30.35.000000 PM','DD-Mon-YY HH12:MI:SS:MS PM'),'ROSA MONICA LOPEZ TORRES','CAFETAL',TO_TIMESTAMP('23-AUG-08 01.48.00.000000 PM','DD-Mon-YY HH12:MI:SS:MS PM'),'DEP7306','TIBURONES-873');
INSERT INTO VEHICULO_ROBADO VALUES('STWQC94','MAZDA','SEDAN','2003','NARANJA',NULL,NULL);
INSERT INTO DENUNCIA_ROBO VALUES('E33643382',TO_TIMESTAMP('10-AUG-08 08.30.45.000000 PM','DD-Mon-YY HH12:MI:SS:MS PM'),'ANA ELENA GUERRERO FERNADEZ','BARRIO CANIO AMARILLO',TO_TIMESTAMP('09-AUG-08 10.37.29.000000 PM','DD-Mon-YY HH12:MI:SS:MS PM'),'STWQC94','TIBURONES-843');
INSERT INTO VEHICULO_ROBADO VALUES('OGI5695','CITROEN','MICRO','1995','VIOLETA',NULL,NULL);
INSERT INTO DENUNCIA_ROBO VALUES('V42353000',TO_TIMESTAMP('07-SEP-08 08.25.12.000000 AM','DD-Mon-YY HH12:MI:SS:MS AM'),'CRISTINA ANGELA CASTILLO PEREIRA','URB LOS CEDROS',TO_TIMESTAMP('03-SEP-08 01.06.24.000000 AM','DD-Mon-YY HH12:MI:SS:MS AM'),'OGI5695','OSOS-870');
INSERT INTO VEHICULO_ROBADO VALUES('QDOO989','HONDA','SEDAN','1995','BLANCO',NULL,NULL);
INSERT INTO DENUNCIA_ROBO VALUES('V1523771',TO_TIMESTAMP('06-AUG-08 08.52.52.000000 PM','DD-Mon-YY HH12:MI:SS:MS PM'),'PEDRO ALBERTO LANDAETA ZAMBRANO','BARUTA',TO_TIMESTAMP('02-AUG-08 02.00.56.000000 PM','DD-Mon-YY HH12:MI:SS:MS PM'),'QDOO989','AGUILAS-932');
INSERT INTO VEHICULO_ROBADO VALUES('ZF42205','SUSUKI','FURGONETA','1999','GRIS',NULL,NULL);
INSERT INTO DENUNCIA_ROBO VALUES('V79653683',TO_TIMESTAMP('04-AUG-08 03.25.21.000000 AM','DD-Mon-YY HH12:MI:SS:MS AM'),'EDUARDO RICARDO FERRER PEREIRA','SANTA CECILIA',TO_TIMESTAMP('31-JUL-08 04.38.25.000000 PM','DD-Mon-YY HH12:MI:SS:MS PM'),'ZF42205','LEONES-273');
INSERT INTO VEHICULO_ROBADO VALUES('J998847','JEEP','CAMIONETA','2001','PLATA',NULL,NULL);
INSERT INTO DENUNCIA_ROBO VALUES('E20736725',TO_TIMESTAMP('01-SEP-08 03.30.41.000000 PM','DD-Mon-YY HH12:MI:SS:MS PM'),'ANGELICA MIRIAM GUERRERO PEREZ','BARRIO LAS MAYAS',TO_TIMESTAMP('25-AUG-08 06.21.00.000000 PM','DD-Mon-YY HH12:MI:SS:MS PM'),'J998847','TIBURONES-999');
INSERT INTO VEHICULO_ROBADO VALUES('KVML409','CHEVROLET','FURGONETA','1994','AZUL',NULL,NULL);
INSERT INTO DENUNCIA_ROBO VALUES('V46225504',TO_TIMESTAMP('19-AUG-08 11.07.58.000000 PM','DD-Mon-YY HH12:MI:SS:MS PM'),'ESTHER CRISTINA CASTILLO MENDOZA','BARRIO ALBERTO RAVELL',TO_TIMESTAMP('17-AUG-08 08.43.42.000000 AM','DD-Mon-YY HH12:MI:SS:MS AM'),'KVML409','LEONES-560');
INSERT INTO VEHICULO_ROBADO VALUES('YF24039','MAZDA','DEPORTIVO','1993','GRIS',NULL,NULL);
INSERT INTO DENUNCIA_ROBO VALUES('V64208694',TO_TIMESTAMP('15-SEP-08 05.38.12.000000 AM','DD-Mon-YY HH12:MI:SS:MS AM'),'LEONARDO ANTONIO GOMEZ PARRA','BARRIO COTIZA',TO_TIMESTAMP('12-SEP-08 01.16.25.000000 PM','DD-Mon-YY HH12:MI:SS:MS PM'),'YF24039','AGUILAS-932');
INSERT INTO VEHICULO_ROBADO VALUES('YSB7708','MASERATI','PICKUP','1999','CAFE',NULL,NULL);
INSERT INTO DENUNCIA_ROBO VALUES('E33144085',TO_TIMESTAMP('28-AUG-08 03.01.42.000000 AM','DD-Mon-YY HH12:MI:SS:MS AM'),'MIRIAM EMELY PEREZ GUERRERO','BARRIO BRISAS DEL PARAISO',TO_TIMESTAMP('27-AUG-08 07.04.10.000000 AM','DD-Mon-YY HH12:MI:SS:MS AM'),'YSB7708','ZORROS-426');
INSERT INTO VEHICULO_ROBADO VALUES('RHLJVK1','HYUNDAI','MICRO','1996','VERDE',NULL,NULL);
INSERT INTO DENUNCIA_ROBO VALUES('E70511223',TO_TIMESTAMP('29-AUG-08 10.12.30.000000 AM','DD-Mon-YY HH12:MI:SS:MS AM'),'ANTONIO ADOLFO PEREIRA PEREZ','SARRIA',TO_TIMESTAMP('26-AUG-08 03.11.29.000000 PM','DD-Mon-YY HH12:MI:SS:MS PM'),'RHLJVK1','OSOS-844');
INSERT INTO VEHICULO_ROBADO VALUES('CK65826','ALFA ROMEO','MICRO','2002','GRIS',NULL,NULL);
INSERT INTO DENUNCIA_ROBO VALUES('E1364336',TO_TIMESTAMP('12-SEP-08 03.46.41.000000 PM','DD-Mon-YY HH12:MI:SS:MS PM'),'ESTEFANO EDUARDO FERNADEZ GUERRERO','BARRIO CARAPITA',TO_TIMESTAMP('12-SEP-08 05.11.38.000000 AM','DD-Mon-YY HH12:MI:SS:MS AM'),'CK65826','TIBURONES-870');
INSERT INTO VEHICULO_ROBADO VALUES('RAB2707','MASERATI','MICRO','1998','NARANJA',NULL,NULL);
INSERT INTO DENUNCIA_ROBO VALUES('E37124744',TO_TIMESTAMP('10-AUG-08 10.23.52.000000 AM','DD-Mon-YY HH12:MI:SS:MS AM'),'FELIX JOSE GIRALDEZ TORRES','URB MARIPEREZ',TO_TIMESTAMP('09-AUG-08 03.37.34.000000 AM','DD-Mon-YY HH12:MI:SS:MS AM'),'RAB2707','ZORROS-663');
INSERT INTO VEHICULO_ROBADO VALUES('OXYDV30','CHRYSLER','FURGONETA','2000','DORADO',NULL,NULL);
INSERT INTO DENUNCIA_ROBO VALUES('V88409108',TO_TIMESTAMP('15-AUG-08 02.11.30.000000 PM','DD-Mon-YY HH12:MI:SS:MS PM'),'ISMAEL JONATHAN TIRADO GUERRERO','SIMON RODRIGUEZ',TO_TIMESTAMP('13-AUG-08 09.37.11.000000 PM','DD-Mon-YY HH12:MI:SS:MS PM'),'OXYDV30','LEONES-927');
INSERT INTO VEHICULO_ROBADO VALUES('IIUK102','CITROEN','PICKUP','2001','NEGRO',NULL,NULL);
INSERT INTO DENUNCIA_ROBO VALUES('E5275046',TO_TIMESTAMP('01-AUG-08 06.43.03.000000 AM','DD-Mon-YY HH12:MI:SS:MS AM'),'ANDREINA CARMEN FERRER MENDOZA','URDANETA',TO_TIMESTAMP('30-JUL-08 10.32.21.000000 PM','DD-Mon-YY HH12:MI:SS:MS PM'),'IIUK102','TIBURONES-138');
INSERT INTO VEHICULO_ROBADO VALUES('DN63395','HYUNDAI','DEPORTIVO','1997','NARANJA',NULL,NULL);
INSERT INTO DENUNCIA_ROBO VALUES('E43870657',TO_TIMESTAMP('10-AUG-08 01.34.24.000000 PM','DD-Mon-YY HH12:MI:SS:MS PM'),'DAVID BEJAMIN PEREIRA LANDAETA','BARUTA',TO_TIMESTAMP('05-AUG-08 07.18.46.000000 PM','DD-Mon-YY HH12:MI:SS:MS PM'),'DN63395','TRIGRES-206');
INSERT INTO VEHICULO_ROBADO VALUES('TGKAJ83','VOLKSWAGEN','DEPORTIVO','2003','CAFE',NULL,NULL);
INSERT INTO DENUNCIA_ROBO VALUES('V66299978',TO_TIMESTAMP('09-SEP-08 10.58.07.000000 AM','DD-Mon-YY HH12:MI:SS:MS AM'),'GABRIELA ANA GUERRA GIRALDEZ','CAFETAL',TO_TIMESTAMP('08-SEP-08 02.36.54.000000 PM','DD-Mon-YY HH12:MI:SS:MS PM'),'TGKAJ83','OSOS-771');
INSERT INTO VEHICULO_ROBADO VALUES('A652917','SEAT','DEPORTIVO','1997','DORADO',NULL,NULL);
INSERT INTO DENUNCIA_ROBO VALUES('E39520662',TO_TIMESTAMP('29-AUG-08 09.05.54.000000 PM','DD-Mon-YY HH12:MI:SS:MS PM'),'ISMAEL CHRISTIAN ADRIAN GONZALEZ','BARRIO ANDRES BELLO',TO_TIMESTAMP('27-AUG-08 12.06.13.000000 PM','DD-Mon-YY HH12:MI:SS:MS PM'),'A652917','PANTERAS-481');
INSERT INTO VEHICULO_ROBADO VALUES('WK74008','FIAT','FURGONETA','1999','GRIS',NULL,NULL);
INSERT INTO DENUNCIA_ROBO VALUES('E31704762',TO_TIMESTAMP('14-SEP-08 09.14.57.000000 PM','DD-Mon-YY HH12:MI:SS:MS PM'),'MARISOL ANA GUERRA FERNADEZ','ANTIMANO',TO_TIMESTAMP('11-SEP-08 09.22.50.000000 PM','DD-Mon-YY HH12:MI:SS:MS PM'),'WK74008','OSOS-675');
INSERT INTO VEHICULO_ROBADO VALUES('VSICY85','VOLKSWAGEN','MICRO','1994','NEGRO',NULL,NULL);
INSERT INTO DENUNCIA_ROBO VALUES('V43144511',TO_TIMESTAMP('05-AUG-08 07.06.34.000000 AM','DD-Mon-YY HH12:MI:SS:MS AM'),'PEDRO GUILLERMO TIRADO GALLEGOS','URB PARQUE CENTRAL',TO_TIMESTAMP('04-AUG-08 07.03.58.000000 PM','DD-Mon-YY HH12:MI:SS:MS PM'),'VSICY85','ARACNIDOS-749');
INSERT INTO VEHICULO_ROBADO VALUES('OX56774','NISSAN','PICKUP','2006','AZUL',NULL,NULL);
INSERT INTO DENUNCIA_ROBO VALUES('E98608455',TO_TIMESTAMP('08-AUG-08 09.58.56.000000 PM','DD-Mon-YY HH12:MI:SS:MS PM'),'DANIELA ESTHER ALGARIN TIRADO','URB LA CAMPINIA',TO_TIMESTAMP('08-AUG-08 02.39.13.000000 AM','DD-Mon-YY HH12:MI:SS:MS AM'),'OX56774','LEONES-848');
INSERT INTO VEHICULO_ROBADO VALUES('DFHGYH2','MAZDA','PICKUP','2001','CAFE',NULL,NULL);
INSERT INTO DENUNCIA_ROBO VALUES('V37668171',TO_TIMESTAMP('18-AUG-08 12.44.03.000000 AM','DD-Mon-YY HH12:MI:SS:MS AM'),'TOMAS EMILIO FERRER GUERRA','BARRIO LA LAGUNITA',TO_TIMESTAMP('13-AUG-08 12.00.40.000000 PM','DD-Mon-YY HH12:MI:SS:MS PM'),'DFHGYH2','TIBURONES-881');
INSERT INTO VEHICULO_ROBADO VALUES('E992390','CHRYSLER','SEDAN','1993','DORADO',NULL,NULL);
INSERT INTO DENUNCIA_ROBO VALUES('E34830196',TO_TIMESTAMP('09-AUG-08 02.20.25.000000 AM','DD-Mon-YY HH12:MI:SS:MS AM'),'FELIX RICARDO MENDOZA LANDAETA','SANTA MONICA',TO_TIMESTAMP('06-AUG-08 09.13.21.000000 AM','DD-Mon-YY HH12:MI:SS:MS AM'),'E992390','ZORROS-492');
INSERT INTO VEHICULO_ROBADO VALUES('GR50413','SEAT','MICRO','2005','DORADO',NULL,NULL);
INSERT INTO DENUNCIA_ROBO VALUES('E35534747',TO_TIMESTAMP('20-AUG-08 05.24.31.000000 AM','DD-Mon-YY HH12:MI:SS:MS AM'),'PEDRO GUILLERMO TIRADO MENDOZA','URB EL BOSQUE',TO_TIMESTAMP('18-AUG-08 08.29.39.000000 AM','DD-Mon-YY HH12:MI:SS:MS AM'),'GR50413','OSOS-172');
INSERT INTO VEHICULO_ROBADO VALUES('LR50475','LAND ROVER','FURGONETA','2000','VERDE',NULL,NULL);
INSERT INTO DENUNCIA_ROBO VALUES('V73436003',TO_TIMESTAMP('09-AUG-08 11.10.35.000000 PM','DD-Mon-YY HH12:MI:SS:MS PM'),'ISMAEL LEONARDO TORRES FERRER','SANTA MONICA',TO_TIMESTAMP('09-AUG-08 08.08.40.000000 AM','DD-Mon-YY HH12:MI:SS:MS AM'),'LR50475','TIBURONES-794');
INSERT INTO VEHICULO_ROBADO VALUES('RTP2343','JEEP','DEPORTIVO','1990','ROJO',NULL,NULL);
INSERT INTO DENUNCIA_ROBO VALUES('V48002618',TO_TIMESTAMP('13-AUG-08 04.12.37.000000 PM','DD-Mon-YY HH12:MI:SS:MS PM'),'EDUARDO LEONARDO GIRALDEZ ALGARIN','SABANA GRANDE',TO_TIMESTAMP('12-AUG-08 08.33.12.000000 PM','DD-Mon-YY HH12:MI:SS:MS PM'),'RTP2343','OSOS-544');
INSERT INTO VEHICULO_ROBADO VALUES('AIYXBK6','MERCEDES','PICKUP','2006','AMARILLO',NULL,NULL);
INSERT INTO DENUNCIA_ROBO VALUES('E47419005',TO_TIMESTAMP('11-SEP-08 09.42.30.000000 AM','DD-Mon-YY HH12:MI:SS:MS AM'),'TOMAS RICARDO TIRADO TORRES','ARAGUITA',TO_TIMESTAMP('08-SEP-08 09.04.40.000000 PM','DD-Mon-YY HH12:MI:SS:MS PM'),'AIYXBK6','TIBURONES-843');
INSERT INTO VEHICULO_ROBADO VALUES('RLZJOU3','PEUGOT','FURGONETA','2001','DORADO',NULL,NULL);
INSERT INTO DENUNCIA_ROBO VALUES('V58970419',TO_TIMESTAMP('10-SEP-08 06.53.13.000000 PM','DD-Mon-YY HH12:MI:SS:MS PM'),'ANDREINA MIRIAM GIRALDEZ TORRES','CAFETAL',TO_TIMESTAMP('04-SEP-08 12.32.20.000000 PM','DD-Mon-YY HH12:MI:SS:MS PM'),'RLZJOU3','PANTERAS-319');
INSERT INTO VEHICULO_ROBADO VALUES('XEZE999','AUDI','MICRO','1998','VIOLETA',NULL,NULL);
INSERT INTO DENUNCIA_ROBO VALUES('V98311225',TO_TIMESTAMP('29-AUG-08 07.52.06.000000 PM','DD-Mon-YY HH12:MI:SS:MS PM'),'FELIX CHRISTIAN ZAMBRANO FERNADEZ','BARRIO CAMPO RICO',TO_TIMESTAMP('23-AUG-08 06.51.24.000000 AM','DD-Mon-YY HH12:MI:SS:MS AM'),'XEZE999','OSOS-844');
INSERT INTO VEHICULO_ROBADO VALUES('KC25511','CADILLAC','MICRO','1996','GRIS',NULL,NULL);
INSERT INTO DENUNCIA_ROBO VALUES('E68265420',TO_TIMESTAMP('31-AUG-08 06.49.51.000000 AM','DD-Mon-YY HH12:MI:SS:MS AM'),'GUILLERMO DAVID MENDOZA LOPEZ','URB PARQUE CARABOBO',TO_TIMESTAMP('25-AUG-08 01.58.28.000000 AM','DD-Mon-YY HH12:MI:SS:MS AM'),'KC25511','PANTERAS-825');
INSERT INTO VEHICULO_ROBADO VALUES('QMKUG94','ALFA ROMEO','CAMIONETA','1991','VIOLETA',NULL,NULL);
INSERT INTO DENUNCIA_ROBO VALUES('E24640541',TO_TIMESTAMP('24-AUG-08 03.20.06.000000 AM','DD-Mon-YY HH12:MI:SS:MS AM'),'FELIPE RICARDO PARRA MENDOZA','SIMON RODRIGUEZ',TO_TIMESTAMP('23-AUG-08 04.35.44.000000 PM','DD-Mon-YY HH12:MI:SS:MS PM'),'QMKUG94','OSOS-365');
INSERT INTO VEHICULO_ROBADO VALUES('V844121','LAND ROVER','DEPORTIVO','2002','NARANJA',NULL,NULL);
INSERT INTO DENUNCIA_ROBO VALUES('V53141161',TO_TIMESTAMP('06-AUG-08 01.26.37.000000 PM','DD-Mon-YY HH12:MI:SS:MS PM'),'ADOLFO PEDRO PEREZ GALLEGOS','URB MARIPEREZ',TO_TIMESTAMP('31-JUL-08 11.28.58.000000 PM','DD-Mon-YY HH12:MI:SS:MS PM'),'V844121','OSOS-359');
INSERT INTO VEHICULO_ROBADO VALUES('UOF1793','BMW','MICRO','1994','NARANJA',NULL,NULL);
INSERT INTO DENUNCIA_ROBO VALUES('V62631589',TO_TIMESTAMP('23-AUG-08 03.09.24.000000 PM','DD-Mon-YY HH12:MI:SS:MS PM'),'TERESA ANGELICA ADRIAN LANDAETA','BARRIO CANIO AMARILLO',TO_TIMESTAMP('17-AUG-08 09.24.57.000000 PM','DD-Mon-YY HH12:MI:SS:MS PM'),'UOF1793','TIBURONES-881');
INSERT INTO VEHICULO_ROBADO VALUES('IL30797','SEAT','FURGONETA','1990','ROJO',NULL,NULL);
INSERT INTO DENUNCIA_ROBO VALUES('V83368313',TO_TIMESTAMP('03-AUG-08 03.29.59.000000 AM','DD-Mon-YY HH12:MI:SS:MS AM'),'LILIAN ANDREINA PARRA GUERRERO','BARRIO ANDRES ELOY BLANCO',TO_TIMESTAMP('01-AUG-08 11.01.34.000000 PM','DD-Mon-YY HH12:MI:SS:MS PM'),'IL30797','TRIGRES-296');
INSERT INTO VEHICULO_ROBADO VALUES('ILN3150','VOLKSWAGEN','PICKUP','1996','ROJO',NULL,NULL);
INSERT INTO DENUNCIA_ROBO VALUES('E87754211',TO_TIMESTAMP('23-AUG-08 08.14.42.000000 AM','DD-Mon-YY HH12:MI:SS:MS AM'),'ALICIA ALEJANDRA PEREZ SOSA','SAN AGUSTIN',TO_TIMESTAMP('17-AUG-08 04.57.32.000000 AM','DD-Mon-YY HH12:MI:SS:MS AM'),'ILN3150','ARACNIDOS-143');
INSERT INTO VEHICULO_ROBADO VALUES('ZG76870','LEXUS','DEPORTIVO','2000','ROJO',NULL,NULL);
INSERT INTO DENUNCIA_ROBO VALUES('E71558491',TO_TIMESTAMP('28-AUG-08 06.30.47.000000 PM','DD-Mon-YY HH12:MI:SS:MS PM'),'TOMAS ALBERTO SOSA PEREZ','URB LAS PALMAS',TO_TIMESTAMP('28-AUG-08 08.16.11.000000 AM','DD-Mon-YY HH12:MI:SS:MS AM'),'ZG76870','ARACNIDOS-904');
INSERT INTO VEHICULO_ROBADO VALUES('ONM8891','RENAULT','MICRO','1995','AZUL',NULL,NULL);
INSERT INTO DENUNCIA_ROBO VALUES('E9399519',TO_TIMESTAMP('17-AUG-08 07.08.48.000000 PM','DD-Mon-YY HH12:MI:SS:MS PM'),'ISMAEL EMILIO FERRER ZAMBRANO','SAN AGUSTIN',TO_TIMESTAMP('11-AUG-08 06.52.24.000000 AM','DD-Mon-YY HH12:MI:SS:MS AM'),'ONM8891','PANTERAS-516');
INSERT INTO VEHICULO_ROBADO VALUES('EQC2537','MASERATI','DEPORTIVO','1999','BLANCO',NULL,NULL);
INSERT INTO DENUNCIA_ROBO VALUES('E64807534',TO_TIMESTAMP('21-AUG-08 11.55.42.000000 PM','DD-Mon-YY HH12:MI:SS:MS PM'),'MARISOL ALICIA GALLEGOS CASTILLO','PROPATRIA',TO_TIMESTAMP('17-AUG-08 11.17.13.000000 AM','DD-Mon-YY HH12:MI:SS:MS AM'),'EQC2537','ARACNIDOS-378');
INSERT INTO VEHICULO_ROBADO VALUES('JZP3900','CHEVROLET','DEPORTIVO','1999','CAFE',NULL,NULL);
INSERT INTO DENUNCIA_ROBO VALUES('V50431750',TO_TIMESTAMP('08-AUG-08 08.36.38.000000 AM','DD-Mon-YY HH12:MI:SS:MS AM'),'ALBERTO DAVID GUERRA CASTILLO','BARUTA',TO_TIMESTAMP('03-AUG-08 08.30.38.000000 AM','DD-Mon-YY HH12:MI:SS:MS AM'),'JZP3900','OSOS-359');
INSERT INTO VEHICULO_ROBADO VALUES('HXR7863','PORSCHE','MICRO','1994','AMARILLO',NULL,NULL);
INSERT INTO DENUNCIA_ROBO VALUES('E31139141',TO_TIMESTAMP('03-SEP-08 09.58.21.000000 AM','DD-Mon-YY HH12:MI:SS:MS AM'),'FELIX JONATHAN PEREIRA GIRALDEZ','URB COLINAS DE LOS CHAGUARAMOS',TO_TIMESTAMP('28-AUG-08 03.46.07.000000 PM','DD-Mon-YY HH12:MI:SS:MS PM'),'HXR7863','TIBURONES-999');
INSERT INTO VEHICULO_ROBADO VALUES('NKUF861','HYUNDAI','PICKUP','1999','GRIS',NULL,NULL);
INSERT INTO DENUNCIA_ROBO VALUES('E31052568',TO_TIMESTAMP('12-AUG-08 12.27.42.000000 PM','DD-Mon-YY HH12:MI:SS:MS PM'),'ALBERTO DAVID GARCIA GIRALDEZ','BARRIO JOSE FELIX RIVAS',TO_TIMESTAMP('11-AUG-08 03.45.27.000000 PM','DD-Mon-YY HH12:MI:SS:MS PM'),'NKUF861','PANTERAS-565');
INSERT INTO VEHICULO_ROBADO VALUES('JC38184','HONDA','FURGONETA','2007','VERDE',NULL,NULL);
INSERT INTO DENUNCIA_ROBO VALUES('E49911196',TO_TIMESTAMP('07-SEP-08 02.27.33.000000 PM','DD-Mon-YY HH12:MI:SS:MS PM'),'CARMEN GABRIELA TORRES FERNADEZ','BARRIO CENTRO ITALO',TO_TIMESTAMP('02-SEP-08 06.05.39.000000 AM','DD-Mon-YY HH12:MI:SS:MS AM'),'JC38184','AGUILAS-246');
INSERT INTO VEHICULO_ROBADO VALUES('M637148','SEAT','FURGONETA','1991','VERDE',NULL,NULL);
INSERT INTO DENUNCIA_ROBO VALUES('E2813125',TO_TIMESTAMP('01-SEP-08 10.15.13.000000 AM','DD-Mon-YY HH12:MI:SS:MS AM'),'DANIELA ALEJANDRA SOSA CASTILLO','U.C.V.',TO_TIMESTAMP('30-AUG-08 02.25.14.000000 AM','DD-Mon-YY HH12:MI:SS:MS AM'),'M637148','PANTERAS-516');
INSERT INTO VEHICULO_ROBADO VALUES('O522620','MAZDA','MICRO','2000','AMARILLO',NULL,NULL);
INSERT INTO DENUNCIA_ROBO VALUES('V85381744',TO_TIMESTAMP('07-AUG-08 03.43.53.000000 AM','DD-Mon-YY HH12:MI:SS:MS AM'),'ESTHER ANA LOPEZ GALLEGOS','CANDELARIA',TO_TIMESTAMP('01-AUG-08 02.33.02.000000 AM','DD-Mon-YY HH12:MI:SS:MS AM'),'O522620','TIBURONES-794');
INSERT INTO VEHICULO_ROBADO VALUES('MXJKH82','DODGE','MICRO','2003','NARANJA',NULL,NULL);
INSERT INTO DENUNCIA_ROBO VALUES('V98119675',TO_TIMESTAMP('07-SEP-08 08.55.09.000000 PM','DD-Mon-YY HH12:MI:SS:MS PM'),'CHRISTIAN FELIX GUERRERO GONZALEZ','U.C.V.',TO_TIMESTAMP('01-SEP-08 10.11.47.000000 PM','DD-Mon-YY HH12:MI:SS:MS PM'),'MXJKH82','ARACNIDOS-117');
INSERT INTO VEHICULO_ROBADO VALUES('TK44463','DAEWOO','MICRO','1997','NEGRO',NULL,NULL);
INSERT INTO DENUNCIA_ROBO VALUES('V67884655',TO_TIMESTAMP('28-AUG-08 09.52.33.000000 AM','DD-Mon-YY HH12:MI:SS:MS AM'),'ANDREINA ALICIA PEREZ GALLEGOS','URB ALTA FLORIDA',TO_TIMESTAMP('21-AUG-08 09.46.00.000000 PM','DD-Mon-YY HH12:MI:SS:MS PM'),'TK44463','TIBURONES-377');
INSERT INTO VEHICULO_ROBADO VALUES('QRBV184','NISSAN','SEDAN','2008','DORADO',NULL,NULL);
INSERT INTO DENUNCIA_ROBO VALUES('E78097474',TO_TIMESTAMP('29-AUG-08 11.29.26.000000 PM','DD-Mon-YY HH12:MI:SS:MS PM'),'DAVID JONATHAN SOSA GIRALDEZ','BARRIO LAS ADJUNTAS',TO_TIMESTAMP('28-AUG-08 06.59.59.000000 AM','DD-Mon-YY HH12:MI:SS:MS AM'),'QRBV184','TRIGRES-176');
INSERT INTO VEHICULO_ROBADO VALUES('ISI1520','SUSUKI','FURGONETA','1998','ROJO',NULL,NULL);
INSERT INTO DENUNCIA_ROBO VALUES('E28148461',TO_TIMESTAMP('03-SEP-08 11.25.34.000000 PM','DD-Mon-YY HH12:MI:SS:MS PM'),'LUIS BEJAMIN ADRIAN LANDAETA','URDANETA',TO_TIMESTAMP('29-AUG-08 01.32.56.000000 PM','DD-Mon-YY HH12:MI:SS:MS PM'),'ISI1520','OSOS-870');
INSERT INTO VEHICULO_ROBADO VALUES('VZL2540','PORSCHE','PICKUP','1995','NARANJA',NULL,NULL);
INSERT INTO DENUNCIA_ROBO VALUES('E41332937',TO_TIMESTAMP('07-SEP-08 05.19.30.000000 AM','DD-Mon-YY HH12:MI:SS:MS AM'),'CARLOS EMILIO GIRALDEZ PEREIRA','BARRIO LA DOLORITA',TO_TIMESTAMP('02-SEP-08 10.35.49.000000 PM','DD-Mon-YY HH12:MI:SS:MS PM'),'VZL2540','AGUILAS-700');
INSERT INTO VEHICULO_ROBADO VALUES('JHXRC95','BMW','FURGONETA','1996','CAFE',NULL,NULL);
INSERT INTO DENUNCIA_ROBO VALUES('E48444641',TO_TIMESTAMP('04-SEP-08 12.12.22.000000 AM','DD-Mon-YY HH12:MI:SS:MS AM'),'MARISOL TERESA PEREIRA TIRADO','LA VEGA',TO_TIMESTAMP('31-AUG-08 03.45.09.000000 AM','DD-Mon-YY HH12:MI:SS:MS AM'),'JHXRC95','ARACNIDOS-680');
INSERT INTO VEHICULO_ROBADO VALUES('GQQNZ49','LAND ROVER','MICRO','2003','ROJO',NULL,NULL);
INSERT INTO DENUNCIA_ROBO VALUES('E6893755',TO_TIMESTAMP('07-SEP-08 04.15.38.000000 AM','DD-Mon-YY HH12:MI:SS:MS AM'),'ADOLFO TOMAS GARCIA LOPEZ','URB ALTA FLORIDA',TO_TIMESTAMP('03-SEP-08 03.19.02.000000 PM','DD-Mon-YY HH12:MI:SS:MS PM'),'GQQNZ49','ARACNIDOS-171');
INSERT INTO VEHICULO_ROBADO VALUES('IUMBPM7','BMW','DEPORTIVO','1992','GRIS',NULL,NULL);
INSERT INTO DENUNCIA_ROBO VALUES('V94853286',TO_TIMESTAMP('13-AUG-08 05.11.08.000000 PM','DD-Mon-YY HH12:MI:SS:MS PM'),'LUIS RAFAEL GONZALEZ ADRIAN','VALLE ALTO',TO_TIMESTAMP('08-AUG-08 07.43.28.000000 PM','DD-Mon-YY HH12:MI:SS:MS PM'),'IUMBPM7','PANTERAS-481');
INSERT INTO VEHICULO_ROBADO VALUES('FZ28431','MITSUBISHI','FURGONETA','1998','NEGRO',NULL,NULL);
INSERT INTO DENUNCIA_ROBO VALUES('V38470729',TO_TIMESTAMP('07-AUG-08 03.12.06.000000 PM','DD-Mon-YY HH12:MI:SS:MS PM'),'CRISTINA VICTORIA PEREIRA LOPEZ','BARRIO LA BANDERA',TO_TIMESTAMP('05-AUG-08 04.05.01.000000 AM','DD-Mon-YY HH12:MI:SS:MS AM'),'FZ28431','OSOS-389');
INSERT INTO VEHICULO_ROBADO VALUES('EHQ1446','DAEWOO','DEPORTIVO','2000','AMARILLO',NULL,NULL);
INSERT INTO DENUNCIA_ROBO VALUES('E82149062',TO_TIMESTAMP('13-SEP-08 10.11.06.000000 AM','DD-Mon-YY HH12:MI:SS:MS AM'),'ANDREINA ADRIANA GALLEGOS FERRER','BARRIO EL CALVARIO',TO_TIMESTAMP('08-SEP-08 10.57.33.000000 PM','DD-Mon-YY HH12:MI:SS:MS PM'),'EHQ1446','TIBURONES-937');
INSERT INTO VEHICULO_ROBADO VALUES('DFX6755','CITROEN','MICRO','2005','VERDE',NULL,NULL);
INSERT INTO DENUNCIA_ROBO VALUES('V96902549',TO_TIMESTAMP('21-AUG-08 03.58.17.000000 PM','DD-Mon-YY HH12:MI:SS:MS PM'),'ALICIA ANGELICA GONZALEZ GARCIA','SARTENEJAS',TO_TIMESTAMP('17-AUG-08 03.53.32.000000 AM','DD-Mon-YY HH12:MI:SS:MS AM'),'DFX6755','PANTERAS-565');
INSERT INTO VEHICULO_ROBADO VALUES('EUMXB93','LEXUS','MICRO','2002','NEGRO',NULL,NULL);
INSERT INTO DENUNCIA_ROBO VALUES('V33221763',TO_TIMESTAMP('18-AUG-08 04.55.48.000000 AM','DD-Mon-YY HH12:MI:SS:MS AM'),'CAROLINA MARIA PEREIRA TIRADO','ARAGUITA',TO_TIMESTAMP('16-AUG-08 12.21.57.000000 PM','DD-Mon-YY HH12:MI:SS:MS PM'),'EUMXB93','OSOS-867');
INSERT INTO VEHICULO_ROBADO VALUES('LN93687','HONDA','FURGONETA','2006','NEGRO',NULL,NULL);
INSERT INTO DENUNCIA_ROBO VALUES('E81449990',TO_TIMESTAMP('18-AUG-08 10.04.14.000000 PM','DD-Mon-YY HH12:MI:SS:MS PM'),'CARMEN EMELY GUERRA FERRER','BARRIO LA BOMBILLA',TO_TIMESTAMP('15-AUG-08 04.00.11.000000 AM','DD-Mon-YY HH12:MI:SS:MS AM'),'LN93687','OSOS-134');
INSERT INTO VEHICULO_ROBADO VALUES('GWQ6314','MASERATI','FURGONETA','1993','NEGRO',NULL,NULL);
INSERT INTO DENUNCIA_ROBO VALUES('V71813461',TO_TIMESTAMP('30-AUG-08 02.57.47.000000 AM','DD-Mon-YY HH12:MI:SS:MS AM'),'ADRIANA ESTHER PARRA TORRES','BARRIO JOSE FELIX RIVAS',TO_TIMESTAMP('27-AUG-08 04.18.43.000000 AM','DD-Mon-YY HH12:MI:SS:MS AM'),'GWQ6314','ZORROS-305');
INSERT INTO VEHICULO_ROBADO VALUES('M201861','TOYOTA','DEPORTIVO','2006','NEGRO',NULL,NULL);
INSERT INTO DENUNCIA_ROBO VALUES('E99116699',TO_TIMESTAMP('13-AUG-08 03.48.30.000000 PM','DD-Mon-YY HH12:MI:SS:MS PM'),'ANDREINA TERESA ZAMBRANO CASTILLO','SANTA ROSA',TO_TIMESTAMP('07-AUG-08 10.54.09.000000 AM','DD-Mon-YY HH12:MI:SS:MS AM'),'M201861','OSOS-629');
INSERT INTO VEHICULO_ROBADO VALUES('JAN8311','CITROEN','DEPORTIVO','1991','PLATA',NULL,NULL);
INSERT INTO DENUNCIA_ROBO VALUES('V87268526',TO_TIMESTAMP('14-AUG-08 04.53.01.000000 AM','DD-Mon-YY HH12:MI:SS:MS AM'),'ANGELICA MIRIAM GALLEGOS PARRA','URB ALTA FLORIDA',TO_TIMESTAMP('10-AUG-08 10.04.19.000000 PM','DD-Mon-YY HH12:MI:SS:MS PM'),'JAN8311','PANTERAS-481');
INSERT INTO VEHICULO_ROBADO VALUES('AQNA664','FORD','FURGONETA','1995','AZUL',NULL,NULL);
INSERT INTO DENUNCIA_ROBO VALUES('E50401716',TO_TIMESTAMP('28-AUG-08 07.47.35.000000 AM','DD-Mon-YY HH12:MI:SS:MS AM'),'FELIX CHRISTIAN GALLEGOS CASTILLO','BARRIO HOYADA',TO_TIMESTAMP('22-AUG-08 04.27.37.000000 PM','DD-Mon-YY HH12:MI:SS:MS PM'),'AQNA664','OSOS-182');
INSERT INTO VEHICULO_ROBADO VALUES('I793902','CADILLAC','CAMIONETA','2002','BLANCO',NULL,NULL);
INSERT INTO DENUNCIA_ROBO VALUES('V71991360',TO_TIMESTAMP('18-AUG-08 04.56.55.000000 PM','DD-Mon-YY HH12:MI:SS:MS PM'),'CARMEN VICTORIA PEREZ ALGARIN','BARRIO CORTADA DE CATIA',TO_TIMESTAMP('14-AUG-08 12.57.22.000000 AM','DD-Mon-YY HH12:MI:SS:MS AM'),'I793902','PANTERAS-655');
INSERT INTO VEHICULO_ROBADO VALUES('RLN4176','CHEVROLET','DEPORTIVO','1993','DORADO',NULL,NULL);
INSERT INTO DENUNCIA_ROBO VALUES('E12375129',TO_TIMESTAMP('09-SEP-08 08.55.01.000000 AM','DD-Mon-YY HH12:MI:SS:MS AM'),'TOMAS RICARDO CASTILLO GUERRERO','SANTA FE',TO_TIMESTAMP('08-SEP-08 06.41.19.000000 PM','DD-Mon-YY HH12:MI:SS:MS PM'),'RLN4176','TRIGRES-296');
INSERT INTO VEHICULO_ROBADO VALUES('MK98600','MITSUBISHI','FURGONETA','2004','CAFE',NULL,NULL);
INSERT INTO DENUNCIA_ROBO VALUES('E87542906',TO_TIMESTAMP('14-SEP-08 08.31.49.000000 PM','DD-Mon-YY HH12:MI:SS:MS PM'),'FELIX JOSE GIRALDEZ GARCIA','URB COLINAS DE LOS CHAGUARAMOS',TO_TIMESTAMP('11-SEP-08 07.14.38.000000 AM','DD-Mon-YY HH12:MI:SS:MS AM'),'MK98600','AGUILAS-700');
INSERT INTO VEHICULO_ROBADO VALUES('PMCNTC7','DODGE','CAMIONETA','2007','AMARILLO',NULL,NULL);
INSERT INTO DENUNCIA_ROBO VALUES('V79021728',TO_TIMESTAMP('13-SEP-08 01.52.29.000000 AM','DD-Mon-YY HH12:MI:SS:MS AM'),'ESTHER LILIAN GALLEGOS PARRA','PLAZA VENEZUELA',TO_TIMESTAMP('08-SEP-08 10.51.48.000000 PM','DD-Mon-YY HH12:MI:SS:MS PM'),'PMCNTC7','TRIGRES-797');
INSERT INTO VEHICULO_ROBADO VALUES('ECCW804','HONDA','DEPORTIVO','1990','PLATA',NULL,NULL);
INSERT INTO DENUNCIA_ROBO VALUES('E37155950',TO_TIMESTAMP('11-SEP-08 11.09.27.000000 PM','DD-Mon-YY HH12:MI:SS:MS PM'),'EMILIO LUIS ALGARIN TIRADO','SARRIA',TO_TIMESTAMP('09-SEP-08 07.52.21.000000 PM','DD-Mon-YY HH12:MI:SS:MS PM'),'ECCW804','ARACNIDOS-446');
INSERT INTO VEHICULO_ROBADO VALUES('TPKNOM3','TOYOTA','FURGONETA','2002','NARANJA',NULL,NULL);
INSERT INTO DENUNCIA_ROBO VALUES('E65246275',TO_TIMESTAMP('05-AUG-08 02.58.44.000000 AM','DD-Mon-YY HH12:MI:SS:MS AM'),'CARLOS JONATHAN GOMEZ GONZALEZ','URB CAMPO CLARO',TO_TIMESTAMP('31-JUL-08 07.30.55.000000 PM','DD-Mon-YY HH12:MI:SS:MS PM'),'TPKNOM3','ZORROS-329');
INSERT INTO VEHICULO_ROBADO VALUES('MONT348','MASERATI','FURGONETA','2001','AZUL',NULL,NULL);
INSERT INTO DENUNCIA_ROBO VALUES('E44845375',TO_TIMESTAMP('18-SEP-08 06.25.16.000000 AM','DD-Mon-YY HH12:MI:SS:MS AM'),'DAVID LEONARDO GUERRERO LOPEZ','URB COLINAS DE LOS CHAGUARAMOS',TO_TIMESTAMP('11-SEP-08 01.51.44.000000 PM','DD-Mon-YY HH12:MI:SS:MS PM'),'MONT348','OSOS-524');
INSERT INTO VEHICULO_ROBADO VALUES('S717318','SUSUKI','FURGONETA','2007','GRIS',NULL,NULL);
INSERT INTO DENUNCIA_ROBO VALUES('V57196884',TO_TIMESTAMP('12-SEP-08 10.08.25.000000 PM','DD-Mon-YY HH12:MI:SS:MS PM'),'JONATHAN CARLOS TIRADO GUERRA','URB ALTA FLORIDA',TO_TIMESTAMP('10-SEP-08 09.41.13.000000 PM','DD-Mon-YY HH12:MI:SS:MS PM'),'S717318','OSOS-134');
INSERT INTO VEHICULO_ROBADO VALUES('XR81010','LEXUS','FURGONETA','1995','ROJO',NULL,NULL);
INSERT INTO DENUNCIA_ROBO VALUES('E62295605',TO_TIMESTAMP('24-AUG-08 09.05.07.000000 AM','DD-Mon-YY HH12:MI:SS:MS AM'),'TOMAS RAFAEL FERRER TORRES','BARRIO CAMPO RICO',TO_TIMESTAMP('19-AUG-08 03.32.05.000000 AM','DD-Mon-YY HH12:MI:SS:MS AM'),'XR81010','LEONES-848');
INSERT INTO VEHICULO_ROBADO VALUES('PTAG417','LEXUS','MICRO','1991','PLATA',NULL,NULL);
INSERT INTO DENUNCIA_ROBO VALUES('E19649104',TO_TIMESTAMP('04-SEP-08 11.34.53.000000 PM','DD-Mon-YY HH12:MI:SS:MS PM'),'FELIPE RAFAEL FERRER GUERRERO','URB EL BOSQUE',TO_TIMESTAMP('03-SEP-08 07.29.39.000000 PM','DD-Mon-YY HH12:MI:SS:MS PM'),'PTAG417','LEONES-798');
INSERT INTO VEHICULO_ROBADO VALUES('HD52662','CITROEN','DEPORTIVO','1995','CAFE',NULL,NULL);
INSERT INTO DENUNCIA_ROBO VALUES('V71051291',TO_TIMESTAMP('18-SEP-08 01.38.34.000000 PM','DD-Mon-YY HH12:MI:SS:MS PM'),'LILIAN ROSA GONZALEZ GUERRERO','EL VALLE',TO_TIMESTAMP('11-SEP-08 04.19.54.000000 PM','DD-Mon-YY HH12:MI:SS:MS PM'),'HD52662','OSOS-134');
INSERT INTO VEHICULO_ROBADO VALUES('FQRTX20','SUSUKI','SEDAN','2005','VERDE',NULL,NULL);
INSERT INTO DENUNCIA_ROBO VALUES('V95958035',TO_TIMESTAMP('04-SEP-08 06.50.54.000000 PM','DD-Mon-YY HH12:MI:SS:MS PM'),'LUIS JONATHAN GUERRA FERNADEZ','SANTA FE',TO_TIMESTAMP('30-AUG-08 02.24.01.000000 PM','DD-Mon-YY HH12:MI:SS:MS PM'),'FQRTX20','TIBURONES-377');
INSERT INTO VEHICULO_ROBADO VALUES('TTF2630','MITSUBISHI','CAMIONETA','1994','NARANJA',NULL,NULL);
INSERT INTO DENUNCIA_ROBO VALUES('E77864416',TO_TIMESTAMP('31-AUG-08 07.51.48.000000 PM','DD-Mon-YY HH12:MI:SS:MS PM'),'JOSE LUIS LOPEZ GARCIA','CAFETAL',TO_TIMESTAMP('30-AUG-08 09.38.52.000000 AM','DD-Mon-YY HH12:MI:SS:MS AM'),'TTF2630','ARACNIDOS-749');
INSERT INTO VEHICULO_ROBADO VALUES('WP90396','DAEWOO','MICRO','1992','GRIS',NULL,NULL);
INSERT INTO DENUNCIA_ROBO VALUES('E37317371',TO_TIMESTAMP('06-AUG-08 10.55.50.000000 AM','DD-Mon-YY HH12:MI:SS:MS AM'),'ESTHER ALICIA ALGARIN LANDAETA','SANTA MONICA',TO_TIMESTAMP('02-AUG-08 04.04.53.000000 PM','DD-Mon-YY HH12:MI:SS:MS PM'),'WP90396','PANTERAS-565');
INSERT INTO VEHICULO_ROBADO VALUES('VVQSY56','HYUNDAI','PICKUP','1993','BLANCO',NULL,NULL);
INSERT INTO DENUNCIA_ROBO VALUES('E73048241',TO_TIMESTAMP('16-SEP-08 03.53.12.000000 AM','DD-Mon-YY HH12:MI:SS:MS AM'),'ANA CAROLINA GONZALEZ GARCIA','BARRIO CORTADA DE CATIA',TO_TIMESTAMP('11-SEP-08 06.41.20.000000 PM','DD-Mon-YY HH12:MI:SS:MS PM'),'VVQSY56','LEONES-798');
INSERT INTO VEHICULO_ROBADO VALUES('MY66071','DAEWOO','PICKUP','2006','ROJO',NULL,NULL);
INSERT INTO DENUNCIA_ROBO VALUES('V38471015',TO_TIMESTAMP('15-SEP-08 07.09.18.000000 AM','DD-Mon-YY HH12:MI:SS:MS AM'),'MIRIAM CAROLINA CASTILLO TORRES','URB LA CAMPINIA',TO_TIMESTAMP('10-SEP-08 11.18.57.000000 PM','DD-Mon-YY HH12:MI:SS:MS PM'),'MY66071','TRIGRES-206');
INSERT INTO VEHICULO_ROBADO VALUES('LB22964','HYUNDAI','DEPORTIVO','2004','CAFE',NULL,NULL);
INSERT INTO DENUNCIA_ROBO VALUES('V83609042',TO_TIMESTAMP('12-AUG-08 05.26.46.000000 PM','DD-Mon-YY HH12:MI:SS:MS PM'),'ANGELICA MONICA CASTILLO MENDOZA','CHICHIRIVICHE',TO_TIMESTAMP('10-AUG-08 02.24.19.000000 PM','DD-Mon-YY HH12:MI:SS:MS PM'),'LB22964','OSOS-340');
INSERT INTO VEHICULO_ROBADO VALUES('OABRY32','CHRYSLER','MICRO','1994','NEGRO',NULL,NULL);
INSERT INTO DENUNCIA_ROBO VALUES('E58045832',TO_TIMESTAMP('25-AUG-08 05.20.20.000000 AM','DD-Mon-YY HH12:MI:SS:MS AM'),'VICTOR ALBERTO SOSA CASTILLO','URB CHACAITO',TO_TIMESTAMP('21-AUG-08 02.36.07.000000 AM','DD-Mon-YY HH12:MI:SS:MS AM'),'OABRY32','ARACNIDOS-117');
INSERT INTO VEHICULO_ROBADO VALUES('VVSRG52','DODGE','DEPORTIVO','1992','BLANCO',NULL,NULL);
INSERT INTO DENUNCIA_ROBO VALUES('E93564138',TO_TIMESTAMP('12-AUG-08 03.03.39.000000 AM','DD-Mon-YY HH12:MI:SS:MS AM'),'CARLOS ADOLFO PEREZ GOMEZ','URB LOS CEDROS',TO_TIMESTAMP('11-AUG-08 01.46.59.000000 AM','DD-Mon-YY HH12:MI:SS:MS AM'),'VVSRG52','AGUILAS-383');
INSERT INTO VEHICULO_ROBADO VALUES('LFSTSG6','FIAT','PICKUP','1994','VERDE',NULL,NULL);
INSERT INTO DENUNCIA_ROBO VALUES('E87649347',TO_TIMESTAMP('15-AUG-08 03.39.06.000000 AM','DD-Mon-YY HH12:MI:SS:MS AM'),'LUIS EMILIO FERRER TORRES','URB 23 ENERO',TO_TIMESTAMP('11-AUG-08 05.24.10.000000 AM','DD-Mon-YY HH12:MI:SS:MS AM'),'LFSTSG6','ZORROS-116');
INSERT INTO VEHICULO_ROBADO VALUES('R556106','MASERATI','MICRO','1995','BLANCO',NULL,NULL);
INSERT INTO DENUNCIA_ROBO VALUES('V82280340',TO_TIMESTAMP('13-AUG-08 04.02.07.000000 AM','DD-Mon-YY HH12:MI:SS:MS AM'),'ANTONIO ESTEFANO PEREIRA GIRALDEZ','PARAISO',TO_TIMESTAMP('11-AUG-08 11.03.31.000000 PM','DD-Mon-YY HH12:MI:SS:MS PM'),'R556106','ARACNIDOS-680');
INSERT INTO VEHICULO_ROBADO VALUES('XN25740','ALFA ROMEO','MICRO','2003','VERDE',NULL,NULL);
INSERT INTO DENUNCIA_ROBO VALUES('E96743158',TO_TIMESTAMP('03-AUG-08 09.19.33.000000 PM','DD-Mon-YY HH12:MI:SS:MS PM'),'MIRIAM ELENA FERNADEZ GUERRA','BARRIO AGUACATICO',TO_TIMESTAMP('31-JUL-08 09.50.20.000000 PM','DD-Mon-YY HH12:MI:SS:MS PM'),'XN25740','LEONES-728');
INSERT INTO VEHICULO_ROBADO VALUES('DLYVP21','LEXUS','FURGONETA','1992','AZUL',NULL,NULL);
INSERT INTO DENUNCIA_ROBO VALUES('V30504745',TO_TIMESTAMP('20-AUG-08 09.36.24.000000 PM','DD-Mon-YY HH12:MI:SS:MS PM'),'ESTHER CRISTINA FERRER GUERRA','PARAISO',TO_TIMESTAMP('16-AUG-08 05.27.13.000000 AM','DD-Mon-YY HH12:MI:SS:MS AM'),'DLYVP21','TIBURONES-999');
INSERT INTO VEHICULO_ROBADO VALUES('MTAZK28','BMW','DEPORTIVO','2004','NEGRO',NULL,NULL);
INSERT INTO DENUNCIA_ROBO VALUES('E38248699',TO_TIMESTAMP('31-AUG-08 05.21.13.000000 PM','DD-Mon-YY HH12:MI:SS:MS PM'),'TOMAS RAFAEL ADRIAN PARRA','BARRIO BRISAS DE PROPATRIA',TO_TIMESTAMP('25-AUG-08 11.37.26.000000 PM','DD-Mon-YY HH12:MI:SS:MS PM'),'MTAZK28','ARACNIDOS-171');
INSERT INTO VEHICULO_ROBADO VALUES('BNYMUV6','ALFA ROMEO','MICRO','2009','GRIS',NULL,NULL);
INSERT INTO DENUNCIA_ROBO VALUES('V20699596',TO_TIMESTAMP('10-SEP-08 04.13.37.000000 PM','DD-Mon-YY HH12:MI:SS:MS PM'),'ANGELA CECILIA GALLEGOS FERRER','BARRIO LA BOMBILLA',TO_TIMESTAMP('04-SEP-08 01.50.29.000000 PM','DD-Mon-YY HH12:MI:SS:MS PM'),'BNYMUV6','OSOS-529');
INSERT INTO VEHICULO_ROBADO VALUES('QJR4195','CHRYSLER','DEPORTIVO','2008','AZUL',NULL,NULL);
INSERT INTO DENUNCIA_ROBO VALUES('E86506220',TO_TIMESTAMP('17-AUG-08 11.38.27.000000 PM','DD-Mon-YY HH12:MI:SS:MS PM'),'EDUARDO RICARDO TIRADO ALGARIN','SAN AGUSTIN',TO_TIMESTAMP('11-AUG-08 06.32.12.000000 PM','DD-Mon-YY HH12:MI:SS:MS PM'),'QJR4195','TRIGRES-176');
INSERT INTO VEHICULO_ROBADO VALUES('DQ72426','PORSCHE','CAMIONETA','2007','GRIS',NULL,NULL);
INSERT INTO DENUNCIA_ROBO VALUES('E14718647',TO_TIMESTAMP('08-AUG-08 10.06.44.000000 PM','DD-Mon-YY HH12:MI:SS:MS PM'),'GUILLERMO PEDRO CASTILLO GUERRERO','BARRIO BRISAS DEL PARAISO',TO_TIMESTAMP('04-AUG-08 11.12.22.000000 AM','DD-Mon-YY HH12:MI:SS:MS AM'),'DQ72426','ZORROS-954');
INSERT INTO VEHICULO_ROBADO VALUES('SRC9193','DAEWOO','SEDAN','2006','GRIS',NULL,NULL);
INSERT INTO DENUNCIA_ROBO VALUES('E66529781',TO_TIMESTAMP('28-AUG-08 04.19.20.000000 AM','DD-Mon-YY HH12:MI:SS:MS AM'),'JONATHAN FELIPE PARRA SOSA','BARRIO LA BOMBILLA',TO_TIMESTAMP('21-AUG-08 07.12.24.000000 PM','DD-Mon-YY HH12:MI:SS:MS PM'),'SRC9193','OSOS-401');
INSERT INTO VEHICULO_ROBADO VALUES('IGID312','NISSAN','SEDAN','2000','AMARILLO',NULL,NULL);
INSERT INTO DENUNCIA_ROBO VALUES('E89907496',TO_TIMESTAMP('10-SEP-08 05.43.48.000000 AM','DD-Mon-YY HH12:MI:SS:MS AM'),'EDUARDO EMILIO GONZALEZ MENDOZA','BARRIO CANIO AMARILLO',TO_TIMESTAMP('04-SEP-08 12.27.42.000000 AM','DD-Mon-YY HH12:MI:SS:MS AM'),'IGID312','ARACNIDOS-446');
INSERT INTO VEHICULO_ROBADO VALUES('AWNHA94','CHRYSLER','FURGONETA','1990','CAFE',NULL,NULL);
INSERT INTO DENUNCIA_ROBO VALUES('E96922887',TO_TIMESTAMP('20-AUG-08 09.24.52.000000 PM','DD-Mon-YY HH12:MI:SS:MS PM'),'JESUS GUILLERMO GOMEZ LOPEZ','EL VALLE',TO_TIMESTAMP('13-AUG-08 11.35.17.000000 PM','DD-Mon-YY HH12:MI:SS:MS PM'),'AWNHA94','AGUILAS-117');
INSERT INTO VEHICULO_ROBADO VALUES('BXQU300','PEUGOT','DEPORTIVO','2005','ROJO',NULL,NULL);
INSERT INTO DENUNCIA_ROBO VALUES('V10738475',TO_TIMESTAMP('28-AUG-08 07.44.50.000000 AM','DD-Mon-YY HH12:MI:SS:MS AM'),'PEDRO RAFAEL GALLEGOS LOPEZ','QUINTA CRESPO',TO_TIMESTAMP('27-AUG-08 11.59.04.000000 AM','DD-Mon-YY HH12:MI:SS:MS AM'),'BXQU300','OSOS-365');
INSERT INTO VEHICULO_ROBADO VALUES('ZW66600','SUSUKI','DEPORTIVO','1996','NEGRO',NULL,NULL);
INSERT INTO DENUNCIA_ROBO VALUES('V11364974',TO_TIMESTAMP('23-AUG-08 04.12.47.000000 PM','DD-Mon-YY HH12:MI:SS:MS PM'),'CARMEN GABRIELA PARRA MENDOZA','SANTA MONICA',TO_TIMESTAMP('19-AUG-08 02.08.14.000000 PM','DD-Mon-YY HH12:MI:SS:MS PM'),'ZW66600','TIBURONES-843');
INSERT INTO VEHICULO_ROBADO VALUES('GFSQ270','RENAULT','PICKUP','2008','ROJO',NULL,NULL);
INSERT INTO DENUNCIA_ROBO VALUES('V20849812',TO_TIMESTAMP('02-SEP-08 07.39.35.000000 PM','DD-Mon-YY HH12:MI:SS:MS PM'),'CAROLINA MIRIAM PEREIRA PEREZ','CARMELITAS',TO_TIMESTAMP('30-AUG-08 08.52.20.000000 PM','DD-Mon-YY HH12:MI:SS:MS PM'),'GFSQ270','AGUILAS-932');
INSERT INTO VEHICULO_ROBADO VALUES('AON5209','CADILLAC','SEDAN','1995','AMARILLO',NULL,NULL);
INSERT INTO DENUNCIA_ROBO VALUES('E17389647',TO_TIMESTAMP('08-SEP-08 05.45.16.000000 PM','DD-Mon-YY HH12:MI:SS:MS PM'),'LEONARDO EDUARDO TORRES FERRER','URB LOS CAOBOS',TO_TIMESTAMP('02-SEP-08 01.30.37.000000 AM','DD-Mon-YY HH12:MI:SS:MS AM'),'AON5209','ZORROS-329');
INSERT INTO VEHICULO_ROBADO VALUES('YWYS438','NISSAN','PICKUP','2000','CAFE',NULL,NULL);
INSERT INTO DENUNCIA_ROBO VALUES('V32234369',TO_TIMESTAMP('10-AUG-08 06.07.38.000000 PM','DD-Mon-YY HH12:MI:SS:MS PM'),'LILIAN MARISOL GIRALDEZ MENDOZA','CARMELITAS',TO_TIMESTAMP('05-AUG-08 01.23.27.000000 AM','DD-Mon-YY HH12:MI:SS:MS AM'),'YWYS438','ARACNIDOS-446');
INSERT INTO VEHICULO_ROBADO VALUES('R210767','TOYOTA','MICRO','1995','ROJO',NULL,NULL);
INSERT INTO DENUNCIA_ROBO VALUES('E19826703',TO_TIMESTAMP('12-AUG-08 12.23.03.000000 AM','DD-Mon-YY HH12:MI:SS:MS AM'),'ADRIANA EMELY LANDAETA TORRES','CARMELITAS',TO_TIMESTAMP('05-AUG-08 04.37.05.000000 AM','DD-Mon-YY HH12:MI:SS:MS AM'),'R210767','TRIGRES-206');
INSERT INTO VEHICULO_ROBADO VALUES('EKK8625','JEEP','SEDAN','2008','VIOLETA',NULL,NULL);
INSERT INTO DENUNCIA_ROBO VALUES('E66342530',TO_TIMESTAMP('24-AUG-08 05.10.35.000000 PM','DD-Mon-YY HH12:MI:SS:MS PM'),'FELIPE EMILIO PEREZ GARCIA','BARRIO BRISAS DE PETARE',TO_TIMESTAMP('18-AUG-08 08.56.17.000000 AM','DD-Mon-YY HH12:MI:SS:MS AM'),'EKK8625','OSOS-773');
INSERT INTO VEHICULO_ROBADO VALUES('CPHE792','CHRYSLER','PICKUP','1993','ROJO',NULL,NULL);
INSERT INTO DENUNCIA_ROBO VALUES('E94717253',TO_TIMESTAMP('15-SEP-08 01.56.53.000000 AM','DD-Mon-YY HH12:MI:SS:MS AM'),'TOMAS EMILIO GUERRERO FERRER','BARRIO CANIO AMARILLO',TO_TIMESTAMP('08-SEP-08 09.05.16.000000 PM','DD-Mon-YY HH12:MI:SS:MS PM'),'CPHE792','OSOS-629');
INSERT INTO VEHICULO_ROBADO VALUES('CFAA372','RENAULT','DEPORTIVO','2008','AZUL',NULL,NULL);
INSERT INTO DENUNCIA_ROBO VALUES('E68165359',TO_TIMESTAMP('06-SEP-08 08.41.17.000000 AM','DD-Mon-YY HH12:MI:SS:MS AM'),'LILIAN GABRIELA CASTILLO GUERRERO','BARRIO EL TRIANGULO LA VEGA',TO_TIMESTAMP('02-SEP-08 07.03.51.000000 AM','DD-Mon-YY HH12:MI:SS:MS AM'),'CFAA372','OSOS-134');
INSERT INTO VEHICULO_ROBADO VALUES('WKDWM83','DODGE','PICKUP','2001','DORADO',NULL,NULL);
INSERT INTO DENUNCIA_ROBO VALUES('E46189149',TO_TIMESTAMP('24-AUG-08 09.30.04.000000 AM','DD-Mon-YY HH12:MI:SS:MS AM'),'JESUS ESTEFANO TIRADO ADRIAN','SANTA ROSA',TO_TIMESTAMP('21-AUG-08 01.32.05.000000 PM','DD-Mon-YY HH12:MI:SS:MS PM'),'WKDWM83','AGUILAS-117');
INSERT INTO VEHICULO_ROBADO VALUES('YORDUK4','AUDI','MICRO','1999','NEGRO',NULL,NULL);
INSERT INTO DENUNCIA_ROBO VALUES('V49437383',TO_TIMESTAMP('07-AUG-08 07.30.15.000000 AM','DD-Mon-YY HH12:MI:SS:MS AM'),'CARMEN MARISOL GUERRA PARRA','ARAGUITA',TO_TIMESTAMP('03-AUG-08 04.29.43.000000 AM','DD-Mon-YY HH12:MI:SS:MS AM'),'YORDUK4','OSOS-719');
INSERT INTO VEHICULO_ROBADO VALUES('XOZFZ79','MASERATI','SEDAN','1995','DORADO',NULL,NULL);
INSERT INTO DENUNCIA_ROBO VALUES('V94378303',TO_TIMESTAMP('07-AUG-08 08.28.39.000000 PM','DD-Mon-YY HH12:MI:SS:MS PM'),'EMELY CARMEN GUERRERO PARRA','SAN AGUSTIN',TO_TIMESTAMP('07-AUG-08 07.08.53.000000 PM','DD-Mon-YY HH12:MI:SS:MS PM'),'XOZFZ79','LEONES-798');
INSERT INTO VEHICULO_ROBADO VALUES('LCTZZU8','RENAULT','SEDAN','1997','PLATA',NULL,NULL);
INSERT INTO DENUNCIA_ROBO VALUES('E23369765',TO_TIMESTAMP('29-AUG-08 04.42.12.000000 AM','DD-Mon-YY HH12:MI:SS:MS AM'),'ANTONIO EMILIO SOSA GIRALDEZ','PARROQUIA SANTA TERESA',TO_TIMESTAMP('28-AUG-08 07.33.18.000000 PM','DD-Mon-YY HH12:MI:SS:MS PM'),'LCTZZU8','TIBURONES-293');
INSERT INTO VEHICULO_ROBADO VALUES('PVBI176','PEUGOT','MICRO','1994','VIOLETA',NULL,NULL);
INSERT INTO DENUNCIA_ROBO VALUES('V33594927',TO_TIMESTAMP('11-AUG-08 03.53.01.000000 PM','DD-Mon-YY HH12:MI:SS:MS PM'),'CRISTINA ESTHER CASTILLO MENDOZA','SANTA CLARA',TO_TIMESTAMP('05-AUG-08 06.59.22.000000 PM','DD-Mon-YY HH12:MI:SS:MS PM'),'PVBI176','TRIGRES-206');
INSERT INTO VEHICULO_ROBADO VALUES('NYE2698','DAEWOO','CAMIONETA','2003','AMARILLO',NULL,NULL);
INSERT INTO DENUNCIA_ROBO VALUES('V43521380',TO_TIMESTAMP('06-AUG-08 02.13.15.000000 AM','DD-Mon-YY HH12:MI:SS:MS AM'),'GUILLERMO TOMAS SOSA LANDAETA','URB LOS GUAYABITOS',TO_TIMESTAMP('03-AUG-08 02.11.20.000000 PM','DD-Mon-YY HH12:MI:SS:MS PM'),'NYE2698','TRIGRES-672');
INSERT INTO VEHICULO_ROBADO VALUES('DBBZP54','AUDI','SEDAN','2000','VIOLETA',NULL,NULL);
INSERT INTO DENUNCIA_ROBO VALUES('E1122205',TO_TIMESTAMP('10-AUG-08 10.35.12.000000 PM','DD-Mon-YY HH12:MI:SS:MS PM'),'CARLOS BEJAMIN MENDOZA GIRALDEZ','BARRIO LAS MAYAS',TO_TIMESTAMP('08-AUG-08 12.19.37.000000 PM','DD-Mon-YY HH12:MI:SS:MS PM'),'DBBZP54','TRIGRES-206');
INSERT INTO VEHICULO_ROBADO VALUES('XB53213','AUDI','PICKUP','2008','GRIS',NULL,NULL);
INSERT INTO DENUNCIA_ROBO VALUES('V88397063',TO_TIMESTAMP('12-AUG-08 08.13.09.000000 AM','DD-Mon-YY HH12:MI:SS:MS AM'),'ALICIA MARISOL TORRES FERNADEZ','BARRIO EL TRIANGULO LA VEGA',TO_TIMESTAMP('10-AUG-08 08.28.31.000000 AM','DD-Mon-YY HH12:MI:SS:MS AM'),'XB53213','ARACNIDOS-117');
INSERT INTO VEHICULO_ROBADO VALUES('KHC2997','SEAT','DEPORTIVO','1994','VIOLETA',NULL,NULL);
INSERT INTO DENUNCIA_ROBO VALUES('E43619853',TO_TIMESTAMP('04-AUG-08 10.55.36.000000 PM','DD-Mon-YY HH12:MI:SS:MS PM'),'EMILIO LUIS GUERRERO PARRA','U.C.V.',TO_TIMESTAMP('03-AUG-08 08.24.43.000000 AM','DD-Mon-YY HH12:MI:SS:MS AM'),'KHC2997','ARACNIDOS-749');
INSERT INTO VEHICULO_ROBADO VALUES('YCYYK61','PEUGOT','MICRO','2000','DORADO',NULL,NULL);
INSERT INTO DENUNCIA_ROBO VALUES('V53954361',TO_TIMESTAMP('15-SEP-08 08.47.14.000000 PM','DD-Mon-YY HH12:MI:SS:MS PM'),'GUILLERMO TOMAS ALGARIN FERRER','BARRIO LA BOMBILLA',TO_TIMESTAMP('10-SEP-08 02.32.06.000000 PM','DD-Mon-YY HH12:MI:SS:MS PM'),'YCYYK61','OSOS-868');
INSERT INTO VEHICULO_ROBADO VALUES('NT42484','PEUGOT','PICKUP','1994','AZUL',NULL,NULL);
INSERT INTO DENUNCIA_ROBO VALUES('E75011382',TO_TIMESTAMP('15-SEP-08 12.13.02.000000 AM','DD-Mon-YY HH12:MI:SS:MS AM'),'VICTOR ADOLFO ALGARIN MARQUEZ','BARRIO JOSE FELIX RIVAS',TO_TIMESTAMP('11-SEP-08 06.53.43.000000 AM','DD-Mon-YY HH12:MI:SS:MS AM'),'NT42484','ARACNIDOS-680');
INSERT INTO VEHICULO_ROBADO VALUES('LNQ4688','MERCEDES','MICRO','1995','BLANCO',NULL,NULL);
INSERT INTO DENUNCIA_ROBO VALUES('V87677422',TO_TIMESTAMP('11-AUG-08 02.54.38.000000 AM','DD-Mon-YY HH12:MI:SS:MS AM'),'FELIX RAFAEL ALGARIN FERRER','BARRIO HOYADA',TO_TIMESTAMP('05-AUG-08 09.13.05.000000 PM','DD-Mon-YY HH12:MI:SS:MS PM'),'LNQ4688','OSOS-783');
INSERT INTO VEHICULO_ROBADO VALUES('XNWWH38','JEEP','FURGONETA','1997','NARANJA',NULL,NULL);
INSERT INTO DENUNCIA_ROBO VALUES('V7843537',TO_TIMESTAMP('03-SEP-08 10.23.52.000000 PM','DD-Mon-YY HH12:MI:SS:MS PM'),'MARISOL ADRIANA FERRER GARCIA','BARRIO LAS ADJUNTAS',TO_TIMESTAMP('03-SEP-08 04.49.59.000000 AM','DD-Mon-YY HH12:MI:SS:MS AM'),'XNWWH38','OSOS-870');
INSERT INTO VEHICULO_ROBADO VALUES('AMTJ421','CHEVROLET','CAMIONETA','1996','GRIS',NULL,NULL);
INSERT INTO DENUNCIA_ROBO VALUES('V92981067',TO_TIMESTAMP('01-SEP-08 11.23.06.000000 AM','DD-Mon-YY HH12:MI:SS:MS AM'),'MARISOL MIRIAM MENDOZA FERRER','SANTA CLARA',TO_TIMESTAMP('30-AUG-08 10.30.34.000000 AM','DD-Mon-YY HH12:MI:SS:MS AM'),'AMTJ421','TIBURONES-999');
INSERT INTO VEHICULO_ROBADO VALUES('RE65320','HYUNDAI','CAMIONETA','1997','NARANJA',NULL,NULL);
INSERT INTO DENUNCIA_ROBO VALUES('E40152377',TO_TIMESTAMP('11-SEP-08 01.09.18.000000 PM','DD-Mon-YY HH12:MI:SS:MS PM'),'ANGELA ADRIANA GALLEGOS FERNADEZ','BARRIO ANDRES BELLO',TO_TIMESTAMP('08-SEP-08 09.10.40.000000 PM','DD-Mon-YY HH12:MI:SS:MS PM'),'RE65320','OSOS-389');
INSERT INTO VEHICULO_ROBADO VALUES('GEOU594','MITSUBISHI','DEPORTIVO','1998','DORADO',NULL,NULL);
INSERT INTO DENUNCIA_ROBO VALUES('E7220748',TO_TIMESTAMP('18-SEP-08 02.34.56.000000 AM','DD-Mon-YY HH12:MI:SS:MS AM'),'EDUARDO CHRISTIAN MENDOZA FERNADEZ','BARRIO JOSE FELIX RIVAS',TO_TIMESTAMP('12-SEP-08 06.01.55.000000 AM','DD-Mon-YY HH12:MI:SS:MS AM'),'GEOU594','AGUILAS-647');
INSERT INTO VEHICULO_ROBADO VALUES('OYBG215','CHEVROLET','MICRO','2004','CAFE',NULL,NULL);
INSERT INTO DENUNCIA_ROBO VALUES('E69830549',TO_TIMESTAMP('19-SEP-08 12.48.22.000000 AM','DD-Mon-YY HH12:MI:SS:MS AM'),'DAVID RICARDO MENDOZA PEREZ','BARUTA',TO_TIMESTAMP('12-SEP-08 04.05.49.000000 AM','DD-Mon-YY HH12:MI:SS:MS AM'),'OYBG215','PANTERAS-516');
INSERT INTO VEHICULO_ROBADO VALUES('W359880','ALFA ROMEO','MICRO','1997','GRIS',NULL,NULL);
INSERT INTO DENUNCIA_ROBO VALUES('V6990311',TO_TIMESTAMP('29-AUG-08 03.47.44.000000 AM','DD-Mon-YY HH12:MI:SS:MS AM'),'PEDRO CHRISTIAN GARCIA LANDAETA','URB MONTALBAN',TO_TIMESTAMP('28-AUG-08 02.43.37.000000 AM','DD-Mon-YY HH12:MI:SS:MS AM'),'W359880','OSOS-745');
INSERT INTO VEHICULO_ROBADO VALUES('YYRAH84','VOLKSWAGEN','MICRO','2003','AZUL',NULL,NULL);
INSERT INTO DENUNCIA_ROBO VALUES('V12304668',TO_TIMESTAMP('08-AUG-08 11.41.03.000000 PM','DD-Mon-YY HH12:MI:SS:MS PM'),'ANGELA CARMEN LANDAETA SOSA','BARRIO ALBERTO RAVELL',TO_TIMESTAMP('04-AUG-08 07.52.44.000000 AM','DD-Mon-YY HH12:MI:SS:MS AM'),'YYRAH84','ARACNIDOS-378');
INSERT INTO VEHICULO_ROBADO VALUES('QUP9289','PORSCHE','SEDAN','1990','AZUL',NULL,NULL);
INSERT INTO DENUNCIA_ROBO VALUES('V58687934',TO_TIMESTAMP('18-AUG-08 02.38.05.000000 AM','DD-Mon-YY HH12:MI:SS:MS AM'),'CHRISTIAN EDUARDO ALGARIN GONZALEZ','LA CANDELARIA',TO_TIMESTAMP('11-AUG-08 05.32.53.000000 AM','DD-Mon-YY HH12:MI:SS:MS AM'),'QUP9289','LEONES-560');
INSERT INTO VEHICULO_ROBADO VALUES('ZVR9881','MITSUBISHI','MICRO','1993','ROJO',NULL,NULL);
INSERT INTO DENUNCIA_ROBO VALUES('E65168592',TO_TIMESTAMP('08-AUG-08 09.01.01.000000 PM','DD-Mon-YY HH12:MI:SS:MS PM'),'ADRIANA EMELY FERNADEZ MENDOZA','BARRIO CENTRO ITALO',TO_TIMESTAMP('03-AUG-08 07.33.01.000000 AM','DD-Mon-YY HH12:MI:SS:MS AM'),'ZVR9881','TRIGRES-797');
INSERT INTO VEHICULO_ROBADO VALUES('HHFIVW3','BMW','DEPORTIVO','1996','VERDE',NULL,NULL);
INSERT INTO DENUNCIA_ROBO VALUES('V27468651',TO_TIMESTAMP('04-AUG-08 03.50.10.000000 PM','DD-Mon-YY HH12:MI:SS:MS PM'),'CAROLINA ALICIA FERRER PEREIRA','URB BELLO MONTE',TO_TIMESTAMP('03-AUG-08 10.14.12.000000 AM','DD-Mon-YY HH12:MI:SS:MS AM'),'HHFIVW3','OSOS-134');
INSERT INTO VEHICULO_ROBADO VALUES('JCQVKA2','RENAULT','PICKUP','2006','AMARILLO',NULL,NULL);
INSERT INTO DENUNCIA_ROBO VALUES('V17428473',TO_TIMESTAMP('03-SEP-08 09.06.50.000000 PM','DD-Mon-YY HH12:MI:SS:MS PM'),'EDUARDO GUILLERMO PARRA GUERRERO','BARRIO HOYADA',TO_TIMESTAMP('03-SEP-08 04.38.08.000000 PM','DD-Mon-YY HH12:MI:SS:MS PM'),'JCQVKA2','PANTERAS-623');
INSERT INTO VEHICULO_ROBADO VALUES('VYUCM26','ALFA ROMEO','FURGONETA','1995','GRIS',NULL,NULL);
INSERT INTO DENUNCIA_ROBO VALUES('V29373012',TO_TIMESTAMP('24-AUG-08 01.11.54.000000 PM','DD-Mon-YY HH12:MI:SS:MS PM'),'VICTORIA MONICA PARRA PEREIRA','SANTA ROSA',TO_TIMESTAMP('23-AUG-08 09.03.13.000000 AM','DD-Mon-YY HH12:MI:SS:MS AM'),'VYUCM26','OSOS-745');
INSERT INTO VEHICULO_ROBADO VALUES('FBOQ387','HYUNDAI','FURGONETA','2002','ROJO',NULL,NULL);
INSERT INTO DENUNCIA_ROBO VALUES('V23189458',TO_TIMESTAMP('08-AUG-08 07.03.15.000000 AM','DD-Mon-YY HH12:MI:SS:MS AM'),'ADRIANA ANGELICA PEREZ ALGARIN','BARRIO ANDRES BELLO',TO_TIMESTAMP('01-AUG-08 07.08.38.000000 AM','DD-Mon-YY HH12:MI:SS:MS AM'),'FBOQ387','TRIGRES-797');
INSERT INTO VEHICULO_ROBADO VALUES('QCXO250','PORSCHE','SEDAN','1990','GRIS',NULL,NULL);
INSERT INTO DENUNCIA_ROBO VALUES('V62649970',TO_TIMESTAMP('03-AUG-08 12.07.43.000000 PM','DD-Mon-YY HH12:MI:SS:MS PM'),'ANA VICTORIA ALGARIN FERRER','BARRIO LA BANDERA',TO_TIMESTAMP('31-JUL-08 05.17.25.000000 PM','DD-Mon-YY HH12:MI:SS:MS PM'),'QCXO250','LEONES-848');
INSERT INTO VEHICULO_ROBADO VALUES('LY73107','JEEP','MICRO','2000','PLATA',NULL,NULL);
INSERT INTO DENUNCIA_ROBO VALUES('V43798214',TO_TIMESTAMP('09-SEP-08 01.40.01.000000 AM','DD-Mon-YY HH12:MI:SS:MS AM'),'JESUS EMILIO GALLEGOS FERRER','SAN AGUSTIN',TO_TIMESTAMP('02-SEP-08 11.33.13.000000 PM','DD-Mon-YY HH12:MI:SS:MS PM'),'LY73107','LEONES-728');
INSERT INTO VEHICULO_ROBADO VALUES('EDQ6891','HYUNDAI','FURGONETA','1992','DORADO',NULL,NULL);
INSERT INTO DENUNCIA_ROBO VALUES('E85954348',TO_TIMESTAMP('14-SEP-08 08.26.03.000000 AM','DD-Mon-YY HH12:MI:SS:MS AM'),'BEJAMIN FELIX GOMEZ CASTILLO','BARRIO LA BOMBILLA',TO_TIMESTAMP('10-SEP-08 06.37.06.000000 AM','DD-Mon-YY HH12:MI:SS:MS AM'),'EDQ6891','PANTERAS-182');
INSERT INTO VEHICULO_ROBADO VALUES('OQE5149','NISSAN','SEDAN','1994','GRIS',NULL,NULL);
INSERT INTO DENUNCIA_ROBO VALUES('E13599926',TO_TIMESTAMP('10-AUG-08 02.46.22.000000 AM','DD-Mon-YY HH12:MI:SS:MS AM'),'FELIX EMILIO FERRER GUERRA','BARRIO ALBERTO RAVELL',TO_TIMESTAMP('06-AUG-08 11.00.32.000000 AM','DD-Mon-YY HH12:MI:SS:MS AM'),'OQE5149','ZORROS-831');
INSERT INTO VEHICULO_ROBADO VALUES('O192901','CADILLAC','DEPORTIVO','1994','ROJO',NULL,NULL);
INSERT INTO DENUNCIA_ROBO VALUES('V14377248',TO_TIMESTAMP('04-AUG-08 09.55.25.000000 PM','DD-Mon-YY HH12:MI:SS:MS PM'),'FELIX JONATHAN FERRER SOSA','URB COLINAS DE LOS CAOBOS',TO_TIMESTAMP('04-AUG-08 04.50.05.000000 PM','DD-Mon-YY HH12:MI:SS:MS PM'),'O192901','ZORROS-305');
INSERT INTO VEHICULO_ROBADO VALUES('BGZ4073','NISSAN','PICKUP','2006','DORADO',NULL,NULL);
INSERT INTO DENUNCIA_ROBO VALUES('E6379161',TO_TIMESTAMP('05-SEP-08 06.00.21.000000 PM','DD-Mon-YY HH12:MI:SS:MS PM'),'LUIS BEJAMIN GALLEGOS LOPEZ','SABANA GRANDE',TO_TIMESTAMP('30-AUG-08 04.18.41.000000 PM','DD-Mon-YY HH12:MI:SS:MS PM'),'BGZ4073','AGUILAS-246');
INSERT INTO VEHICULO_ROBADO VALUES('TV61619','CADILLAC','FURGONETA','1992','AZUL',NULL,NULL);
INSERT INTO DENUNCIA_ROBO VALUES('V8426953',TO_TIMESTAMP('19-AUG-08 09.23.19.000000 PM','DD-Mon-YY HH12:MI:SS:MS PM'),'ESTEFANO DAVID TIRADO ALGARIN','BARRIO EL TRIANGULO LA VEGA',TO_TIMESTAMP('15-AUG-08 04.23.27.000000 AM','DD-Mon-YY HH12:MI:SS:MS AM'),'TV61619','TIBURONES-377');
INSERT INTO VEHICULO_ROBADO VALUES('Y424195','RENAULT','DEPORTIVO','1999','GRIS',NULL,NULL);
INSERT INTO DENUNCIA_ROBO VALUES('V98517510',TO_TIMESTAMP('22-AUG-08 07.31.38.000000 PM','DD-Mon-YY HH12:MI:SS:MS PM'),'ADRIANA ELENA LOPEZ ALGARIN','BARRIO AJURO',TO_TIMESTAMP('20-AUG-08 08.30.04.000000 PM','DD-Mon-YY HH12:MI:SS:MS PM'),'Y424195','TIBURONES-794');
INSERT INTO VEHICULO_ROBADO VALUES('TZU2723','NISSAN','CAMIONETA','2008','NARANJA',NULL,NULL);
INSERT INTO DENUNCIA_ROBO VALUES('V81042611',TO_TIMESTAMP('08-SEP-08 09.04.44.000000 PM','DD-Mon-YY HH12:MI:SS:MS PM'),'CRISTINA ROSA SOSA MARQUEZ','SARTENEJAS',TO_TIMESTAMP('03-SEP-08 07.26.03.000000 AM','DD-Mon-YY HH12:MI:SS:MS AM'),'TZU2723','PANTERAS-481');
INSERT INTO VEHICULO_ROBADO VALUES('PSCUE53','HYUNDAI','SEDAN','1997','GRIS',NULL,NULL);
INSERT INTO DENUNCIA_ROBO VALUES('E98761670',TO_TIMESTAMP('18-AUG-08 09.09.47.000000 AM','DD-Mon-YY HH12:MI:SS:MS AM'),'ISMAEL CHRISTIAN LANDAETA TORRES','BARRIO AJURO',TO_TIMESTAMP('15-AUG-08 12.53.55.000000 PM','DD-Mon-YY HH12:MI:SS:MS PM'),'PSCUE53','ZORROS-955');
INSERT INTO VEHICULO_ROBADO VALUES('CHNL894','AUDI','DEPORTIVO','2006','VERDE',NULL,NULL);
INSERT INTO DENUNCIA_ROBO VALUES('V3628190',TO_TIMESTAMP('14-AUG-08 08.09.01.000000 AM','DD-Mon-YY HH12:MI:SS:MS AM'),'ANGELA MARIA ALGARIN LANDAETA','BARRIO LA DOLORITA',TO_TIMESTAMP('07-AUG-08 08.25.05.000000 PM','DD-Mon-YY HH12:MI:SS:MS PM'),'CHNL894','TIBURONES-218');
INSERT INTO VEHICULO_ROBADO VALUES('QBSNIZ2','FORD','FURGONETA','1994','NEGRO',NULL,NULL);
INSERT INTO DENUNCIA_ROBO VALUES('E71464962',TO_TIMESTAMP('21-AUG-08 09.20.09.000000 PM','DD-Mon-YY HH12:MI:SS:MS PM'),'FELIPE RAFAEL LANDAETA TORRES','BARUTA',TO_TIMESTAMP('15-AUG-08 02.20.54.000000 AM','DD-Mon-YY HH12:MI:SS:MS AM'),'QBSNIZ2','TRIGRES-991');
INSERT INTO VEHICULO_ROBADO VALUES('KKDEF29','CHEVROLET','SEDAN','2005','NARANJA',NULL,NULL);
INSERT INTO DENUNCIA_ROBO VALUES('E18295949',TO_TIMESTAMP('14-SEP-08 03.42.31.000000 PM','DD-Mon-YY HH12:MI:SS:MS PM'),'ANDREINA MARIA FERNADEZ GOMEZ','BARRIO AGUA AMARILLA',TO_TIMESTAMP('09-SEP-08 10.35.53.000000 PM','DD-Mon-YY HH12:MI:SS:MS PM'),'KKDEF29','OSOS-182');
INSERT INTO VEHICULO_ROBADO VALUES('LSXYI20','MAZDA','FURGONETA','2000','PLATA',NULL,NULL);
INSERT INTO DENUNCIA_ROBO VALUES('E48828347',TO_TIMESTAMP('11-SEP-08 06.44.46.000000 AM','DD-Mon-YY HH12:MI:SS:MS AM'),'LUIS ESTEFANO LOPEZ ZAMBRANO','URB MONTALBAN',TO_TIMESTAMP('08-SEP-08 08.25.02.000000 PM','DD-Mon-YY HH12:MI:SS:MS PM'),'LSXYI20','OSOS-771');
INSERT INTO VEHICULO_ROBADO VALUES('CKU1184','LAND ROVER','MICRO','1992','BLANCO',NULL,NULL);
INSERT INTO DENUNCIA_ROBO VALUES('E31895013',TO_TIMESTAMP('11-AUG-08 07.28.04.000000 PM','DD-Mon-YY HH12:MI:SS:MS PM'),'BEJAMIN FELIPE PEREIRA CASTILLO','URB ALTA FLORIDA',TO_TIMESTAMP('06-AUG-08 12.31.09.000000 PM','DD-Mon-YY HH12:MI:SS:MS PM'),'CKU1184','OSOS-401');
INSERT INTO VEHICULO_ROBADO VALUES('FCAYBC5','BMW','SEDAN','2003','NARANJA',NULL,NULL);
INSERT INTO DENUNCIA_ROBO VALUES('E17711393',TO_TIMESTAMP('13-AUG-08 11.32.20.000000 PM','DD-Mon-YY HH12:MI:SS:MS PM'),'ANTONIO CHRISTIAN CASTILLO SOSA','SANTA FE',TO_TIMESTAMP('13-AUG-08 11.05.11.000000 AM','DD-Mon-YY HH12:MI:SS:MS AM'),'FCAYBC5','ARACNIDOS-163');
INSERT INTO VEHICULO_ROBADO VALUES('JI10481','MERCEDES','PICKUP','1998','NEGRO',NULL,NULL);
INSERT INTO DENUNCIA_ROBO VALUES('E73234939',TO_TIMESTAMP('07-SEP-08 05.49.05.000000 AM','DD-Mon-YY HH12:MI:SS:MS AM'),'FELIX EMILIO PEREIRA PARRA','CARMELITAS',TO_TIMESTAMP('02-SEP-08 02.20.43.000000 AM','DD-Mon-YY HH12:MI:SS:MS AM'),'JI10481','OSOS-389');
INSERT INTO VEHICULO_ROBADO VALUES('VAILY83','CITROEN','PICKUP','1999','GRIS',NULL,NULL);
INSERT INTO DENUNCIA_ROBO VALUES('E18041609',TO_TIMESTAMP('13-AUG-08 02.04.24.000000 AM','DD-Mon-YY HH12:MI:SS:MS AM'),'CAROLINA ANA SOSA FERRER','SARTENEJAS',TO_TIMESTAMP('07-AUG-08 11.45.28.000000 PM','DD-Mon-YY HH12:MI:SS:MS PM'),'VAILY83','TRIGRES-176');
INSERT INTO VEHICULO_ROBADO VALUES('B788240','PEUGOT','FURGONETA','2000','BLANCO',NULL,NULL);
INSERT INTO DENUNCIA_ROBO VALUES('E45068803',TO_TIMESTAMP('23-AUG-08 11.39.59.000000 AM','DD-Mon-YY HH12:MI:SS:MS AM'),'MIRIAM ELENA PARRA GUERRA','URB LOS GUAYABITOS',TO_TIMESTAMP('19-AUG-08 04.50.50.000000 PM','DD-Mon-YY HH12:MI:SS:MS PM'),'B788240','TRIGRES-176');
INSERT INTO VEHICULO_ROBADO VALUES('JYH4069','SEAT','DEPORTIVO','1992','CAFE',NULL,NULL);
INSERT INTO DENUNCIA_ROBO VALUES('E9627326',TO_TIMESTAMP('07-SEP-08 04.13.41.000000 PM','DD-Mon-YY HH12:MI:SS:MS PM'),'VICTORIA MONICA GARCIA LOPEZ','PARAISO',TO_TIMESTAMP('02-SEP-08 11.44.31.000000 AM','DD-Mon-YY HH12:MI:SS:MS AM'),'JYH4069','OSOS-868');
INSERT INTO VEHICULO_ROBADO VALUES('OU16638','CADILLAC','PICKUP','1992','VERDE',NULL,NULL);
INSERT INTO DENUNCIA_ROBO VALUES('V49981791',TO_TIMESTAMP('26-AUG-08 04.42.10.000000 PM','DD-Mon-YY HH12:MI:SS:MS PM'),'ALEJANDRA LILIAN FERNADEZ GALLEGOS','ARAGUITA',TO_TIMESTAMP('25-AUG-08 07.18.38.000000 AM','DD-Mon-YY HH12:MI:SS:MS AM'),'OU16638','ZORROS-775');
INSERT INTO VEHICULO_ROBADO VALUES('IGRWH20','SEAT','DEPORTIVO','1990','NEGRO',NULL,NULL);
INSERT INTO DENUNCIA_ROBO VALUES('E77057778',TO_TIMESTAMP('06-SEP-08 01.38.48.000000 PM','DD-Mon-YY HH12:MI:SS:MS PM'),'DAVID RICARDO GARCIA CASTILLO','CANDELARIA',TO_TIMESTAMP('31-AUG-08 08.49.55.000000 PM','DD-Mon-YY HH12:MI:SS:MS PM'),'IGRWH20','LEONES-273');
INSERT INTO VEHICULO_ROBADO VALUES('QTP4853','MAZDA','PICKUP','1993','NARANJA',NULL,NULL);
INSERT INTO DENUNCIA_ROBO VALUES('E91262127',TO_TIMESTAMP('09-AUG-08 12.58.03.000000 AM','DD-Mon-YY HH12:MI:SS:MS AM'),'EDUARDO CHRISTIAN MENDOZA PEREZ','SABANA GRANDE',TO_TIMESTAMP('07-AUG-08 10.22.16.000000 PM','DD-Mon-YY HH12:MI:SS:MS PM'),'QTP4853','PANTERAS-456');
INSERT INTO VEHICULO_ROBADO VALUES('FKBKXZ6','DAEWOO','SEDAN','1995','DORADO',NULL,NULL);
INSERT INTO DENUNCIA_ROBO VALUES('V26322083',TO_TIMESTAMP('11-AUG-08 01.22.19.000000 AM','DD-Mon-YY HH12:MI:SS:MS AM'),'CARLOS CHRISTIAN PARRA ZAMBRANO','LA CANDELARIA',TO_TIMESTAMP('04-AUG-08 11.37.41.000000 PM','DD-Mon-YY HH12:MI:SS:MS PM'),'FKBKXZ6','OSOS-675');
INSERT INTO VEHICULO_ROBADO VALUES('MIGOW16','PEUGOT','DEPORTIVO','1999','GRIS',NULL,NULL);
INSERT INTO DENUNCIA_ROBO VALUES('E75570861',TO_TIMESTAMP('13-AUG-08 12.48.43.000000 AM','DD-Mon-YY HH12:MI:SS:MS AM'),'MIRIAM ESTHER CASTILLO ALGARIN','URB BELLO MONTE',TO_TIMESTAMP('08-AUG-08 01.41.52.000000 PM','DD-Mon-YY HH12:MI:SS:MS PM'),'MIGOW16','PANTERAS-319');
INSERT INTO VEHICULO_ROBADO VALUES('POBZG13','PORSCHE','FURGONETA','1998','CAFE',NULL,NULL);
INSERT INTO DENUNCIA_ROBO VALUES('E86972397',TO_TIMESTAMP('19-AUG-08 07.54.14.000000 AM','DD-Mon-YY HH12:MI:SS:MS AM'),'CARMEN ALEJANDRA ALGARIN TIRADO','U.C.V.',TO_TIMESTAMP('17-AUG-08 06.53.04.000000 PM','DD-Mon-YY HH12:MI:SS:MS PM'),'POBZG13','PANTERAS-744');
INSERT INTO VEHICULO_ROBADO VALUES('GEPWOK7','AUDI','FURGONETA','1992','NEGRO',NULL,NULL);
INSERT INTO DENUNCIA_ROBO VALUES('E87656556',TO_TIMESTAMP('13-SEP-08 08.26.16.000000 PM','DD-Mon-YY HH12:MI:SS:MS PM'),'CRISTINA ALEJANDRA GARCIA FERRER','BARRIO JOSE FELIX RIVAS',TO_TIMESTAMP('10-SEP-08 12.49.58.000000 AM','DD-Mon-YY HH12:MI:SS:MS AM'),'GEPWOK7','ARACNIDOS-167');
INSERT INTO VEHICULO_ROBADO VALUES('LITPTW8','MITSUBISHI','MICRO','1999','CAFE',NULL,NULL);
INSERT INTO DENUNCIA_ROBO VALUES('V66396644',TO_TIMESTAMP('28-AUG-08 06.34.17.000000 AM','DD-Mon-YY HH12:MI:SS:MS AM'),'ANGELICA DANIELA GOMEZ PARRA','SABANA GRANDE',TO_TIMESTAMP('25-AUG-08 06.05.12.000000 PM','DD-Mon-YY HH12:MI:SS:MS PM'),'LITPTW8','TIBURONES-881');
INSERT INTO VEHICULO_ROBADO VALUES('FDXGHF6','RENAULT','DEPORTIVO','2001','NARANJA',NULL,NULL);
INSERT INTO DENUNCIA_ROBO VALUES('V62732264',TO_TIMESTAMP('01-SEP-08 11.32.27.000000 AM','DD-Mon-YY HH12:MI:SS:MS AM'),'DANIELA ESTHER GUERRA FERRER','SABANA GRANDE',TO_TIMESTAMP('28-AUG-08 03.03.05.000000 AM','DD-Mon-YY HH12:MI:SS:MS AM'),'FDXGHF6','OSOS-529');
INSERT INTO VEHICULO_ROBADO VALUES('E991627','PEUGOT','PICKUP','2000','NARANJA',NULL,NULL);
INSERT INTO DENUNCIA_ROBO VALUES('E28975168',TO_TIMESTAMP('16-AUG-08 09.27.32.000000 AM','DD-Mon-YY HH12:MI:SS:MS AM'),'JESUS CHRISTIAN GIRALDEZ GUERRA','LA VEGA',TO_TIMESTAMP('10-AUG-08 09.16.07.000000 PM','DD-Mon-YY HH12:MI:SS:MS PM'),'E991627','TIBURONES-293');
INSERT INTO VEHICULO_ROBADO VALUES('YJXJX28','DODGE','DEPORTIVO','1995','DORADO',NULL,NULL);
INSERT INTO DENUNCIA_ROBO VALUES('V75199745',TO_TIMESTAMP('14-SEP-08 09.27.47.000000 PM','DD-Mon-YY HH12:MI:SS:MS PM'),'MARISOL MIRIAM GOMEZ FERNADEZ','PARROQUIA SANTA TERESA',TO_TIMESTAMP('10-SEP-08 03.28.41.000000 PM','DD-Mon-YY HH12:MI:SS:MS PM'),'YJXJX28','OSOS-844');
INSERT INTO VEHICULO_ROBADO VALUES('OWWESM1','MAZDA','PICKUP','1991','PLATA',NULL,NULL);
INSERT INTO DENUNCIA_ROBO VALUES('V28260143',TO_TIMESTAMP('28-AUG-08 02.24.30.000000 PM','DD-Mon-YY HH12:MI:SS:MS PM'),'CARLOS RAFAEL GALLEGOS CASTILLO','CAFETAL',TO_TIMESTAMP('27-AUG-08 12.21.38.000000 PM','DD-Mon-YY HH12:MI:SS:MS PM'),'OWWESM1','AGUILAS-383');
INSERT INTO VEHICULO_ROBADO VALUES('Z593316','DAEWOO','MICRO','2000','DORADO',NULL,NULL);
INSERT INTO DENUNCIA_ROBO VALUES('V15681651',TO_TIMESTAMP('07-SEP-08 04.03.55.000000 PM','DD-Mon-YY HH12:MI:SS:MS PM'),'MIRIAM ANGELA GOMEZ FERNADEZ','URB LOS CAOBOS',TO_TIMESTAMP('02-SEP-08 03.43.10.000000 PM','DD-Mon-YY HH12:MI:SS:MS PM'),'Z593316','ZORROS-492');
INSERT INTO VEHICULO_ROBADO VALUES('PE55583','JEEP','CAMIONETA','1999','VIOLETA',NULL,NULL);
INSERT INTO DENUNCIA_ROBO VALUES('E68212128',TO_TIMESTAMP('16-AUG-08 07.15.24.000000 AM','DD-Mon-YY HH12:MI:SS:MS AM'),'LUIS ESTEFANO LANDAETA GARCIA','CAFETAL',TO_TIMESTAMP('11-AUG-08 01.33.06.000000 PM','DD-Mon-YY HH12:MI:SS:MS PM'),'PE55583','OSOS-773');
INSERT INTO VEHICULO_ROBADO VALUES('RWINEU5','HYUNDAI','PICKUP','1993','CAFE',NULL,NULL);
INSERT INTO DENUNCIA_ROBO VALUES('E48090841',TO_TIMESTAMP('12-SEP-08 11.36.20.000000 AM','DD-Mon-YY HH12:MI:SS:MS AM'),'ISMAEL BEJAMIN PEREIRA LANDAETA','BARRIO BRISAS DEL PARAISO',TO_TIMESTAMP('10-SEP-08 03.52.44.000000 PM','DD-Mon-YY HH12:MI:SS:MS PM'),'RWINEU5','TRIGRES-797');
INSERT INTO VEHICULO_ROBADO VALUES('BXT4583','JEEP','CAMIONETA','1999','NEGRO',NULL,NULL);
INSERT INTO DENUNCIA_ROBO VALUES('E61936813',TO_TIMESTAMP('03-AUG-08 11.00.20.000000 PM','DD-Mon-YY HH12:MI:SS:MS PM'),'VICTOR LEONARDO FERNADEZ GALLEGOS','URB COLINAS DE LOS CAOBOS',TO_TIMESTAMP('03-AUG-08 05.10.52.000000 AM','DD-Mon-YY HH12:MI:SS:MS AM'),'BXT4583','TIBURONES-910');
INSERT INTO VEHICULO_ROBADO VALUES('PMHBIQ9','DAEWOO','DEPORTIVO','1995','ROJO',NULL,NULL);
INSERT INTO DENUNCIA_ROBO VALUES('E15859722',TO_TIMESTAMP('06-AUG-08 08.33.43.000000 AM','DD-Mon-YY HH12:MI:SS:MS AM'),'GABRIELA TERESA GIRALDEZ GUERRERO','LA VEGA',TO_TIMESTAMP('05-AUG-08 07.14.38.000000 AM','DD-Mon-YY HH12:MI:SS:MS AM'),'PMHBIQ9','OSOS-780');
INSERT INTO VEHICULO_ROBADO VALUES('KAH8669','VOLKSWAGEN','CAMIONETA','1996','VIOLETA',NULL,NULL);
INSERT INTO DENUNCIA_ROBO VALUES('V8140412',TO_TIMESTAMP('12-AUG-08 01.20.07.000000 AM','DD-Mon-YY HH12:MI:SS:MS AM'),'JOSE EDUARDO CASTILLO GARCIA','U.C.V.',TO_TIMESTAMP('05-AUG-08 10.46.34.000000 PM','DD-Mon-YY HH12:MI:SS:MS PM'),'KAH8669','AGUILAS-383');
INSERT INTO VEHICULO_ROBADO VALUES('XDGP359','ALFA ROMEO','SEDAN','2007','DORADO',NULL,NULL);
INSERT INTO DENUNCIA_ROBO VALUES('V38203549',TO_TIMESTAMP('24-AUG-08 01.57.57.000000 PM','DD-Mon-YY HH12:MI:SS:MS PM'),'PEDRO RAFAEL FERNADEZ TORRES','BARRIO EL TRIANGULO EL CEMENTERIO',TO_TIMESTAMP('18-AUG-08 08.35.53.000000 AM','DD-Mon-YY HH12:MI:SS:MS AM'),'XDGP359','PANTERAS-481');
INSERT INTO VEHICULO_ROBADO VALUES('Q397101','PORSCHE','PICKUP','2001','AZUL',NULL,NULL);
INSERT INTO DENUNCIA_ROBO VALUES('E86661228',TO_TIMESTAMP('12-AUG-08 12.14.52.000000 AM','DD-Mon-YY HH12:MI:SS:MS AM'),'CAROLINA CRISTINA GUERRA FERNADEZ','ARAGUITA',TO_TIMESTAMP('09-AUG-08 09.14.38.000000 AM','DD-Mon-YY HH12:MI:SS:MS AM'),'Q397101','ZORROS-955');
INSERT INTO VEHICULO_ROBADO VALUES('HHC5235','DAEWOO','MICRO','1999','PLATA',NULL,NULL);
INSERT INTO DENUNCIA_ROBO VALUES('E14576014',TO_TIMESTAMP('02-AUG-08 06.04.25.000000 AM','DD-Mon-YY HH12:MI:SS:MS AM'),'ADRIANA ANGELICA PEREZ GOMEZ','SANTA CLARA',TO_TIMESTAMP('01-AUG-08 09.27.27.000000 AM','DD-Mon-YY HH12:MI:SS:MS AM'),'HHC5235','TIBURONES-794');
INSERT INTO VEHICULO_ROBADO VALUES('XYR3512','ALFA ROMEO','MICRO','2001','AMARILLO',NULL,NULL);
INSERT INTO DENUNCIA_ROBO VALUES('E58577127',TO_TIMESTAMP('17-AUG-08 12.44.17.000000 AM','DD-Mon-YY HH12:MI:SS:MS AM'),'GABRIELA MIRIAM GUERRERO LANDAETA','SARRIA',TO_TIMESTAMP('10-AUG-08 09.47.24.000000 PM','DD-Mon-YY HH12:MI:SS:MS PM'),'XYR3512','ZORROS-329');
INSERT INTO VEHICULO_ROBADO VALUES('SS61028','HYUNDAI','CAMIONETA','2004','GRIS',NULL,NULL);
INSERT INTO DENUNCIA_ROBO VALUES('E75023425',TO_TIMESTAMP('09-SEP-08 08.03.02.000000 AM','DD-Mon-YY HH12:MI:SS:MS AM'),'ADRIANA EMELY ALGARIN PEREZ','BARRIO CORTADA DE CATIA',TO_TIMESTAMP('06-SEP-08 01.47.58.000000 AM','DD-Mon-YY HH12:MI:SS:MS AM'),'SS61028','ZORROS-116');
INSERT INTO VEHICULO_ROBADO VALUES('JE74134','MASERATI','SEDAN','2002','AMARILLO',NULL,NULL);
INSERT INTO DENUNCIA_ROBO VALUES('E75489163',TO_TIMESTAMP('16-SEP-08 08.02.38.000000 PM','DD-Mon-YY HH12:MI:SS:MS PM'),'GUILLERMO PEDRO CASTILLO GUERRERO','BARRIO CARAPITA',TO_TIMESTAMP('13-SEP-08 12.49.48.000000 PM','DD-Mon-YY HH12:MI:SS:MS PM'),'JE74134','ZORROS-492');
INSERT INTO VEHICULO_ROBADO VALUES('QLFPC51','RENAULT','FURGONETA','2005','NARANJA',NULL,NULL);
INSERT INTO DENUNCIA_ROBO VALUES('E10871988',TO_TIMESTAMP('02-AUG-08 01.57.40.000000 PM','DD-Mon-YY HH12:MI:SS:MS PM'),'ELENA TERESA FERRER ADRIAN','PEREZ BONALDE',TO_TIMESTAMP('31-JUL-08 04.51.39.000000 AM','DD-Mon-YY HH12:MI:SS:MS AM'),'QLFPC51','PANTERAS-744');
INSERT INTO VEHICULO_ROBADO VALUES('KTE4529','AUDI','SEDAN','2005','GRIS',NULL,NULL);
INSERT INTO DENUNCIA_ROBO VALUES('E36783750',TO_TIMESTAMP('01-AUG-08 01.13.47.000000 PM','DD-Mon-YY HH12:MI:SS:MS PM'),'ANGELICA LILIAN GALLEGOS LANDAETA','URB BELLO MONTE',TO_TIMESTAMP('31-JUL-08 04.17.50.000000 PM','DD-Mon-YY HH12:MI:SS:MS PM'),'KTE4529','ARACNIDOS-163');
INSERT INTO VEHICULO_ROBADO VALUES('VLVS127','AUDI','DEPORTIVO','1991','PLATA',NULL,NULL);
INSERT INTO DENUNCIA_ROBO VALUES('E82580990',TO_TIMESTAMP('23-AUG-08 02.56.41.000000 AM','DD-Mon-YY HH12:MI:SS:MS AM'),'JESUS BEJAMIN SOSA CASTILLO','URB MONTALBAN',TO_TIMESTAMP('18-AUG-08 09.34.50.000000 PM','DD-Mon-YY HH12:MI:SS:MS PM'),'VLVS127','OSOS-359');
INSERT INTO VEHICULO_ROBADO VALUES('IHA8473','AUDI','DEPORTIVO','2005','NARANJA',NULL,NULL);
INSERT INTO DENUNCIA_ROBO VALUES('E99833938',TO_TIMESTAMP('07-AUG-08 10.19.11.000000 AM','DD-Mon-YY HH12:MI:SS:MS AM'),'ANTONIO CHRISTIAN MENDOZA TIRADO','SANTA FE',TO_TIMESTAMP('02-AUG-08 07.27.26.000000 AM','DD-Mon-YY HH12:MI:SS:MS AM'),'IHA8473','LEONES-848');
INSERT INTO DETENCION VALUES('ZORROS-831',TO_TIMESTAMP('16-SEP-08 07.20.04.000000 AM','DD-Mon-YY HH12:MI:SS:MS AM'),'QUINTA CRESPO');
INSERT INTO VEHICULO_ROBADO VALUES('ZGAWU24','CHEVROLET','DEPORTIVO','1998','AMARILLO','ZORROS-831',TO_TIMESTAMP('16-SEP-08 07.20.04.000000 AM','DD-Mon-YY HH12:MI:SS:MS AM'));
INSERT INTO SOSPECHOSO VALUES('V5684621','ALEJANDRA ANA PEREZ ALGARIN',3585885);
INSERT INTO SE_DETIENE VALUES('V5684621','ZORROS-831',TO_TIMESTAMP('16-SEP-08 07.20.04.000000 AM','DD-Mon-YY HH12:MI:SS:MS AM'));
INSERT INTO SE_DETIENE VALUES('E54332266','ZORROS-831',TO_TIMESTAMP('16-SEP-08 07.20.04.000000 AM','DD-Mon-YY HH12:MI:SS:MS AM'));
INSERT INTO SE_DETIENE VALUES('E7573923','ZORROS-831',TO_TIMESTAMP('16-SEP-08 07.20.04.000000 AM','DD-Mon-YY HH12:MI:SS:MS AM'));
INSERT INTO SE_DETIENE VALUES('E7573923','ZORROS-831',TO_TIMESTAMP('16-SEP-08 07.20.04.000000 AM','DD-Mon-YY HH12:MI:SS:MS AM'));
INSERT INTO SE_DETIENE VALUES('E72114586','ZORROS-831',TO_TIMESTAMP('16-SEP-08 07.20.04.000000 AM','DD-Mon-YY HH12:MI:SS:MS AM'));
INSERT INTO DETENCION VALUES('LEONES-798',TO_TIMESTAMP('25-SEP-08 10.20.08.000000 PM','DD-Mon-YY HH12:MI:SS:MS PM'),'URB PARQUE CENTRAL');
INSERT INTO VEHICULO_ROBADO VALUES('ABQJ260','CHEVROLET','MICRO','1995','NARANJA','LEONES-798',TO_TIMESTAMP('25-SEP-08 10.20.08.000000 PM','DD-Mon-YY HH12:MI:SS:MS PM'));
INSERT INTO SOSPECHOSO VALUES('V98742110','TOMAS RAFAEL LOPEZ ADRIAN',8461575);
INSERT INTO SE_DETIENE VALUES('V98742110','LEONES-798',TO_TIMESTAMP('25-SEP-08 10.20.08.000000 PM','DD-Mon-YY HH12:MI:SS:MS PM'));
INSERT INTO SE_DETIENE VALUES('E28171064','LEONES-798',TO_TIMESTAMP('25-SEP-08 10.20.08.000000 PM','DD-Mon-YY HH12:MI:SS:MS PM'));
INSERT INTO SE_DETIENE VALUES('E11842475','LEONES-798',TO_TIMESTAMP('25-SEP-08 10.20.08.000000 PM','DD-Mon-YY HH12:MI:SS:MS PM'));
INSERT INTO SE_DETIENE VALUES('E28171064','LEONES-798',TO_TIMESTAMP('25-SEP-08 10.20.08.000000 PM','DD-Mon-YY HH12:MI:SS:MS PM'));
INSERT INTO SE_DETIENE VALUES('V20657353','LEONES-798',TO_TIMESTAMP('25-SEP-08 10.20.08.000000 PM','DD-Mon-YY HH12:MI:SS:MS PM'));
INSERT INTO SE_DETIENE VALUES('E12104514','LEONES-798',TO_TIMESTAMP('25-SEP-08 10.20.08.000000 PM','DD-Mon-YY HH12:MI:SS:MS PM'));
INSERT INTO DETENCION VALUES('LEONES-632',TO_TIMESTAMP('10-SEP-08 07.37.30.000000 PM','DD-Mon-YY HH12:MI:SS:MS PM'),'SARRIA');
INSERT INTO VEHICULO_ROBADO VALUES('WVDE436','LEXUS','SEDAN','2003','GRIS','LEONES-632',TO_TIMESTAMP('10-SEP-08 07.37.30.000000 PM','DD-Mon-YY HH12:MI:SS:MS PM'));
INSERT INTO SOSPECHOSO VALUES('E24868531','ADOLFO PEDRO GALLEGOS FERNADEZ',3223634);
INSERT INTO SE_DETIENE VALUES('E24868531','LEONES-632',TO_TIMESTAMP('10-SEP-08 07.37.30.000000 PM','DD-Mon-YY HH12:MI:SS:MS PM'));
INSERT INTO SE_DETIENE VALUES('E27157964','LEONES-632',TO_TIMESTAMP('10-SEP-08 07.37.30.000000 PM','DD-Mon-YY HH12:MI:SS:MS PM'));
INSERT INTO SE_DETIENE VALUES('E12104514','LEONES-632',TO_TIMESTAMP('10-SEP-08 07.37.30.000000 PM','DD-Mon-YY HH12:MI:SS:MS PM'));
INSERT INTO SE_DETIENE VALUES('E28171064','LEONES-632',TO_TIMESTAMP('10-SEP-08 07.37.30.000000 PM','DD-Mon-YY HH12:MI:SS:MS PM'));
INSERT INTO DETENCION VALUES('LEONES-136',TO_TIMESTAMP('16-SEP-08 03.40.50.000000 PM','DD-Mon-YY HH12:MI:SS:MS PM'),'BARRIO CAMPO RICO');
INSERT INTO VEHICULO_ROBADO VALUES('RX50540','VOLKSWAGEN','FURGONETA','1994','ROJO','LEONES-136',TO_TIMESTAMP('16-SEP-08 03.40.50.000000 PM','DD-Mon-YY HH12:MI:SS:MS PM'));
INSERT INTO SOSPECHOSO VALUES('V77920965','CARMEN ANGELICA TIRADO GARCIA',3478351);
INSERT INTO SE_DETIENE VALUES('V77920965','LEONES-136',TO_TIMESTAMP('16-SEP-08 03.40.50.000000 PM','DD-Mon-YY HH12:MI:SS:MS PM'));
INSERT INTO SE_DETIENE VALUES('E67566095','LEONES-136',TO_TIMESTAMP('16-SEP-08 03.40.50.000000 PM','DD-Mon-YY HH12:MI:SS:MS PM'));
INSERT INTO SE_DETIENE VALUES('E99792858','LEONES-136',TO_TIMESTAMP('16-SEP-08 03.40.50.000000 PM','DD-Mon-YY HH12:MI:SS:MS PM'));
INSERT INTO SE_DETIENE VALUES('V16481829','LEONES-136',TO_TIMESTAMP('16-SEP-08 03.40.50.000000 PM','DD-Mon-YY HH12:MI:SS:MS PM'));
INSERT INTO SE_DETIENE VALUES('E8762669','LEONES-136',TO_TIMESTAMP('16-SEP-08 03.40.50.000000 PM','DD-Mon-YY HH12:MI:SS:MS PM'));
INSERT INTO DETENCION VALUES('ZORROS-426',TO_TIMESTAMP('28-OCT-08 04.40.55.000000 PM','DD-Mon-YY HH12:MI:SS:MS PM'),'BARRIO EL CALVARIO');
INSERT INTO VEHICULO_ROBADO VALUES('IOSLBF7','FIAT','CAMIONETA','1995','BLANCO','ZORROS-426',TO_TIMESTAMP('28-OCT-08 04.40.55.000000 PM','DD-Mon-YY HH12:MI:SS:MS PM'));
INSERT INTO SOSPECHOSO VALUES('E59994011','CARMEN ROSA GARCIA CASTILLO',4956435);
INSERT INTO SE_DETIENE VALUES('E59994011','ZORROS-426',TO_TIMESTAMP('28-OCT-08 04.40.55.000000 PM','DD-Mon-YY HH12:MI:SS:MS PM'));
INSERT INTO SE_DETIENE VALUES('E7573923','ZORROS-426',TO_TIMESTAMP('28-OCT-08 04.40.55.000000 PM','DD-Mon-YY HH12:MI:SS:MS PM'));
INSERT INTO SE_DETIENE VALUES('E72114586','ZORROS-426',TO_TIMESTAMP('28-OCT-08 04.40.55.000000 PM','DD-Mon-YY HH12:MI:SS:MS PM'));
INSERT INTO DETENCION VALUES('OSOS-331',TO_TIMESTAMP('30-SEP-08 09.02.13.000000 PM','DD-Mon-YY HH12:MI:SS:MS PM'),'CARMELITAS');
INSERT INTO VEHICULO_ROBADO VALUES('BJEI883','NISSAN','SEDAN','2004','ROJO','OSOS-331',TO_TIMESTAMP('30-SEP-08 09.02.13.000000 PM','DD-Mon-YY HH12:MI:SS:MS PM'));
INSERT INTO SOSPECHOSO VALUES('V67530930','LEONARDO EDUARDO GIRALDEZ GUERRA',4729576);
INSERT INTO SE_DETIENE VALUES('V67530930','OSOS-331',TO_TIMESTAMP('30-SEP-08 09.02.13.000000 PM','DD-Mon-YY HH12:MI:SS:MS PM'));
INSERT INTO SE_DETIENE VALUES('V15163962','OSOS-331',TO_TIMESTAMP('30-SEP-08 09.02.13.000000 PM','DD-Mon-YY HH12:MI:SS:MS PM'));
INSERT INTO SE_DETIENE VALUES('V47381153','OSOS-331',TO_TIMESTAMP('30-SEP-08 09.02.13.000000 PM','DD-Mon-YY HH12:MI:SS:MS PM'));
INSERT INTO DETENCION VALUES('OSOS-868',TO_TIMESTAMP('13-AUG-08 02.53.08.000000 AM','DD-Mon-YY HH12:MI:SS:MS AM'),'BARRIO ALBERTO RAVELL');
INSERT INTO VEHICULO_ROBADO VALUES('FE55228','PEUGOT','CAMIONETA','1992','DORADO','OSOS-868',TO_TIMESTAMP('13-AUG-08 02.53.08.000000 AM','DD-Mon-YY HH12:MI:SS:MS AM'));
INSERT INTO SOSPECHOSO VALUES('V26243976','CRISTINA ANGELICA GALLEGOS TIRADO',8749378);
INSERT INTO SE_DETIENE VALUES('V26243976','OSOS-868',TO_TIMESTAMP('13-AUG-08 02.53.08.000000 AM','DD-Mon-YY HH12:MI:SS:MS AM'));
INSERT INTO SE_DETIENE VALUES('V16594596','OSOS-868',TO_TIMESTAMP('13-AUG-08 02.53.08.000000 AM','DD-Mon-YY HH12:MI:SS:MS AM'));
INSERT INTO SE_DETIENE VALUES('E72761183','OSOS-868',TO_TIMESTAMP('13-AUG-08 02.53.08.000000 AM','DD-Mon-YY HH12:MI:SS:MS AM'));
INSERT INTO SE_DETIENE VALUES('E12104514','OSOS-868',TO_TIMESTAMP('13-AUG-08 02.53.08.000000 AM','DD-Mon-YY HH12:MI:SS:MS AM'));
INSERT INTO SE_DETIENE VALUES('E28171064','OSOS-868',TO_TIMESTAMP('13-AUG-08 02.53.08.000000 AM','DD-Mon-YY HH12:MI:SS:MS AM'));
INSERT INTO DETENCION VALUES('OSOS-340',TO_TIMESTAMP('12-OCT-08 04.02.29.000000 AM','DD-Mon-YY HH12:MI:SS:MS AM'),'ANTIMANO');
INSERT INTO VEHICULO_ROBADO VALUES('YBU4000','PORSCHE','FURGONETA','1996','VERDE','OSOS-340',TO_TIMESTAMP('12-OCT-08 04.02.29.000000 AM','DD-Mon-YY HH12:MI:SS:MS AM'));
INSERT INTO SOSPECHOSO VALUES('V5712733','CRISTINA ANGELICA TIRADO GUERRA',3392879);
INSERT INTO SE_DETIENE VALUES('V5712733','OSOS-340',TO_TIMESTAMP('12-OCT-08 04.02.29.000000 AM','DD-Mon-YY HH12:MI:SS:MS AM'));
INSERT INTO SE_DETIENE VALUES('V4220431','OSOS-340',TO_TIMESTAMP('12-OCT-08 04.02.29.000000 AM','DD-Mon-YY HH12:MI:SS:MS AM'));
INSERT INTO SE_DETIENE VALUES('E42844779','OSOS-340',TO_TIMESTAMP('12-OCT-08 04.02.29.000000 AM','DD-Mon-YY HH12:MI:SS:MS AM'));
INSERT INTO SE_DETIENE VALUES('E67566095','OSOS-340',TO_TIMESTAMP('12-OCT-08 04.02.29.000000 AM','DD-Mon-YY HH12:MI:SS:MS AM'));
INSERT INTO DETENCION VALUES('OSOS-868',TO_TIMESTAMP('09-OCT-08 01.15.38.000000 AM','DD-Mon-YY HH12:MI:SS:MS AM'),'URB LAS PALMAS');
INSERT INTO VEHICULO_ROBADO VALUES('CTT8246','FORD','PICKUP','1993','DORADO','OSOS-868',TO_TIMESTAMP('09-OCT-08 01.15.38.000000 AM','DD-Mon-YY HH12:MI:SS:MS AM'));
INSERT INTO SOSPECHOSO VALUES('V31926506','GUILLERMO LUIS GUERRERO GIRALDEZ',2271358);
INSERT INTO SE_DETIENE VALUES('V31926506','OSOS-868',TO_TIMESTAMP('09-OCT-08 01.15.38.000000 AM','DD-Mon-YY HH12:MI:SS:MS AM'));
INSERT INTO SE_DETIENE VALUES('V47381153','OSOS-868',TO_TIMESTAMP('09-OCT-08 01.15.38.000000 AM','DD-Mon-YY HH12:MI:SS:MS AM'));
INSERT INTO SE_DETIENE VALUES('V16594596','OSOS-868',TO_TIMESTAMP('09-OCT-08 01.15.38.000000 AM','DD-Mon-YY HH12:MI:SS:MS AM'));
INSERT INTO SE_DETIENE VALUES('E87321506','OSOS-868',TO_TIMESTAMP('09-OCT-08 01.15.38.000000 AM','DD-Mon-YY HH12:MI:SS:MS AM'));
INSERT INTO SE_DETIENE VALUES('E72761183','OSOS-868',TO_TIMESTAMP('09-OCT-08 01.15.38.000000 AM','DD-Mon-YY HH12:MI:SS:MS AM'));
INSERT INTO SE_DETIENE VALUES('E29499849','OSOS-868',TO_TIMESTAMP('09-OCT-08 01.15.38.000000 AM','DD-Mon-YY HH12:MI:SS:MS AM'));
INSERT INTO DETENCION VALUES('ARACNIDOS-446',TO_TIMESTAMP('24-OCT-08 11.06.39.000000 AM','DD-Mon-YY HH12:MI:SS:MS AM'),'URB CHACAITO');
INSERT INTO VEHICULO_ROBADO VALUES('MEKHUV1','MAZDA','MICRO','2000','DORADO','ARACNIDOS-446',TO_TIMESTAMP('24-OCT-08 11.06.39.000000 AM','DD-Mon-YY HH12:MI:SS:MS AM'));
INSERT INTO SOSPECHOSO VALUES('V15805659','CHRISTIAN TOMAS GUERRERO PEREZ',3866039);
INSERT INTO SE_DETIENE VALUES('V15805659','ARACNIDOS-446',TO_TIMESTAMP('24-OCT-08 11.06.39.000000 AM','DD-Mon-YY HH12:MI:SS:MS AM'));
INSERT INTO SE_DETIENE VALUES('V16481829','ARACNIDOS-446',TO_TIMESTAMP('24-OCT-08 11.06.39.000000 AM','DD-Mon-YY HH12:MI:SS:MS AM'));
INSERT INTO SE_DETIENE VALUES('E8762669','ARACNIDOS-446',TO_TIMESTAMP('24-OCT-08 11.06.39.000000 AM','DD-Mon-YY HH12:MI:SS:MS AM'));
INSERT INTO SE_DETIENE VALUES('E67183842','ARACNIDOS-446',TO_TIMESTAMP('24-OCT-08 11.06.39.000000 AM','DD-Mon-YY HH12:MI:SS:MS AM'));
INSERT INTO SE_DETIENE VALUES('E28171064','ARACNIDOS-446',TO_TIMESTAMP('24-OCT-08 11.06.39.000000 AM','DD-Mon-YY HH12:MI:SS:MS AM'));
INSERT INTO DETENCION VALUES('OSOS-773',TO_TIMESTAMP('22-OCT-08 12.00.01.000000 AM','DD-Mon-YY HH12:MI:SS:MS AM'),'BARRIO LA BOMBILLA');
INSERT INTO VEHICULO_ROBADO VALUES('UAKT950','FIAT','PICKUP','2001','PLATA','OSOS-773',TO_TIMESTAMP('22-OCT-08 12.00.01.000000 AM','DD-Mon-YY HH12:MI:SS:MS AM'));
INSERT INTO SOSPECHOSO VALUES('E4403426','CARMEN ROSA PARRA GUERRA',5985852);
INSERT INTO SE_DETIENE VALUES('E4403426','OSOS-773',TO_TIMESTAMP('22-OCT-08 12.00.01.000000 AM','DD-Mon-YY HH12:MI:SS:MS AM'));
INSERT INTO SE_DETIENE VALUES('V16594596','OSOS-773',TO_TIMESTAMP('22-OCT-08 12.00.01.000000 AM','DD-Mon-YY HH12:MI:SS:MS AM'));
INSERT INTO DETENCION VALUES('PANTERAS-565',TO_TIMESTAMP('05-OCT-08 12.04.55.000000 PM','DD-Mon-YY HH12:MI:SS:MS PM'),'BARRIO CARAPITA');
INSERT INTO VEHICULO_ROBADO VALUES('KCNX667','HYUNDAI','MICRO','2001','DORADO','PANTERAS-565',TO_TIMESTAMP('05-OCT-08 12.04.55.000000 PM','DD-Mon-YY HH12:MI:SS:MS PM'));
INSERT INTO SOSPECHOSO VALUES('V17072119','TOMAS RAFAEL LOPEZ GALLEGOS',4961468);
INSERT INTO SE_DETIENE VALUES('V17072119','PANTERAS-565',TO_TIMESTAMP('05-OCT-08 12.04.55.000000 PM','DD-Mon-YY HH12:MI:SS:MS PM'));
INSERT INTO SE_DETIENE VALUES('V20657353','PANTERAS-565',TO_TIMESTAMP('05-OCT-08 12.04.55.000000 PM','DD-Mon-YY HH12:MI:SS:MS PM'));
INSERT INTO SE_DETIENE VALUES('V20657353','PANTERAS-565',TO_TIMESTAMP('05-OCT-08 12.04.55.000000 PM','DD-Mon-YY HH12:MI:SS:MS PM'));
INSERT INTO SE_DETIENE VALUES('E72761183','PANTERAS-565',TO_TIMESTAMP('05-OCT-08 12.04.55.000000 PM','DD-Mon-YY HH12:MI:SS:MS PM'));
INSERT INTO SE_DETIENE VALUES('E87321506','PANTERAS-565',TO_TIMESTAMP('05-OCT-08 12.04.55.000000 PM','DD-Mon-YY HH12:MI:SS:MS PM'));
INSERT INTO DETENCION VALUES('AGUILAS-700',TO_TIMESTAMP('12-AUG-08 06.14.57.000000 PM','DD-Mon-YY HH12:MI:SS:MS PM'),'SARTENEJAS');
INSERT INTO VEHICULO_ROBADO VALUES('MPV8729','VOLKSWAGEN','MICRO','2000','AZUL','AGUILAS-700',TO_TIMESTAMP('12-AUG-08 06.14.57.000000 PM','DD-Mon-YY HH12:MI:SS:MS PM'));
INSERT INTO SOSPECHOSO VALUES('E95240055','ROSA TERESA ADRIAN PEREZ',9153108);
INSERT INTO SE_DETIENE VALUES('E95240055','AGUILAS-700',TO_TIMESTAMP('12-AUG-08 06.14.57.000000 PM','DD-Mon-YY HH12:MI:SS:MS PM'));
INSERT INTO SE_DETIENE VALUES('V97272367','AGUILAS-700',TO_TIMESTAMP('12-AUG-08 06.14.57.000000 PM','DD-Mon-YY HH12:MI:SS:MS PM'));
INSERT INTO SE_DETIENE VALUES('V20657353','AGUILAS-700',TO_TIMESTAMP('12-AUG-08 06.14.57.000000 PM','DD-Mon-YY HH12:MI:SS:MS PM'));
INSERT INTO DETENCION VALUES('OSOS-868',TO_TIMESTAMP('10-SEP-08 05.50.21.000000 PM','DD-Mon-YY HH12:MI:SS:MS PM'),'ARAGUITA');
INSERT INTO VEHICULO_ROBADO VALUES('LFTP199','FIAT','DEPORTIVO','2000','VIOLETA','OSOS-868',TO_TIMESTAMP('10-SEP-08 05.50.21.000000 PM','DD-Mon-YY HH12:MI:SS:MS PM'));
INSERT INTO SOSPECHOSO VALUES('E76378715','DAVID RICARDO PEREIRA GONZALEZ',8798448);
INSERT INTO SE_DETIENE VALUES('E76378715','OSOS-868',TO_TIMESTAMP('10-SEP-08 05.50.21.000000 PM','DD-Mon-YY HH12:MI:SS:MS PM'));
INSERT INTO SE_DETIENE VALUES('E27157964','OSOS-868',TO_TIMESTAMP('10-SEP-08 05.50.21.000000 PM','DD-Mon-YY HH12:MI:SS:MS PM'));
INSERT INTO SE_DETIENE VALUES('E7573923','OSOS-868',TO_TIMESTAMP('10-SEP-08 05.50.21.000000 PM','DD-Mon-YY HH12:MI:SS:MS PM'));
INSERT INTO DETENCION VALUES('PANTERAS-499',TO_TIMESTAMP('07-OCT-08 11.38.34.000000 PM','DD-Mon-YY HH12:MI:SS:MS PM'),'BARRIO EL CALVARIO');
INSERT INTO VEHICULO_ROBADO VALUES('CDX2476','BMW','MICRO','1997','AMARILLO','PANTERAS-499',TO_TIMESTAMP('07-OCT-08 11.38.34.000000 PM','DD-Mon-YY HH12:MI:SS:MS PM'));
INSERT INTO SOSPECHOSO VALUES('E9186785','LILIAN ROSA ADRIAN PEREZ',2158428);
INSERT INTO SE_DETIENE VALUES('E9186785','PANTERAS-499',TO_TIMESTAMP('07-OCT-08 11.38.34.000000 PM','DD-Mon-YY HH12:MI:SS:MS PM'));
INSERT INTO SE_DETIENE VALUES('E12104514','PANTERAS-499',TO_TIMESTAMP('07-OCT-08 11.38.34.000000 PM','DD-Mon-YY HH12:MI:SS:MS PM'));
INSERT INTO SE_DETIENE VALUES('V97272367','PANTERAS-499',TO_TIMESTAMP('07-OCT-08 11.38.34.000000 PM','DD-Mon-YY HH12:MI:SS:MS PM'));
INSERT INTO SE_DETIENE VALUES('V97272367','PANTERAS-499',TO_TIMESTAMP('07-OCT-08 11.38.34.000000 PM','DD-Mon-YY HH12:MI:SS:MS PM'));
INSERT INTO SE_DETIENE VALUES('V33486065','PANTERAS-499',TO_TIMESTAMP('07-OCT-08 11.38.34.000000 PM','DD-Mon-YY HH12:MI:SS:MS PM'));
INSERT INTO SE_DETIENE VALUES('E67566095','PANTERAS-499',TO_TIMESTAMP('07-OCT-08 11.38.34.000000 PM','DD-Mon-YY HH12:MI:SS:MS PM'));
INSERT INTO DETENCION VALUES('ZORROS-116',TO_TIMESTAMP('02-SEP-08 02.15.43.000000 PM','DD-Mon-YY HH12:MI:SS:MS PM'),'URB MONTALBAN');
INSERT INTO VEHICULO_ROBADO VALUES('DF75170','MERCEDES','MICRO','1999','NEGRO','ZORROS-116',TO_TIMESTAMP('02-SEP-08 02.15.43.000000 PM','DD-Mon-YY HH12:MI:SS:MS PM'));
INSERT INTO SOSPECHOSO VALUES('E19351714','ANA ANDREINA LANDAETA GALLEGOS',7699780);
INSERT INTO SE_DETIENE VALUES('E19351714','ZORROS-116',TO_TIMESTAMP('02-SEP-08 02.15.43.000000 PM','DD-Mon-YY HH12:MI:SS:MS PM'));
INSERT INTO SE_DETIENE VALUES('V16594596','ZORROS-116',TO_TIMESTAMP('02-SEP-08 02.15.43.000000 PM','DD-Mon-YY HH12:MI:SS:MS PM'));
INSERT INTO SE_DETIENE VALUES('V16481829','ZORROS-116',TO_TIMESTAMP('02-SEP-08 02.15.43.000000 PM','DD-Mon-YY HH12:MI:SS:MS PM'));
INSERT INTO DETENCION VALUES('OSOS-365',TO_TIMESTAMP('06-SEP-08 10.58.06.000000 PM','DD-Mon-YY HH12:MI:SS:MS PM'),'CHICHIRIVICHE');
INSERT INTO VEHICULO_ROBADO VALUES('XSRA943','MERCEDES','SEDAN','2000','ROJO','OSOS-365',TO_TIMESTAMP('06-SEP-08 10.58.06.000000 PM','DD-Mon-YY HH12:MI:SS:MS PM'));
INSERT INTO SOSPECHOSO VALUES('V22199702','EMELY CRISTINA ALGARIN LANDAETA',5856475);
INSERT INTO SE_DETIENE VALUES('V22199702','OSOS-365',TO_TIMESTAMP('06-SEP-08 10.58.06.000000 PM','DD-Mon-YY HH12:MI:SS:MS PM'));
INSERT INTO SE_DETIENE VALUES('E54332266','OSOS-365',TO_TIMESTAMP('06-SEP-08 10.58.06.000000 PM','DD-Mon-YY HH12:MI:SS:MS PM'));
INSERT INTO SE_DETIENE VALUES('E54332266','OSOS-365',TO_TIMESTAMP('06-SEP-08 10.58.06.000000 PM','DD-Mon-YY HH12:MI:SS:MS PM'));
INSERT INTO DETENCION VALUES('OSOS-524',TO_TIMESTAMP('07-OCT-08 05.54.46.000000 AM','DD-Mon-YY HH12:MI:SS:MS AM'),'CARMELITAS');
INSERT INTO VEHICULO_ROBADO VALUES('LV96959','DAEWOO','DEPORTIVO','2006','CAFE','OSOS-524',TO_TIMESTAMP('07-OCT-08 05.54.46.000000 AM','DD-Mon-YY HH12:MI:SS:MS AM'));
INSERT INTO SOSPECHOSO VALUES('V13089744','ESTEFANO FELIPE ADRIAN MARQUEZ',2648141);
INSERT INTO SE_DETIENE VALUES('V13089744','OSOS-524',TO_TIMESTAMP('07-OCT-08 05.54.46.000000 AM','DD-Mon-YY HH12:MI:SS:MS AM'));
INSERT INTO SE_DETIENE VALUES('E7826048','OSOS-524',TO_TIMESTAMP('07-OCT-08 05.54.46.000000 AM','DD-Mon-YY HH12:MI:SS:MS AM'));
INSERT INTO SE_DETIENE VALUES('E11842475','OSOS-524',TO_TIMESTAMP('07-OCT-08 05.54.46.000000 AM','DD-Mon-YY HH12:MI:SS:MS AM'));
INSERT INTO SE_DETIENE VALUES('E28171064','OSOS-524',TO_TIMESTAMP('07-OCT-08 05.54.46.000000 AM','DD-Mon-YY HH12:MI:SS:MS AM'));
INSERT INTO SE_DETIENE VALUES('E99792858','OSOS-524',TO_TIMESTAMP('07-OCT-08 05.54.46.000000 AM','DD-Mon-YY HH12:MI:SS:MS AM'));
INSERT INTO SE_DETIENE VALUES('V97272367','OSOS-524',TO_TIMESTAMP('07-OCT-08 05.54.46.000000 AM','DD-Mon-YY HH12:MI:SS:MS AM'));
INSERT INTO SE_DETIENE VALUES('E87321506','OSOS-524',TO_TIMESTAMP('07-OCT-08 05.54.46.000000 AM','DD-Mon-YY HH12:MI:SS:MS AM'));
INSERT INTO DETENCION VALUES('ARACNIDOS-143',TO_TIMESTAMP('27-SEP-08 12.54.57.000000 PM','DD-Mon-YY HH12:MI:SS:MS PM'),'VALLE ABAJO');
INSERT INTO VEHICULO_ROBADO VALUES('OYLTN90','FIAT','PICKUP','2003','VIOLETA','ARACNIDOS-143',TO_TIMESTAMP('27-SEP-08 12.54.57.000000 PM','DD-Mon-YY HH12:MI:SS:MS PM'));
INSERT INTO SOSPECHOSO VALUES('V70605912','PEDRO ESTEFANO FERRER ADRIAN',5715890);
INSERT INTO SE_DETIENE VALUES('V70605912','ARACNIDOS-143',TO_TIMESTAMP('27-SEP-08 12.54.57.000000 PM','DD-Mon-YY HH12:MI:SS:MS PM'));
INSERT INTO SE_DETIENE VALUES('V4220431','ARACNIDOS-143',TO_TIMESTAMP('27-SEP-08 12.54.57.000000 PM','DD-Mon-YY HH12:MI:SS:MS PM'));
INSERT INTO DETENCION VALUES('TIBURONES-218',TO_TIMESTAMP('15-SEP-08 03.52.33.000000 AM','DD-Mon-YY HH12:MI:SS:MS AM'),'SANTA MONICA');
INSERT INTO VEHICULO_ROBADO VALUES('MFD8682','SEAT','PICKUP','2008','AZUL','TIBURONES-218',TO_TIMESTAMP('15-SEP-08 03.52.33.000000 AM','DD-Mon-YY HH12:MI:SS:MS AM'));
INSERT INTO SOSPECHOSO VALUES('V89766108','ALBERTO EDUARDO LANDAETA GARCIA',8996757);
INSERT INTO SE_DETIENE VALUES('V89766108','TIBURONES-218',TO_TIMESTAMP('15-SEP-08 03.52.33.000000 AM','DD-Mon-YY HH12:MI:SS:MS AM'));
INSERT INTO SE_DETIENE VALUES('V16481829','TIBURONES-218',TO_TIMESTAMP('15-SEP-08 03.52.33.000000 AM','DD-Mon-YY HH12:MI:SS:MS AM'));
INSERT INTO SE_DETIENE VALUES('E72114586','TIBURONES-218',TO_TIMESTAMP('15-SEP-08 03.52.33.000000 AM','DD-Mon-YY HH12:MI:SS:MS AM'));
INSERT INTO SE_DETIENE VALUES('V16594596','TIBURONES-218',TO_TIMESTAMP('15-SEP-08 03.52.33.000000 AM','DD-Mon-YY HH12:MI:SS:MS AM'));
INSERT INTO SE_DETIENE VALUES('E7826048','TIBURONES-218',TO_TIMESTAMP('15-SEP-08 03.52.33.000000 AM','DD-Mon-YY HH12:MI:SS:MS AM'));
INSERT INTO SE_DETIENE VALUES('E67566095','TIBURONES-218',TO_TIMESTAMP('15-SEP-08 03.52.33.000000 AM','DD-Mon-YY HH12:MI:SS:MS AM'));
INSERT INTO DETENCION VALUES('ZORROS-116',TO_TIMESTAMP('06-OCT-08 05.28.53.000000 PM','DD-Mon-YY HH12:MI:SS:MS PM'),'CARICUAO');
INSERT INTO VEHICULO_ROBADO VALUES('FV33140','LAND ROVER','MICRO','1997','NEGRO','ZORROS-116',TO_TIMESTAMP('06-OCT-08 05.28.53.000000 PM','DD-Mon-YY HH12:MI:SS:MS PM'));
INSERT INTO SOSPECHOSO VALUES('V5497058','ESTEFANO TOMAS LOPEZ ADRIAN',9465939);
INSERT INTO SE_DETIENE VALUES('V5497058','ZORROS-116',TO_TIMESTAMP('06-OCT-08 05.28.53.000000 PM','DD-Mon-YY HH12:MI:SS:MS PM'));
INSERT INTO SE_DETIENE VALUES('E28171064','ZORROS-116',TO_TIMESTAMP('06-OCT-08 05.28.53.000000 PM','DD-Mon-YY HH12:MI:SS:MS PM'));
INSERT INTO SE_DETIENE VALUES('V15163962','ZORROS-116',TO_TIMESTAMP('06-OCT-08 05.28.53.000000 PM','DD-Mon-YY HH12:MI:SS:MS PM'));
INSERT INTO DETENCION VALUES('LEONES-848',TO_TIMESTAMP('07-OCT-08 09.28.02.000000 AM','DD-Mon-YY HH12:MI:SS:MS AM'),'LA PASTORA');
INSERT INTO VEHICULO_ROBADO VALUES('WEPX667','HYUNDAI','DEPORTIVO','2008','CAFE','LEONES-848',TO_TIMESTAMP('07-OCT-08 09.28.02.000000 AM','DD-Mon-YY HH12:MI:SS:MS AM'));
INSERT INTO SOSPECHOSO VALUES('E10861112','CRISTINA ANDREINA MARQUEZ GALLEGOS',8421547);
INSERT INTO SE_DETIENE VALUES('E10861112','LEONES-848',TO_TIMESTAMP('07-OCT-08 09.28.02.000000 AM','DD-Mon-YY HH12:MI:SS:MS AM'));
INSERT INTO SE_DETIENE VALUES('E42844779','LEONES-848',TO_TIMESTAMP('07-OCT-08 09.28.02.000000 AM','DD-Mon-YY HH12:MI:SS:MS AM'));
INSERT INTO SE_DETIENE VALUES('V15163962','LEONES-848',TO_TIMESTAMP('07-OCT-08 09.28.02.000000 AM','DD-Mon-YY HH12:MI:SS:MS AM'));
INSERT INTO SE_DETIENE VALUES('V16481829','LEONES-848',TO_TIMESTAMP('07-OCT-08 09.28.02.000000 AM','DD-Mon-YY HH12:MI:SS:MS AM'));
INSERT INTO SE_DETIENE VALUES('V33486065','LEONES-848',TO_TIMESTAMP('07-OCT-08 09.28.02.000000 AM','DD-Mon-YY HH12:MI:SS:MS AM'));
INSERT INTO SE_DETIENE VALUES('V15163962','LEONES-848',TO_TIMESTAMP('07-OCT-08 09.28.02.000000 AM','DD-Mon-YY HH12:MI:SS:MS AM'));
INSERT INTO SE_DETIENE VALUES('E99844357','LEONES-848',TO_TIMESTAMP('07-OCT-08 09.28.02.000000 AM','DD-Mon-YY HH12:MI:SS:MS AM'));
INSERT INTO DETENCION VALUES('TRIGRES-991',TO_TIMESTAMP('28-AUG-08 01.00.11.000000 PM','DD-Mon-YY HH12:MI:SS:MS PM'),'URB PARQUE CARABOBO');
INSERT INTO VEHICULO_ROBADO VALUES('SLIZA96','TOYOTA','MICRO','2005','VIOLETA','TRIGRES-991',TO_TIMESTAMP('28-AUG-08 01.00.11.000000 PM','DD-Mon-YY HH12:MI:SS:MS PM'));
INSERT INTO SOSPECHOSO VALUES('V83137451','TOMAS ADOLFO FERRER SOSA',8642394);
INSERT INTO SE_DETIENE VALUES('V83137451','TRIGRES-991',TO_TIMESTAMP('28-AUG-08 01.00.11.000000 PM','DD-Mon-YY HH12:MI:SS:MS PM'));
INSERT INTO SE_DETIENE VALUES('E88228181','TRIGRES-991',TO_TIMESTAMP('28-AUG-08 01.00.11.000000 PM','DD-Mon-YY HH12:MI:SS:MS PM'));
INSERT INTO SE_DETIENE VALUES('E7826048','TRIGRES-991',TO_TIMESTAMP('28-AUG-08 01.00.11.000000 PM','DD-Mon-YY HH12:MI:SS:MS PM'));
INSERT INTO SE_DETIENE VALUES('E92876896','TRIGRES-991',TO_TIMESTAMP('28-AUG-08 01.00.11.000000 PM','DD-Mon-YY HH12:MI:SS:MS PM'));
INSERT INTO SE_DETIENE VALUES('V20657353','TRIGRES-991',TO_TIMESTAMP('28-AUG-08 01.00.11.000000 PM','DD-Mon-YY HH12:MI:SS:MS PM'));
INSERT INTO DETENCION VALUES('ARACNIDOS-163',TO_TIMESTAMP('23-SEP-08 05.28.59.000000 AM','DD-Mon-YY HH12:MI:SS:MS AM'),'SAN AGUSTIN');
INSERT INTO VEHICULO_ROBADO VALUES('XEIL943','MERCEDES','PICKUP','1993','VERDE','ARACNIDOS-163',TO_TIMESTAMP('23-SEP-08 05.28.59.000000 AM','DD-Mon-YY HH12:MI:SS:MS AM'));
INSERT INTO SOSPECHOSO VALUES('V71558981','DANIELA ANGELICA SOSA LANDAETA',2390410);
INSERT INTO SE_DETIENE VALUES('V71558981','ARACNIDOS-163',TO_TIMESTAMP('23-SEP-08 05.28.59.000000 AM','DD-Mon-YY HH12:MI:SS:MS AM'));
INSERT INTO SE_DETIENE VALUES('V47381153','ARACNIDOS-163',TO_TIMESTAMP('23-SEP-08 05.28.59.000000 AM','DD-Mon-YY HH12:MI:SS:MS AM'));
INSERT INTO SE_DETIENE VALUES('E29499849','ARACNIDOS-163',TO_TIMESTAMP('23-SEP-08 05.28.59.000000 AM','DD-Mon-YY HH12:MI:SS:MS AM'));
INSERT INTO DETENCION VALUES('TRIGRES-296',TO_TIMESTAMP('13-SEP-08 03.33.10.000000 AM','DD-Mon-YY HH12:MI:SS:MS AM'),'VALLE ALTO');
INSERT INTO VEHICULO_ROBADO VALUES('DH10444','NISSAN','FURGONETA','2006','AMARILLO','TRIGRES-296',TO_TIMESTAMP('13-SEP-08 03.33.10.000000 AM','DD-Mon-YY HH12:MI:SS:MS AM'));
INSERT INTO SOSPECHOSO VALUES('V88264181','ALICIA ROSA ADRIAN MARQUEZ',3937742);
INSERT INTO SE_DETIENE VALUES('V88264181','TRIGRES-296',TO_TIMESTAMP('13-SEP-08 03.33.10.000000 AM','DD-Mon-YY HH12:MI:SS:MS AM'));
INSERT INTO SE_DETIENE VALUES('E8762669','TRIGRES-296',TO_TIMESTAMP('13-SEP-08 03.33.10.000000 AM','DD-Mon-YY HH12:MI:SS:MS AM'));
INSERT INTO SE_DETIENE VALUES('E99792858','TRIGRES-296',TO_TIMESTAMP('13-SEP-08 03.33.10.000000 AM','DD-Mon-YY HH12:MI:SS:MS AM'));
INSERT INTO SE_DETIENE VALUES('V47381153','TRIGRES-296',TO_TIMESTAMP('13-SEP-08 03.33.10.000000 AM','DD-Mon-YY HH12:MI:SS:MS AM'));
INSERT INTO SE_DETIENE VALUES('V4220431','TRIGRES-296',TO_TIMESTAMP('13-SEP-08 03.33.10.000000 AM','DD-Mon-YY HH12:MI:SS:MS AM'));
INSERT INTO SE_DETIENE VALUES('E8762669','TRIGRES-296',TO_TIMESTAMP('13-SEP-08 03.33.10.000000 AM','DD-Mon-YY HH12:MI:SS:MS AM'));
INSERT INTO DETENCION VALUES('OSOS-629',TO_TIMESTAMP('25-AUG-08 11.54.17.000000 AM','DD-Mon-YY HH12:MI:SS:MS AM'),'BARRIO LA BANDERA');
INSERT INTO VEHICULO_ROBADO VALUES('ZQM6406','CITROEN','PICKUP','2003','CAFE','OSOS-629',TO_TIMESTAMP('25-AUG-08 11.54.17.000000 AM','DD-Mon-YY HH12:MI:SS:MS AM'));
INSERT INTO SOSPECHOSO VALUES('E88855283','ADRIANA MARISOL MARQUEZ GUERRA',3574699);
INSERT INTO SE_DETIENE VALUES('E88855283','OSOS-629',TO_TIMESTAMP('25-AUG-08 11.54.17.000000 AM','DD-Mon-YY HH12:MI:SS:MS AM'));
INSERT INTO SE_DETIENE VALUES('E54332266','OSOS-629',TO_TIMESTAMP('25-AUG-08 11.54.17.000000 AM','DD-Mon-YY HH12:MI:SS:MS AM'));
INSERT INTO SE_DETIENE VALUES('E8762669','OSOS-629',TO_TIMESTAMP('25-AUG-08 11.54.17.000000 AM','DD-Mon-YY HH12:MI:SS:MS AM'));
INSERT INTO DETENCION VALUES('ARACNIDOS-378',TO_TIMESTAMP('19-OCT-08 07.12.38.000000 AM','DD-Mon-YY HH12:MI:SS:MS AM'),'SANTA MONICA');
INSERT INTO VEHICULO_ROBADO VALUES('FBR7953','FIAT','DEPORTIVO','1991','ROJO','ARACNIDOS-378',TO_TIMESTAMP('19-OCT-08 07.12.38.000000 AM','DD-Mon-YY HH12:MI:SS:MS AM'));
INSERT INTO SOSPECHOSO VALUES('V87126542','ESTHER TERESA MENDOZA FERRER',6351094);
INSERT INTO SE_DETIENE VALUES('V87126542','ARACNIDOS-378',TO_TIMESTAMP('19-OCT-08 07.12.38.000000 AM','DD-Mon-YY HH12:MI:SS:MS AM'));
INSERT INTO SE_DETIENE VALUES('E29499849','ARACNIDOS-378',TO_TIMESTAMP('19-OCT-08 07.12.38.000000 AM','DD-Mon-YY HH12:MI:SS:MS AM'));
INSERT INTO SE_DETIENE VALUES('E67183842','ARACNIDOS-378',TO_TIMESTAMP('19-OCT-08 07.12.38.000000 AM','DD-Mon-YY HH12:MI:SS:MS AM'));
INSERT INTO SE_DETIENE VALUES('V33486065','ARACNIDOS-378',TO_TIMESTAMP('19-OCT-08 07.12.38.000000 AM','DD-Mon-YY HH12:MI:SS:MS AM'));
INSERT INTO SE_DETIENE VALUES('E28171064','ARACNIDOS-378',TO_TIMESTAMP('19-OCT-08 07.12.38.000000 AM','DD-Mon-YY HH12:MI:SS:MS AM'));
INSERT INTO DETENCION VALUES('PANTERAS-744',TO_TIMESTAMP('12-SEP-08 09.34.52.000000 PM','DD-Mon-YY HH12:MI:SS:MS PM'),'BARRIO LAS ADJUNTAS');
INSERT INTO VEHICULO_ROBADO VALUES('DFBSR93','ALFA ROMEO','PICKUP','1992','AMARILLO','PANTERAS-744',TO_TIMESTAMP('12-SEP-08 09.34.52.000000 PM','DD-Mon-YY HH12:MI:SS:MS PM'));
INSERT INTO SOSPECHOSO VALUES('V20580698','MONICA CAROLINA PEREZ GUERRA',6554133);
INSERT INTO SE_DETIENE VALUES('V20580698','PANTERAS-744',TO_TIMESTAMP('12-SEP-08 09.34.52.000000 PM','DD-Mon-YY HH12:MI:SS:MS PM'));
INSERT INTO SE_DETIENE VALUES('E88228181','PANTERAS-744',TO_TIMESTAMP('12-SEP-08 09.34.52.000000 PM','DD-Mon-YY HH12:MI:SS:MS PM'));
INSERT INTO SE_DETIENE VALUES('E29499849','PANTERAS-744',TO_TIMESTAMP('12-SEP-08 09.34.52.000000 PM','DD-Mon-YY HH12:MI:SS:MS PM'));
INSERT INTO DETENCION VALUES('ARACNIDOS-143',TO_TIMESTAMP('12-SEP-08 08.52.33.000000 PM','DD-Mon-YY HH12:MI:SS:MS PM'),'VALLE ARRIBA');
INSERT INTO VEHICULO_ROBADO VALUES('WBPBB73','TOYOTA','DEPORTIVO','2003','AZUL','ARACNIDOS-143',TO_TIMESTAMP('12-SEP-08 08.52.33.000000 PM','DD-Mon-YY HH12:MI:SS:MS PM'));
INSERT INTO SOSPECHOSO VALUES('E92393435','ESTHER CARMEN CASTILLO GUERRA',7139587);
INSERT INTO SE_DETIENE VALUES('E92393435','ARACNIDOS-143',TO_TIMESTAMP('12-SEP-08 08.52.33.000000 PM','DD-Mon-YY HH12:MI:SS:MS PM'));
INSERT INTO SE_DETIENE VALUES('E87321506','ARACNIDOS-143',TO_TIMESTAMP('12-SEP-08 08.52.33.000000 PM','DD-Mon-YY HH12:MI:SS:MS PM'));
INSERT INTO SE_DETIENE VALUES('V33486065','ARACNIDOS-143',TO_TIMESTAMP('12-SEP-08 08.52.33.000000 PM','DD-Mon-YY HH12:MI:SS:MS PM'));
INSERT INTO SE_DETIENE VALUES('V15163962','ARACNIDOS-143',TO_TIMESTAMP('12-SEP-08 08.52.33.000000 PM','DD-Mon-YY HH12:MI:SS:MS PM'));
INSERT INTO SE_DETIENE VALUES('E92876896','ARACNIDOS-143',TO_TIMESTAMP('12-SEP-08 08.52.33.000000 PM','DD-Mon-YY HH12:MI:SS:MS PM'));
INSERT INTO SE_DETIENE VALUES('E28171064','ARACNIDOS-143',TO_TIMESTAMP('12-SEP-08 08.52.33.000000 PM','DD-Mon-YY HH12:MI:SS:MS PM'));
INSERT INTO DETENCION VALUES('OSOS-780',TO_TIMESTAMP('14-SEP-08 06.51.17.000000 PM','DD-Mon-YY HH12:MI:SS:MS PM'),'BARRIO AGUA AMARILLA');
INSERT INTO VEHICULO_ROBADO VALUES('NZGG469','SEAT','SEDAN','2007','PLATA','OSOS-780',TO_TIMESTAMP('14-SEP-08 06.51.17.000000 PM','DD-Mon-YY HH12:MI:SS:MS PM'));
INSERT INTO SOSPECHOSO VALUES('V87443795','ALEJANDRA ALICIA PEREIRA LOPEZ',6831868);
INSERT INTO SE_DETIENE VALUES('V87443795','OSOS-780',TO_TIMESTAMP('14-SEP-08 06.51.17.000000 PM','DD-Mon-YY HH12:MI:SS:MS PM'));
INSERT INTO SE_DETIENE VALUES('E27157964','OSOS-780',TO_TIMESTAMP('14-SEP-08 06.51.17.000000 PM','DD-Mon-YY HH12:MI:SS:MS PM'));
INSERT INTO SE_DETIENE VALUES('E99844357','OSOS-780',TO_TIMESTAMP('14-SEP-08 06.51.17.000000 PM','DD-Mon-YY HH12:MI:SS:MS PM'));
INSERT INTO SE_DETIENE VALUES('V4220431','OSOS-780',TO_TIMESTAMP('14-SEP-08 06.51.17.000000 PM','DD-Mon-YY HH12:MI:SS:MS PM'));
INSERT INTO SE_DETIENE VALUES('E72761183','OSOS-780',TO_TIMESTAMP('14-SEP-08 06.51.17.000000 PM','DD-Mon-YY HH12:MI:SS:MS PM'));
INSERT INTO SE_DETIENE VALUES('V4220431','OSOS-780',TO_TIMESTAMP('14-SEP-08 06.51.17.000000 PM','DD-Mon-YY HH12:MI:SS:MS PM'));
INSERT INTO SE_DETIENE VALUES('E67566095','OSOS-780',TO_TIMESTAMP('14-SEP-08 06.51.17.000000 PM','DD-Mon-YY HH12:MI:SS:MS PM'));
INSERT INTO DETENCION VALUES('TIBURONES-218',TO_TIMESTAMP('14-OCT-08 11.50.46.000000 PM','DD-Mon-YY HH12:MI:SS:MS PM'),'BARRIO ANAUCO');
INSERT INTO VEHICULO_ROBADO VALUES('L985701','VOLKSWAGEN','MICRO','1997','VERDE','TIBURONES-218',TO_TIMESTAMP('14-OCT-08 11.50.46.000000 PM','DD-Mon-YY HH12:MI:SS:MS PM'));
INSERT INTO SOSPECHOSO VALUES('E45239704','EDUARDO ALBERTO SOSA PARRA',4589759);
INSERT INTO SE_DETIENE VALUES('E45239704','TIBURONES-218',TO_TIMESTAMP('14-OCT-08 11.50.46.000000 PM','DD-Mon-YY HH12:MI:SS:MS PM'));
INSERT INTO SE_DETIENE VALUES('E8762669','TIBURONES-218',TO_TIMESTAMP('14-OCT-08 11.50.46.000000 PM','DD-Mon-YY HH12:MI:SS:MS PM'));
INSERT INTO SE_DETIENE VALUES('E29499849','TIBURONES-218',TO_TIMESTAMP('14-OCT-08 11.50.46.000000 PM','DD-Mon-YY HH12:MI:SS:MS PM'));
INSERT INTO SE_DETIENE VALUES('E4202507','TIBURONES-218',TO_TIMESTAMP('14-OCT-08 11.50.46.000000 PM','DD-Mon-YY HH12:MI:SS:MS PM'));
INSERT INTO SE_DETIENE VALUES('E72761183','TIBURONES-218',TO_TIMESTAMP('14-OCT-08 11.50.46.000000 PM','DD-Mon-YY HH12:MI:SS:MS PM'));
INSERT INTO DETENCION VALUES('PANTERAS-565',TO_TIMESTAMP('09-SEP-08 06.22.10.000000 PM','DD-Mon-YY HH12:MI:SS:MS PM'),'SANTA CECILIA');
INSERT INTO VEHICULO_ROBADO VALUES('XXI9001','CITROEN','PICKUP','1995','VIOLETA','PANTERAS-565',TO_TIMESTAMP('09-SEP-08 06.22.10.000000 PM','DD-Mon-YY HH12:MI:SS:MS PM'));
INSERT INTO SOSPECHOSO VALUES('V49167297','ADRIANA ANDREINA TIRADO GUERRERO',5803705);
INSERT INTO SE_DETIENE VALUES('V49167297','PANTERAS-565',TO_TIMESTAMP('09-SEP-08 06.22.10.000000 PM','DD-Mon-YY HH12:MI:SS:MS PM'));
INSERT INTO SE_DETIENE VALUES('E28171064','PANTERAS-565',TO_TIMESTAMP('09-SEP-08 06.22.10.000000 PM','DD-Mon-YY HH12:MI:SS:MS PM'));
INSERT INTO SE_DETIENE VALUES('E11842475','PANTERAS-565',TO_TIMESTAMP('09-SEP-08 06.22.10.000000 PM','DD-Mon-YY HH12:MI:SS:MS PM'));
INSERT INTO SE_DETIENE VALUES('E92876896','PANTERAS-565',TO_TIMESTAMP('09-SEP-08 06.22.10.000000 PM','DD-Mon-YY HH12:MI:SS:MS PM'));
INSERT INTO SE_DETIENE VALUES('E29499849','PANTERAS-565',TO_TIMESTAMP('09-SEP-08 06.22.10.000000 PM','DD-Mon-YY HH12:MI:SS:MS PM'));
INSERT INTO SE_DETIENE VALUES('E11842475','PANTERAS-565',TO_TIMESTAMP('09-SEP-08 06.22.10.000000 PM','DD-Mon-YY HH12:MI:SS:MS PM'));
INSERT INTO DETENCION VALUES('PANTERAS-499',TO_TIMESTAMP('19-SEP-08 05.32.43.000000 PM','DD-Mon-YY HH12:MI:SS:MS PM'),'URB BELLO MONTE');
INSERT INTO VEHICULO_ROBADO VALUES('DLJ4092','MITSUBISHI','PICKUP','2008','AZUL','PANTERAS-499',TO_TIMESTAMP('19-SEP-08 05.32.43.000000 PM','DD-Mon-YY HH12:MI:SS:MS PM'));
INSERT INTO SOSPECHOSO VALUES('E97876546','BEJAMIN LUIS PARRA GUERRA',7000179);
INSERT INTO SE_DETIENE VALUES('E97876546','PANTERAS-499',TO_TIMESTAMP('19-SEP-08 05.32.43.000000 PM','DD-Mon-YY HH12:MI:SS:MS PM'));
INSERT INTO SE_DETIENE VALUES('E11842475','PANTERAS-499',TO_TIMESTAMP('19-SEP-08 05.32.43.000000 PM','DD-Mon-YY HH12:MI:SS:MS PM'));
INSERT INTO SE_DETIENE VALUES('V33486065','PANTERAS-499',TO_TIMESTAMP('19-SEP-08 05.32.43.000000 PM','DD-Mon-YY HH12:MI:SS:MS PM'));
INSERT INTO SE_DETIENE VALUES('E7573923','PANTERAS-499',TO_TIMESTAMP('19-SEP-08 05.32.43.000000 PM','DD-Mon-YY HH12:MI:SS:MS PM'));
INSERT INTO DETENCION VALUES('AGUILAS-383',TO_TIMESTAMP('16-SEP-08 08.33.32.000000 AM','DD-Mon-YY HH12:MI:SS:MS AM'),'SIMON RODRIGUEZ');
INSERT INTO VEHICULO_ROBADO VALUES('HSUI671','PEUGOT','CAMIONETA','2000','NEGRO','AGUILAS-383',TO_TIMESTAMP('16-SEP-08 08.33.32.000000 AM','DD-Mon-YY HH12:MI:SS:MS AM'));
INSERT INTO SOSPECHOSO VALUES('E86826301','MARIA ROSA PEREZ GUERRERO',5131416);
INSERT INTO SE_DETIENE VALUES('E86826301','AGUILAS-383',TO_TIMESTAMP('16-SEP-08 08.33.32.000000 AM','DD-Mon-YY HH12:MI:SS:MS AM'));
INSERT INTO SE_DETIENE VALUES('E7573923','AGUILAS-383',TO_TIMESTAMP('16-SEP-08 08.33.32.000000 AM','DD-Mon-YY HH12:MI:SS:MS AM'));
INSERT INTO SE_DETIENE VALUES('E36229665','AGUILAS-383',TO_TIMESTAMP('16-SEP-08 08.33.32.000000 AM','DD-Mon-YY HH12:MI:SS:MS AM'));
INSERT INTO SE_DETIENE VALUES('E4202507','AGUILAS-383',TO_TIMESTAMP('16-SEP-08 08.33.32.000000 AM','DD-Mon-YY HH12:MI:SS:MS AM'));
INSERT INTO DETENCION VALUES('LEONES-728',TO_TIMESTAMP('22-AUG-08 08.19.23.000000 AM','DD-Mon-YY HH12:MI:SS:MS AM'),'BARRIO BRISAS DE PETARE');
INSERT INTO VEHICULO_ROBADO VALUES('X521716','MASERATI','SEDAN','1999','GRIS','LEONES-728',TO_TIMESTAMP('22-AUG-08 08.19.23.000000 AM','DD-Mon-YY HH12:MI:SS:MS AM'));
INSERT INTO SOSPECHOSO VALUES('V65434842','CARMEN MARISOL TORRES PEREZ',6723708);
INSERT INTO SE_DETIENE VALUES('V65434842','LEONES-728',TO_TIMESTAMP('22-AUG-08 08.19.23.000000 AM','DD-Mon-YY HH12:MI:SS:MS AM'));
INSERT INTO SE_DETIENE VALUES('E7573923','LEONES-728',TO_TIMESTAMP('22-AUG-08 08.19.23.000000 AM','DD-Mon-YY HH12:MI:SS:MS AM'));
INSERT INTO SE_DETIENE VALUES('E8762669','LEONES-728',TO_TIMESTAMP('22-AUG-08 08.19.23.000000 AM','DD-Mon-YY HH12:MI:SS:MS AM'));
INSERT INTO SE_DETIENE VALUES('E12104514','LEONES-728',TO_TIMESTAMP('22-AUG-08 08.19.23.000000 AM','DD-Mon-YY HH12:MI:SS:MS AM'));
INSERT INTO SE_DETIENE VALUES('V47381153','LEONES-728',TO_TIMESTAMP('22-AUG-08 08.19.23.000000 AM','DD-Mon-YY HH12:MI:SS:MS AM'));
INSERT INTO DETENCION VALUES('TRIGRES-296',TO_TIMESTAMP('09-SEP-08 11.12.54.000000 PM','DD-Mon-YY HH12:MI:SS:MS PM'),'CANDELARIA');
INSERT INTO VEHICULO_ROBADO VALUES('X443022','BMW','FURGONETA','2006','GRIS','TRIGRES-296',TO_TIMESTAMP('09-SEP-08 11.12.54.000000 PM','DD-Mon-YY HH12:MI:SS:MS PM'));
INSERT INTO SOSPECHOSO VALUES('V90934507','MONICA ANGELA ALGARIN PARRA',3604311);
INSERT INTO SE_DETIENE VALUES('V90934507','TRIGRES-296',TO_TIMESTAMP('09-SEP-08 11.12.54.000000 PM','DD-Mon-YY HH12:MI:SS:MS PM'));
INSERT INTO SE_DETIENE VALUES('V33486065','TRIGRES-296',TO_TIMESTAMP('09-SEP-08 11.12.54.000000 PM','DD-Mon-YY HH12:MI:SS:MS PM'));
INSERT INTO SE_DETIENE VALUES('E11842475','TRIGRES-296',TO_TIMESTAMP('09-SEP-08 11.12.54.000000 PM','DD-Mon-YY HH12:MI:SS:MS PM'));
INSERT INTO DETENCION VALUES('LEONES-560',TO_TIMESTAMP('15-SEP-08 05.24.46.000000 PM','DD-Mon-YY HH12:MI:SS:MS PM'),'BARRIO AJURO');
INSERT INTO VEHICULO_ROBADO VALUES('YEOSOK5','PEUGOT','PICKUP','1990','NARANJA','LEONES-560',TO_TIMESTAMP('15-SEP-08 05.24.46.000000 PM','DD-Mon-YY HH12:MI:SS:MS PM'));
INSERT INTO SOSPECHOSO VALUES('V4167330','TERESA CAROLINA TIRADO SOSA',8034320);
INSERT INTO SE_DETIENE VALUES('V4167330','LEONES-560',TO_TIMESTAMP('15-SEP-08 05.24.46.000000 PM','DD-Mon-YY HH12:MI:SS:MS PM'));
INSERT INTO SE_DETIENE VALUES('V4220431','LEONES-560',TO_TIMESTAMP('15-SEP-08 05.24.46.000000 PM','DD-Mon-YY HH12:MI:SS:MS PM'));
INSERT INTO SE_DETIENE VALUES('E29499849','LEONES-560',TO_TIMESTAMP('15-SEP-08 05.24.46.000000 PM','DD-Mon-YY HH12:MI:SS:MS PM'));
INSERT INTO SE_DETIENE VALUES('V16594596','LEONES-560',TO_TIMESTAMP('15-SEP-08 05.24.46.000000 PM','DD-Mon-YY HH12:MI:SS:MS PM'));
INSERT INTO DETENCION VALUES('ZORROS-831',TO_TIMESTAMP('02-OCT-08 07.43.48.000000 AM','DD-Mon-YY HH12:MI:SS:MS AM'),'SANTA CLARA');
INSERT INTO VEHICULO_ROBADO VALUES('A844821','ALFA ROMEO','CAMIONETA','1991','VERDE','ZORROS-831',TO_TIMESTAMP('02-OCT-08 07.43.48.000000 AM','DD-Mon-YY HH12:MI:SS:MS AM'));
INSERT INTO SOSPECHOSO VALUES('V47366666','FELIX ADOLFO LOPEZ ZAMBRANO',5176372);
INSERT INTO SE_DETIENE VALUES('V47366666','ZORROS-831',TO_TIMESTAMP('02-OCT-08 07.43.48.000000 AM','DD-Mon-YY HH12:MI:SS:MS AM'));
INSERT INTO SE_DETIENE VALUES('V33486065','ZORROS-831',TO_TIMESTAMP('02-OCT-08 07.43.48.000000 AM','DD-Mon-YY HH12:MI:SS:MS AM'));
INSERT INTO SE_DETIENE VALUES('E87321506','ZORROS-831',TO_TIMESTAMP('02-OCT-08 07.43.48.000000 AM','DD-Mon-YY HH12:MI:SS:MS AM'));
INSERT INTO SE_DETIENE VALUES('E99792858','ZORROS-831',TO_TIMESTAMP('02-OCT-08 07.43.48.000000 AM','DD-Mon-YY HH12:MI:SS:MS AM'));
INSERT INTO SE_DETIENE VALUES('E92876896','ZORROS-831',TO_TIMESTAMP('02-OCT-08 07.43.48.000000 AM','DD-Mon-YY HH12:MI:SS:MS AM'));
INSERT INTO SE_DETIENE VALUES('V20657353','ZORROS-831',TO_TIMESTAMP('02-OCT-08 07.43.48.000000 AM','DD-Mon-YY HH12:MI:SS:MS AM'));
INSERT INTO DETENCION VALUES('OSOS-686',TO_TIMESTAMP('12-SEP-08 05.24.13.000000 AM','DD-Mon-YY HH12:MI:SS:MS AM'),'BARRIO LA BANDERA');
INSERT INTO VEHICULO_ROBADO VALUES('LINLO74','SUSUKI','CAMIONETA','2007','AZUL','OSOS-686',TO_TIMESTAMP('12-SEP-08 05.24.13.000000 AM','DD-Mon-YY HH12:MI:SS:MS AM'));
INSERT INTO SOSPECHOSO VALUES('V52085996','CECILIA MARISOL MENDOZA PARRA',8665526);
INSERT INTO SE_DETIENE VALUES('V52085996','OSOS-686',TO_TIMESTAMP('12-SEP-08 05.24.13.000000 AM','DD-Mon-YY HH12:MI:SS:MS AM'));
INSERT INTO SE_DETIENE VALUES('E12104514','OSOS-686',TO_TIMESTAMP('12-SEP-08 05.24.13.000000 AM','DD-Mon-YY HH12:MI:SS:MS AM'));
INSERT INTO SE_DETIENE VALUES('V16481829','OSOS-686',TO_TIMESTAMP('12-SEP-08 05.24.13.000000 AM','DD-Mon-YY HH12:MI:SS:MS AM'));
INSERT INTO SE_DETIENE VALUES('V15163962','OSOS-686',TO_TIMESTAMP('12-SEP-08 05.24.13.000000 AM','DD-Mon-YY HH12:MI:SS:MS AM'));
INSERT INTO SE_DETIENE VALUES('E67183842','OSOS-686',TO_TIMESTAMP('12-SEP-08 05.24.13.000000 AM','DD-Mon-YY HH12:MI:SS:MS AM'));
INSERT INTO SE_DETIENE VALUES('E28171064','OSOS-686',TO_TIMESTAMP('12-SEP-08 05.24.13.000000 AM','DD-Mon-YY HH12:MI:SS:MS AM'));
INSERT INTO DETENCION VALUES('LEONES-728',TO_TIMESTAMP('11-SEP-08 12.46.28.000000 PM','DD-Mon-YY HH12:MI:SS:MS PM'),'URB PARQUE CENTRAL');
INSERT INTO VEHICULO_ROBADO VALUES('XYM4490','PORSCHE','MICRO','1999','ROJO','LEONES-728',TO_TIMESTAMP('11-SEP-08 12.46.28.000000 PM','DD-Mon-YY HH12:MI:SS:MS PM'));
INSERT INTO SOSPECHOSO VALUES('V46973968','VICTORIA MIRIAM TIRADO ZAMBRANO',6209549);
INSERT INTO SE_DETIENE VALUES('V46973968','LEONES-728',TO_TIMESTAMP('11-SEP-08 12.46.28.000000 PM','DD-Mon-YY HH12:MI:SS:MS PM'));
INSERT INTO SE_DETIENE VALUES('E12104514','LEONES-728',TO_TIMESTAMP('11-SEP-08 12.46.28.000000 PM','DD-Mon-YY HH12:MI:SS:MS PM'));
INSERT INTO SE_DETIENE VALUES('E99844357','LEONES-728',TO_TIMESTAMP('11-SEP-08 12.46.28.000000 PM','DD-Mon-YY HH12:MI:SS:MS PM'));
INSERT INTO SE_DETIENE VALUES('E36229665','LEONES-728',TO_TIMESTAMP('11-SEP-08 12.46.28.000000 PM','DD-Mon-YY HH12:MI:SS:MS PM'));
INSERT INTO SE_DETIENE VALUES('E99844357','LEONES-728',TO_TIMESTAMP('11-SEP-08 12.46.28.000000 PM','DD-Mon-YY HH12:MI:SS:MS PM'));
INSERT INTO DETENCION VALUES('OSOS-231',TO_TIMESTAMP('10-OCT-08 04.47.36.000000 AM','DD-Mon-YY HH12:MI:SS:MS AM'),'URB LOS CAMPITOS');
INSERT INTO VEHICULO_ROBADO VALUES('OV99483','AUDI','FURGONETA','2007','VERDE','OSOS-231',TO_TIMESTAMP('10-OCT-08 04.47.36.000000 AM','DD-Mon-YY HH12:MI:SS:MS AM'));
INSERT INTO SOSPECHOSO VALUES('E24929253','TERESA ROSA SOSA TIRADO',4472239);
INSERT INTO SE_DETIENE VALUES('E24929253','OSOS-231',TO_TIMESTAMP('10-OCT-08 04.47.36.000000 AM','DD-Mon-YY HH12:MI:SS:MS AM'));
INSERT INTO SE_DETIENE VALUES('E87321506','OSOS-231',TO_TIMESTAMP('10-OCT-08 04.47.36.000000 AM','DD-Mon-YY HH12:MI:SS:MS AM'));
INSERT INTO SE_DETIENE VALUES('V15163962','OSOS-231',TO_TIMESTAMP('10-OCT-08 04.47.36.000000 AM','DD-Mon-YY HH12:MI:SS:MS AM'));
INSERT INTO SE_DETIENE VALUES('E72761183','OSOS-231',TO_TIMESTAMP('10-OCT-08 04.47.36.000000 AM','DD-Mon-YY HH12:MI:SS:MS AM'));
INSERT INTO SE_DETIENE VALUES('E4202507','OSOS-231',TO_TIMESTAMP('10-OCT-08 04.47.36.000000 AM','DD-Mon-YY HH12:MI:SS:MS AM'));
INSERT INTO SE_DETIENE VALUES('E67566095','OSOS-231',TO_TIMESTAMP('10-OCT-08 04.47.36.000000 AM','DD-Mon-YY HH12:MI:SS:MS AM'));
INSERT INTO DETENCION VALUES('ZORROS-426',TO_TIMESTAMP('21-SEP-08 01.51.55.000000 AM','DD-Mon-YY HH12:MI:SS:MS AM'),'VALLE ABAJO');
INSERT INTO VEHICULO_ROBADO VALUES('SUQD355','MERCEDES','MICRO','1998','VERDE','ZORROS-426',TO_TIMESTAMP('21-SEP-08 01.51.55.000000 AM','DD-Mon-YY HH12:MI:SS:MS AM'));
INSERT INTO SOSPECHOSO VALUES('V79864810','DAVID CHRISTIAN FERNADEZ ADRIAN',4799203);
INSERT INTO SE_DETIENE VALUES('V79864810','ZORROS-426',TO_TIMESTAMP('21-SEP-08 01.51.55.000000 AM','DD-Mon-YY HH12:MI:SS:MS AM'));
INSERT INTO SE_DETIENE VALUES('E88228181','ZORROS-426',TO_TIMESTAMP('21-SEP-08 01.51.55.000000 AM','DD-Mon-YY HH12:MI:SS:MS AM'));
INSERT INTO SE_DETIENE VALUES('E11842475','ZORROS-426',TO_TIMESTAMP('21-SEP-08 01.51.55.000000 AM','DD-Mon-YY HH12:MI:SS:MS AM'));
INSERT INTO SE_DETIENE VALUES('E54332266','ZORROS-426',TO_TIMESTAMP('21-SEP-08 01.51.55.000000 AM','DD-Mon-YY HH12:MI:SS:MS AM'));
INSERT INTO SE_DETIENE VALUES('E28171064','ZORROS-426',TO_TIMESTAMP('21-SEP-08 01.51.55.000000 AM','DD-Mon-YY HH12:MI:SS:MS AM'));
INSERT INTO SE_DETIENE VALUES('V20657353','ZORROS-426',TO_TIMESTAMP('21-SEP-08 01.51.55.000000 AM','DD-Mon-YY HH12:MI:SS:MS AM'));
INSERT INTO SE_DETIENE VALUES('V20657353','ZORROS-426',TO_TIMESTAMP('21-SEP-08 01.51.55.000000 AM','DD-Mon-YY HH12:MI:SS:MS AM'));
INSERT INTO DETENCION VALUES('OSOS-783',TO_TIMESTAMP('21-SEP-08 12.52.38.000000 AM','DD-Mon-YY HH12:MI:SS:MS AM'),'URB ALTA FLORIDA');
INSERT INTO VEHICULO_ROBADO VALUES('YQZRES5','HONDA','PICKUP','2003','AZUL','OSOS-783',TO_TIMESTAMP('21-SEP-08 12.52.38.000000 AM','DD-Mon-YY HH12:MI:SS:MS AM'));
INSERT INTO SOSPECHOSO VALUES('E53502113','EMILIO PEDRO LANDAETA ADRIAN',2670393);
INSERT INTO SE_DETIENE VALUES('E53502113','OSOS-783',TO_TIMESTAMP('21-SEP-08 12.52.38.000000 AM','DD-Mon-YY HH12:MI:SS:MS AM'));
INSERT INTO SE_DETIENE VALUES('E72761183','OSOS-783',TO_TIMESTAMP('21-SEP-08 12.52.38.000000 AM','DD-Mon-YY HH12:MI:SS:MS AM'));
INSERT INTO SE_DETIENE VALUES('E87321506','OSOS-783',TO_TIMESTAMP('21-SEP-08 12.52.38.000000 AM','DD-Mon-YY HH12:MI:SS:MS AM'));
INSERT INTO DETENCION VALUES('AGUILAS-117',TO_TIMESTAMP('06-SEP-08 08.52.03.000000 PM','DD-Mon-YY HH12:MI:SS:MS PM'),'BARRIO EL TRIANGULO LA VEGA');
INSERT INTO VEHICULO_ROBADO VALUES('BUXYW18','BMW','MICRO','1993','ROJO','AGUILAS-117',TO_TIMESTAMP('06-SEP-08 08.52.03.000000 PM','DD-Mon-YY HH12:MI:SS:MS PM'));
INSERT INTO SOSPECHOSO VALUES('V98030876','ANGELA ALICIA SOSA LOPEZ',2957298);
INSERT INTO SE_DETIENE VALUES('V98030876','AGUILAS-117',TO_TIMESTAMP('06-SEP-08 08.52.03.000000 PM','DD-Mon-YY HH12:MI:SS:MS PM'));
INSERT INTO SE_DETIENE VALUES('E8762669','AGUILAS-117',TO_TIMESTAMP('06-SEP-08 08.52.03.000000 PM','DD-Mon-YY HH12:MI:SS:MS PM'));
INSERT INTO SE_DETIENE VALUES('E72114586','AGUILAS-117',TO_TIMESTAMP('06-SEP-08 08.52.03.000000 PM','DD-Mon-YY HH12:MI:SS:MS PM'));
INSERT INTO SE_DETIENE VALUES('E36229665','AGUILAS-117',TO_TIMESTAMP('06-SEP-08 08.52.03.000000 PM','DD-Mon-YY HH12:MI:SS:MS PM'));
INSERT INTO SE_DETIENE VALUES('V15163962','AGUILAS-117',TO_TIMESTAMP('06-SEP-08 08.52.03.000000 PM','DD-Mon-YY HH12:MI:SS:MS PM'));
INSERT INTO SE_DETIENE VALUES('E8762669','AGUILAS-117',TO_TIMESTAMP('06-SEP-08 08.52.03.000000 PM','DD-Mon-YY HH12:MI:SS:MS PM'));
INSERT INTO DETENCION VALUES('ZORROS-426',TO_TIMESTAMP('31-AUG-08 04.55.08.000000 PM','DD-Mon-YY HH12:MI:SS:MS PM'),'SIMON RODRIGUEZ');
INSERT INTO VEHICULO_ROBADO VALUES('UHIMPH4','HYUNDAI','PICKUP','2009','CAFE','ZORROS-426',TO_TIMESTAMP('31-AUG-08 04.55.08.000000 PM','DD-Mon-YY HH12:MI:SS:MS PM'));
INSERT INTO SOSPECHOSO VALUES('V69976645','GABRIELA ALICIA GUERRA TIRADO',3788739);
INSERT INTO SE_DETIENE VALUES('V69976645','ZORROS-426',TO_TIMESTAMP('31-AUG-08 04.55.08.000000 PM','DD-Mon-YY HH12:MI:SS:MS PM'));
INSERT INTO SE_DETIENE VALUES('E42844779','ZORROS-426',TO_TIMESTAMP('31-AUG-08 04.55.08.000000 PM','DD-Mon-YY HH12:MI:SS:MS PM'));
INSERT INTO SE_DETIENE VALUES('E72114586','ZORROS-426',TO_TIMESTAMP('31-AUG-08 04.55.08.000000 PM','DD-Mon-YY HH12:MI:SS:MS PM'));
INSERT INTO DETENCION VALUES('LEONES-927',TO_TIMESTAMP('03-OCT-08 08.36.00.000000 AM','DD-Mon-YY HH12:MI:SS:MS AM'),'URB LOS GUAYABITOS');
INSERT INTO VEHICULO_ROBADO VALUES('F879269','NISSAN','MICRO','2006','GRIS','LEONES-927',TO_TIMESTAMP('03-OCT-08 08.36.00.000000 AM','DD-Mon-YY HH12:MI:SS:MS AM'));
INSERT INTO SOSPECHOSO VALUES('V55650998','LUIS GUILLERMO GARCIA CASTILLO',5882727);
INSERT INTO SE_DETIENE VALUES('V55650998','LEONES-927',TO_TIMESTAMP('03-OCT-08 08.36.00.000000 AM','DD-Mon-YY HH12:MI:SS:MS AM'));
INSERT INTO SE_DETIENE VALUES('E99844357','LEONES-927',TO_TIMESTAMP('03-OCT-08 08.36.00.000000 AM','DD-Mon-YY HH12:MI:SS:MS AM'));
INSERT INTO SE_DETIENE VALUES('E54332266','LEONES-927',TO_TIMESTAMP('03-OCT-08 08.36.00.000000 AM','DD-Mon-YY HH12:MI:SS:MS AM'));
INSERT INTO SE_DETIENE VALUES('E28171064','LEONES-927',TO_TIMESTAMP('03-OCT-08 08.36.00.000000 AM','DD-Mon-YY HH12:MI:SS:MS AM'));
INSERT INTO SE_DETIENE VALUES('E67566095','LEONES-927',TO_TIMESTAMP('03-OCT-08 08.36.00.000000 AM','DD-Mon-YY HH12:MI:SS:MS AM'));
INSERT INTO SE_DETIENE VALUES('E27157964','LEONES-927',TO_TIMESTAMP('03-OCT-08 08.36.00.000000 AM','DD-Mon-YY HH12:MI:SS:MS AM'));
INSERT INTO SE_DETIENE VALUES('E11842475','LEONES-927',TO_TIMESTAMP('03-OCT-08 08.36.00.000000 AM','DD-Mon-YY HH12:MI:SS:MS AM'));
INSERT INTO DETENCION VALUES('LEONES-632',TO_TIMESTAMP('08-SEP-08 06.13.05.000000 PM','DD-Mon-YY HH12:MI:SS:MS PM'),'BARRIO JOSE FELIX RIVAS');
INSERT INTO VEHICULO_ROBADO VALUES('S710552','SUSUKI','DEPORTIVO','2001','PLATA','LEONES-632',TO_TIMESTAMP('08-SEP-08 06.13.05.000000 PM','DD-Mon-YY HH12:MI:SS:MS PM'));
INSERT INTO SOSPECHOSO VALUES('V53058626','RICARDO PEDRO LOPEZ MENDOZA',2794530);
INSERT INTO SE_DETIENE VALUES('V53058626','LEONES-632',TO_TIMESTAMP('08-SEP-08 06.13.05.000000 PM','DD-Mon-YY HH12:MI:SS:MS PM'));
INSERT INTO SE_DETIENE VALUES('E8762669','LEONES-632',TO_TIMESTAMP('08-SEP-08 06.13.05.000000 PM','DD-Mon-YY HH12:MI:SS:MS PM'));
INSERT INTO SE_DETIENE VALUES('E7573923','LEONES-632',TO_TIMESTAMP('08-SEP-08 06.13.05.000000 PM','DD-Mon-YY HH12:MI:SS:MS PM'));
INSERT INTO SE_DETIENE VALUES('V47381153','LEONES-632',TO_TIMESTAMP('08-SEP-08 06.13.05.000000 PM','DD-Mon-YY HH12:MI:SS:MS PM'));
INSERT INTO DETENCION VALUES('ARACNIDOS-378',TO_TIMESTAMP('11-SEP-08 10.08.57.000000 PM','DD-Mon-YY HH12:MI:SS:MS PM'),'URB MONTALBAN');
INSERT INTO VEHICULO_ROBADO VALUES('TNII543','SUSUKI','PICKUP','2001','AMARILLO','ARACNIDOS-378',TO_TIMESTAMP('11-SEP-08 10.08.57.000000 PM','DD-Mon-YY HH12:MI:SS:MS PM'));
INSERT INTO SOSPECHOSO VALUES('V61668581','ALICIA ELENA ZAMBRANO TIRADO',2276292);
INSERT INTO SE_DETIENE VALUES('V61668581','ARACNIDOS-378',TO_TIMESTAMP('11-SEP-08 10.08.57.000000 PM','DD-Mon-YY HH12:MI:SS:MS PM'));
INSERT INTO SE_DETIENE VALUES('E7573923','ARACNIDOS-378',TO_TIMESTAMP('11-SEP-08 10.08.57.000000 PM','DD-Mon-YY HH12:MI:SS:MS PM'));
INSERT INTO SE_DETIENE VALUES('E54332266','ARACNIDOS-378',TO_TIMESTAMP('11-SEP-08 10.08.57.000000 PM','DD-Mon-YY HH12:MI:SS:MS PM'));
INSERT INTO DETENCION VALUES('PANTERAS-623',TO_TIMESTAMP('30-SEP-08 04.48.10.000000 PM','DD-Mon-YY HH12:MI:SS:MS PM'),'SANTA CECILIA');
INSERT INTO VEHICULO_ROBADO VALUES('PDFG472','HYUNDAI','MICRO','1994','NEGRO','PANTERAS-623',TO_TIMESTAMP('30-SEP-08 04.48.10.000000 PM','DD-Mon-YY HH12:MI:SS:MS PM'));
INSERT INTO SOSPECHOSO VALUES('E87186305','PEDRO ALBERTO GUERRERO CASTILLO',1002149);
INSERT INTO SE_DETIENE VALUES('E87186305','PANTERAS-623',TO_TIMESTAMP('30-SEP-08 04.48.10.000000 PM','DD-Mon-YY HH12:MI:SS:MS PM'));
INSERT INTO SE_DETIENE VALUES('E8762669','PANTERAS-623',TO_TIMESTAMP('30-SEP-08 04.48.10.000000 PM','DD-Mon-YY HH12:MI:SS:MS PM'));
INSERT INTO SE_DETIENE VALUES('E11842475','PANTERAS-623',TO_TIMESTAMP('30-SEP-08 04.48.10.000000 PM','DD-Mon-YY HH12:MI:SS:MS PM'));
INSERT INTO SE_DETIENE VALUES('E99792858','PANTERAS-623',TO_TIMESTAMP('30-SEP-08 04.48.10.000000 PM','DD-Mon-YY HH12:MI:SS:MS PM'));
INSERT INTO DETENCION VALUES('OSOS-401',TO_TIMESTAMP('10-SEP-08 11.51.15.000000 AM','DD-Mon-YY HH12:MI:SS:MS AM'),'BARRIO LAS ADJUNTAS');
INSERT INTO VEHICULO_ROBADO VALUES('DAAX649','DODGE','DEPORTIVO','1994','ROJO','OSOS-401',TO_TIMESTAMP('10-SEP-08 11.51.15.000000 AM','DD-Mon-YY HH12:MI:SS:MS AM'));
INSERT INTO SOSPECHOSO VALUES('V85957691','LILIAN ELENA FERRER GUERRERO',1391058);
INSERT INTO SE_DETIENE VALUES('V85957691','OSOS-401',TO_TIMESTAMP('10-SEP-08 11.51.15.000000 AM','DD-Mon-YY HH12:MI:SS:MS AM'));
INSERT INTO SE_DETIENE VALUES('E4202507','OSOS-401',TO_TIMESTAMP('10-SEP-08 11.51.15.000000 AM','DD-Mon-YY HH12:MI:SS:MS AM'));
INSERT INTO SE_DETIENE VALUES('E54332266','OSOS-401',TO_TIMESTAMP('10-SEP-08 11.51.15.000000 AM','DD-Mon-YY HH12:MI:SS:MS AM'));
INSERT INTO SE_DETIENE VALUES('E28171064','OSOS-401',TO_TIMESTAMP('10-SEP-08 11.51.15.000000 AM','DD-Mon-YY HH12:MI:SS:MS AM'));
INSERT INTO SE_DETIENE VALUES('E4202507','OSOS-401',TO_TIMESTAMP('10-SEP-08 11.51.15.000000 AM','DD-Mon-YY HH12:MI:SS:MS AM'));
INSERT INTO DETENCION VALUES('PANTERAS-825',TO_TIMESTAMP('06-OCT-08 05.56.04.000000 AM','DD-Mon-YY HH12:MI:SS:MS AM'),'PARAISO');
INSERT INTO VEHICULO_ROBADO VALUES('KW59168','CHRYSLER','FURGONETA','1991','GRIS','PANTERAS-825',TO_TIMESTAMP('06-OCT-08 05.56.04.000000 AM','DD-Mon-YY HH12:MI:SS:MS AM'));
INSERT INTO SOSPECHOSO VALUES('E88885109','ADOLFO TOMAS PEREZ ADRIAN',8756021);
INSERT INTO SE_DETIENE VALUES('E88885109','PANTERAS-825',TO_TIMESTAMP('06-OCT-08 05.56.04.000000 AM','DD-Mon-YY HH12:MI:SS:MS AM'));
INSERT INTO SE_DETIENE VALUES('E67183842','PANTERAS-825',TO_TIMESTAMP('06-OCT-08 05.56.04.000000 AM','DD-Mon-YY HH12:MI:SS:MS AM'));
INSERT INTO SE_DETIENE VALUES('E87321506','PANTERAS-825',TO_TIMESTAMP('06-OCT-08 05.56.04.000000 AM','DD-Mon-YY HH12:MI:SS:MS AM'));
INSERT INTO SE_DETIENE VALUES('E92876896','PANTERAS-825',TO_TIMESTAMP('06-OCT-08 05.56.04.000000 AM','DD-Mon-YY HH12:MI:SS:MS AM'));
INSERT INTO SE_DETIENE VALUES('E88228181','PANTERAS-825',TO_TIMESTAMP('06-OCT-08 05.56.04.000000 AM','DD-Mon-YY HH12:MI:SS:MS AM'));
INSERT INTO SE_DETIENE VALUES('E4202507','PANTERAS-825',TO_TIMESTAMP('06-OCT-08 05.56.04.000000 AM','DD-Mon-YY HH12:MI:SS:MS AM'));
INSERT INTO SE_DETIENE VALUES('E54332266','PANTERAS-825',TO_TIMESTAMP('06-OCT-08 05.56.04.000000 AM','DD-Mon-YY HH12:MI:SS:MS AM'));
INSERT INTO DETENCION VALUES('TRIGRES-672',TO_TIMESTAMP('03-SEP-08 02.18.54.000000 PM','DD-Mon-YY HH12:MI:SS:MS PM'),'BARRIO BRISAS DEL PARAISO');
INSERT INTO VEHICULO_ROBADO VALUES('MTE7615','LAND ROVER','SEDAN','1995','PLATA','TRIGRES-672',TO_TIMESTAMP('03-SEP-08 02.18.54.000000 PM','DD-Mon-YY HH12:MI:SS:MS PM'));
INSERT INTO SOSPECHOSO VALUES('V78737014','ANTONIO ALBERTO FERRER GALLEGOS',4330358);
INSERT INTO SE_DETIENE VALUES('V78737014','TRIGRES-672',TO_TIMESTAMP('03-SEP-08 02.18.54.000000 PM','DD-Mon-YY HH12:MI:SS:MS PM'));
INSERT INTO SE_DETIENE VALUES('V16594596','TRIGRES-672',TO_TIMESTAMP('03-SEP-08 02.18.54.000000 PM','DD-Mon-YY HH12:MI:SS:MS PM'));
INSERT INTO SE_DETIENE VALUES('E99792858','TRIGRES-672',TO_TIMESTAMP('03-SEP-08 02.18.54.000000 PM','DD-Mon-YY HH12:MI:SS:MS PM'));
INSERT INTO SE_DETIENE VALUES('E8762669','TRIGRES-672',TO_TIMESTAMP('03-SEP-08 02.18.54.000000 PM','DD-Mon-YY HH12:MI:SS:MS PM'));
INSERT INTO DETENCION VALUES('ZORROS-305',TO_TIMESTAMP('05-SEP-08 04.35.19.000000 PM','DD-Mon-YY HH12:MI:SS:MS PM'),'URB LA CAMPINIA');
INSERT INTO VEHICULO_ROBADO VALUES('OQAJZG8','SEAT','FURGONETA','2000','GRIS','ZORROS-305',TO_TIMESTAMP('05-SEP-08 04.35.19.000000 PM','DD-Mon-YY HH12:MI:SS:MS PM'));
INSERT INTO SOSPECHOSO VALUES('V28896519','CARMEN ESTHER ADRIAN PARRA',2999566);
INSERT INTO SE_DETIENE VALUES('V28896519','ZORROS-305',TO_TIMESTAMP('05-SEP-08 04.35.19.000000 PM','DD-Mon-YY HH12:MI:SS:MS PM'));
INSERT INTO SE_DETIENE VALUES('V47381153','ZORROS-305',TO_TIMESTAMP('05-SEP-08 04.35.19.000000 PM','DD-Mon-YY HH12:MI:SS:MS PM'));
INSERT INTO SE_DETIENE VALUES('E8762669','ZORROS-305',TO_TIMESTAMP('05-SEP-08 04.35.19.000000 PM','DD-Mon-YY HH12:MI:SS:MS PM'));
INSERT INTO SE_DETIENE VALUES('V15163962','ZORROS-305',TO_TIMESTAMP('05-SEP-08 04.35.19.000000 PM','DD-Mon-YY HH12:MI:SS:MS PM'));
INSERT INTO DETENCION VALUES('OSOS-773',TO_TIMESTAMP('04-OCT-08 04.41.06.000000 PM','DD-Mon-YY HH12:MI:SS:MS PM'),'BARRIO LA BANDERA');
INSERT INTO VEHICULO_ROBADO VALUES('EHN8140','CHEVROLET','CAMIONETA','2000','GRIS','OSOS-773',TO_TIMESTAMP('04-OCT-08 04.41.06.000000 PM','DD-Mon-YY HH12:MI:SS:MS PM'));
INSERT INTO SOSPECHOSO VALUES('E66162241','CARLOS JOSE LANDAETA PEREIRA',7633963);
INSERT INTO SE_DETIENE VALUES('E66162241','OSOS-773',TO_TIMESTAMP('04-OCT-08 04.41.06.000000 PM','DD-Mon-YY HH12:MI:SS:MS PM'));
INSERT INTO SE_DETIENE VALUES('E92876896','OSOS-773',TO_TIMESTAMP('04-OCT-08 04.41.06.000000 PM','DD-Mon-YY HH12:MI:SS:MS PM'));
INSERT INTO SE_DETIENE VALUES('E7573923','OSOS-773',TO_TIMESTAMP('04-OCT-08 04.41.06.000000 PM','DD-Mon-YY HH12:MI:SS:MS PM'));
INSERT INTO DETENCION VALUES('TRIGRES-176',TO_TIMESTAMP('12-SEP-08 09.39.29.000000 AM','DD-Mon-YY HH12:MI:SS:MS AM'),'BARRIO ALTOS DE LIDICE');
INSERT INTO VEHICULO_ROBADO VALUES('PWR1579','MASERATI','FURGONETA','1992','DORADO','TRIGRES-176',TO_TIMESTAMP('12-SEP-08 09.39.29.000000 AM','DD-Mon-YY HH12:MI:SS:MS AM'));
INSERT INTO SOSPECHOSO VALUES('V98558536','CECILIA CAROLINA SOSA FERRER',4315679);
INSERT INTO SE_DETIENE VALUES('V98558536','TRIGRES-176',TO_TIMESTAMP('12-SEP-08 09.39.29.000000 AM','DD-Mon-YY HH12:MI:SS:MS AM'));
INSERT INTO SE_DETIENE VALUES('V16594596','TRIGRES-176',TO_TIMESTAMP('12-SEP-08 09.39.29.000000 AM','DD-Mon-YY HH12:MI:SS:MS AM'));
INSERT INTO SE_DETIENE VALUES('V16481829','TRIGRES-176',TO_TIMESTAMP('12-SEP-08 09.39.29.000000 AM','DD-Mon-YY HH12:MI:SS:MS AM'));
INSERT INTO SE_DETIENE VALUES('E36229665','TRIGRES-176',TO_TIMESTAMP('12-SEP-08 09.39.29.000000 AM','DD-Mon-YY HH12:MI:SS:MS AM'));
INSERT INTO SE_DETIENE VALUES('E12104514','TRIGRES-176',TO_TIMESTAMP('12-SEP-08 09.39.29.000000 AM','DD-Mon-YY HH12:MI:SS:MS AM'));
INSERT INTO SE_DETIENE VALUES('E29499849','TRIGRES-176',TO_TIMESTAMP('12-SEP-08 09.39.29.000000 AM','DD-Mon-YY HH12:MI:SS:MS AM'));
INSERT INTO DETENCION VALUES('ZORROS-426',TO_TIMESTAMP('05-SEP-08 08.51.13.000000 PM','DD-Mon-YY HH12:MI:SS:MS PM'),'ARAGUITA');
INSERT INTO VEHICULO_ROBADO VALUES('DTC7001','CHEVROLET','SEDAN','1996','NARANJA','ZORROS-426',TO_TIMESTAMP('05-SEP-08 08.51.13.000000 PM','DD-Mon-YY HH12:MI:SS:MS PM'));
INSERT INTO SOSPECHOSO VALUES('E72541403','VICTOR RICARDO ADRIAN FERRER',5119212);
INSERT INTO SE_DETIENE VALUES('E72541403','ZORROS-426',TO_TIMESTAMP('05-SEP-08 08.51.13.000000 PM','DD-Mon-YY HH12:MI:SS:MS PM'));
INSERT INTO SE_DETIENE VALUES('V33486065','ZORROS-426',TO_TIMESTAMP('05-SEP-08 08.51.13.000000 PM','DD-Mon-YY HH12:MI:SS:MS PM'));
INSERT INTO SE_DETIENE VALUES('E12104514','ZORROS-426',TO_TIMESTAMP('05-SEP-08 08.51.13.000000 PM','DD-Mon-YY HH12:MI:SS:MS PM'));
INSERT INTO SE_DETIENE VALUES('E88228181','ZORROS-426',TO_TIMESTAMP('05-SEP-08 08.51.13.000000 PM','DD-Mon-YY HH12:MI:SS:MS PM'));
INSERT INTO DETENCION VALUES('PANTERAS-655',TO_TIMESTAMP('15-SEP-08 04.55.34.000000 AM','DD-Mon-YY HH12:MI:SS:MS AM'),'BARRIO LA BANDERA');
INSERT INTO VEHICULO_ROBADO VALUES('PDFBC83','FORD','MICRO','1998','ROJO','PANTERAS-655',TO_TIMESTAMP('15-SEP-08 04.55.34.000000 AM','DD-Mon-YY HH12:MI:SS:MS AM'));
INSERT INTO SOSPECHOSO VALUES('V29519664','ANGELA MONICA SOSA LANDAETA',7430396);
INSERT INTO SE_DETIENE VALUES('V29519664','PANTERAS-655',TO_TIMESTAMP('15-SEP-08 04.55.34.000000 AM','DD-Mon-YY HH12:MI:SS:MS AM'));
INSERT INTO SE_DETIENE VALUES('V4220431','PANTERAS-655',TO_TIMESTAMP('15-SEP-08 04.55.34.000000 AM','DD-Mon-YY HH12:MI:SS:MS AM'));
INSERT INTO SE_DETIENE VALUES('E67566095','PANTERAS-655',TO_TIMESTAMP('15-SEP-08 04.55.34.000000 AM','DD-Mon-YY HH12:MI:SS:MS AM'));
INSERT INTO SE_DETIENE VALUES('V15163962','PANTERAS-655',TO_TIMESTAMP('15-SEP-08 04.55.34.000000 AM','DD-Mon-YY HH12:MI:SS:MS AM'));
INSERT INTO SE_DETIENE VALUES('E28171064','PANTERAS-655',TO_TIMESTAMP('15-SEP-08 04.55.34.000000 AM','DD-Mon-YY HH12:MI:SS:MS AM'));
INSERT INTO SE_DETIENE VALUES('E8762669','PANTERAS-655',TO_TIMESTAMP('15-SEP-08 04.55.34.000000 AM','DD-Mon-YY HH12:MI:SS:MS AM'));
INSERT INTO SE_DETIENE VALUES('E67566095','PANTERAS-655',TO_TIMESTAMP('15-SEP-08 04.55.34.000000 AM','DD-Mon-YY HH12:MI:SS:MS AM'));
INSERT INTO DETENCION VALUES('ARACNIDOS-163',TO_TIMESTAMP('26-SEP-08 04.01.43.000000 AM','DD-Mon-YY HH12:MI:SS:MS AM'),'BARRIO CORTADA DE CATIA');
INSERT INTO VEHICULO_ROBADO VALUES('IX15949','TOYOTA','MICRO','1996','VERDE','ARACNIDOS-163',TO_TIMESTAMP('26-SEP-08 04.01.43.000000 AM','DD-Mon-YY HH12:MI:SS:MS AM'));
INSERT INTO SOSPECHOSO VALUES('E88681053','EMELY ADRIANA CASTILLO MENDOZA',4355520);
INSERT INTO SE_DETIENE VALUES('E88681053','ARACNIDOS-163',TO_TIMESTAMP('26-SEP-08 04.01.43.000000 AM','DD-Mon-YY HH12:MI:SS:MS AM'));
INSERT INTO SE_DETIENE VALUES('E29499849','ARACNIDOS-163',TO_TIMESTAMP('26-SEP-08 04.01.43.000000 AM','DD-Mon-YY HH12:MI:SS:MS AM'));
INSERT INTO SE_DETIENE VALUES('E11842475','ARACNIDOS-163',TO_TIMESTAMP('26-SEP-08 04.01.43.000000 AM','DD-Mon-YY HH12:MI:SS:MS AM'));
INSERT INTO SE_DETIENE VALUES('E36229665','ARACNIDOS-163',TO_TIMESTAMP('26-SEP-08 04.01.43.000000 AM','DD-Mon-YY HH12:MI:SS:MS AM'));
INSERT INTO DETENCION VALUES('TIBURONES-436',TO_TIMESTAMP('06-AUG-08 04.06.04.000000 AM','DD-Mon-YY HH12:MI:SS:MS AM'),'URB LOS GUAYABITOS');
INSERT INTO VEHICULO_ROBADO VALUES('ZVBW598','DODGE','PICKUP','1994','NARANJA','TIBURONES-436',TO_TIMESTAMP('06-AUG-08 04.06.04.000000 AM','DD-Mon-YY HH12:MI:SS:MS AM'));
INSERT INTO SOSPECHOSO VALUES('V92921171','JESUS GUILLERMO SOSA FERRER',3242970);
INSERT INTO SE_DETIENE VALUES('V92921171','TIBURONES-436',TO_TIMESTAMP('06-AUG-08 04.06.04.000000 AM','DD-Mon-YY HH12:MI:SS:MS AM'));
INSERT INTO SE_DETIENE VALUES('E67183842','TIBURONES-436',TO_TIMESTAMP('06-AUG-08 04.06.04.000000 AM','DD-Mon-YY HH12:MI:SS:MS AM'));
INSERT INTO SE_DETIENE VALUES('V20657353','TIBURONES-436',TO_TIMESTAMP('06-AUG-08 04.06.04.000000 AM','DD-Mon-YY HH12:MI:SS:MS AM'));
INSERT INTO SE_DETIENE VALUES('E92876896','TIBURONES-436',TO_TIMESTAMP('06-AUG-08 04.06.04.000000 AM','DD-Mon-YY HH12:MI:SS:MS AM'));
INSERT INTO SE_DETIENE VALUES('E72114586','TIBURONES-436',TO_TIMESTAMP('06-AUG-08 04.06.04.000000 AM','DD-Mon-YY HH12:MI:SS:MS AM'));
INSERT INTO DETENCION VALUES('LEONES-632',TO_TIMESTAMP('04-SEP-08 06.56.01.000000 PM','DD-Mon-YY HH12:MI:SS:MS PM'),'BARRIO ALTOS DE LIDICE');
INSERT INTO VEHICULO_ROBADO VALUES('JO12720','MASERATI','PICKUP','1995','AMARILLO','LEONES-632',TO_TIMESTAMP('04-SEP-08 06.56.01.000000 PM','DD-Mon-YY HH12:MI:SS:MS PM'));
INSERT INTO SOSPECHOSO VALUES('V95178828','TERESA ANDREINA LOPEZ MENDOZA',7741767);
INSERT INTO SE_DETIENE VALUES('V95178828','LEONES-632',TO_TIMESTAMP('04-SEP-08 06.56.01.000000 PM','DD-Mon-YY HH12:MI:SS:MS PM'));
INSERT INTO SE_DETIENE VALUES('E72761183','LEONES-632',TO_TIMESTAMP('04-SEP-08 06.56.01.000000 PM','DD-Mon-YY HH12:MI:SS:MS PM'));
INSERT INTO SE_DETIENE VALUES('V20657353','LEONES-632',TO_TIMESTAMP('04-SEP-08 06.56.01.000000 PM','DD-Mon-YY HH12:MI:SS:MS PM'));
INSERT INTO DETENCION VALUES('TRIGRES-672',TO_TIMESTAMP('31-OCT-08 10.31.19.000000 PM','DD-Mon-YY HH12:MI:SS:MS PM'),'VALLE ALTO');
INSERT INTO VEHICULO_ROBADO VALUES('ELH3952','CHRYSLER','CAMIONETA','2000','AZUL','TRIGRES-672',TO_TIMESTAMP('31-OCT-08 10.31.19.000000 PM','DD-Mon-YY HH12:MI:SS:MS PM'));
INSERT INTO SOSPECHOSO VALUES('V83477405','ISMAEL RICARDO MARQUEZ GUERRERO',2686622);
INSERT INTO SE_DETIENE VALUES('V83477405','TRIGRES-672',TO_TIMESTAMP('31-OCT-08 10.31.19.000000 PM','DD-Mon-YY HH12:MI:SS:MS PM'));
INSERT INTO SE_DETIENE VALUES('E99792858','TRIGRES-672',TO_TIMESTAMP('31-OCT-08 10.31.19.000000 PM','DD-Mon-YY HH12:MI:SS:MS PM'));
INSERT INTO SE_DETIENE VALUES('E92876896','TRIGRES-672',TO_TIMESTAMP('31-OCT-08 10.31.19.000000 PM','DD-Mon-YY HH12:MI:SS:MS PM'));
INSERT INTO SE_DETIENE VALUES('E72114586','TRIGRES-672',TO_TIMESTAMP('31-OCT-08 10.31.19.000000 PM','DD-Mon-YY HH12:MI:SS:MS PM'));
INSERT INTO SE_DETIENE VALUES('E11842475','TRIGRES-672',TO_TIMESTAMP('31-OCT-08 10.31.19.000000 PM','DD-Mon-YY HH12:MI:SS:MS PM'));
INSERT INTO DETENCION VALUES('TRIGRES-517',TO_TIMESTAMP('05-SEP-08 12.22.28.000000 PM','DD-Mon-YY HH12:MI:SS:MS PM'),'BARRIO LAS ADJUNTAS');
INSERT INTO VEHICULO_ROBADO VALUES('SCSTMG3','FIAT','FURGONETA','1992','NARANJA','TRIGRES-517',TO_TIMESTAMP('05-SEP-08 12.22.28.000000 PM','DD-Mon-YY HH12:MI:SS:MS PM'));
INSERT INTO SOSPECHOSO VALUES('V61966124','MONICA ANDREINA SOSA LOPEZ',9586193);
INSERT INTO SE_DETIENE VALUES('V61966124','TRIGRES-517',TO_TIMESTAMP('05-SEP-08 12.22.28.000000 PM','DD-Mon-YY HH12:MI:SS:MS PM'));
INSERT INTO SE_DETIENE VALUES('E99792858','TRIGRES-517',TO_TIMESTAMP('05-SEP-08 12.22.28.000000 PM','DD-Mon-YY HH12:MI:SS:MS PM'));
INSERT INTO SE_DETIENE VALUES('E8762669','TRIGRES-517',TO_TIMESTAMP('05-SEP-08 12.22.28.000000 PM','DD-Mon-YY HH12:MI:SS:MS PM'));
INSERT INTO SE_DETIENE VALUES('E67566095','TRIGRES-517',TO_TIMESTAMP('05-SEP-08 12.22.28.000000 PM','DD-Mon-YY HH12:MI:SS:MS PM'));
INSERT INTO DETENCION VALUES('OSOS-529',TO_TIMESTAMP('10-SEP-08 09.34.14.000000 PM','DD-Mon-YY HH12:MI:SS:MS PM'),'URB PARQUE CARABOBO');
INSERT INTO VEHICULO_ROBADO VALUES('GIXRG45','MERCEDES','DEPORTIVO','2008','AZUL','OSOS-529',TO_TIMESTAMP('10-SEP-08 09.34.14.000000 PM','DD-Mon-YY HH12:MI:SS:MS PM'));
INSERT INTO SOSPECHOSO VALUES('V70893721','CARMEN ANDREINA SOSA GONZALEZ',3309580);
INSERT INTO SE_DETIENE VALUES('V70893721','OSOS-529',TO_TIMESTAMP('10-SEP-08 09.34.14.000000 PM','DD-Mon-YY HH12:MI:SS:MS PM'));
INSERT INTO SE_DETIENE VALUES('E99792858','OSOS-529',TO_TIMESTAMP('10-SEP-08 09.34.14.000000 PM','DD-Mon-YY HH12:MI:SS:MS PM'));
INSERT INTO SE_DETIENE VALUES('E72761183','OSOS-529',TO_TIMESTAMP('10-SEP-08 09.34.14.000000 PM','DD-Mon-YY HH12:MI:SS:MS PM'));
INSERT INTO DETENCION VALUES('AGUILAS-556',TO_TIMESTAMP('15-SEP-08 08.39.36.000000 AM','DD-Mon-YY HH12:MI:SS:MS AM'),'ARAGUITA');
INSERT INTO VEHICULO_ROBADO VALUES('FEZN990','DAEWOO','CAMIONETA','2002','AMARILLO','AGUILAS-556',TO_TIMESTAMP('15-SEP-08 08.39.36.000000 AM','DD-Mon-YY HH12:MI:SS:MS AM'));
INSERT INTO SOSPECHOSO VALUES('V4562960','ANGELA TERESA FERRER ZAMBRANO',9082287);
INSERT INTO SE_DETIENE VALUES('V4562960','AGUILAS-556',TO_TIMESTAMP('15-SEP-08 08.39.36.000000 AM','DD-Mon-YY HH12:MI:SS:MS AM'));
INSERT INTO SE_DETIENE VALUES('E12104514','AGUILAS-556',TO_TIMESTAMP('15-SEP-08 08.39.36.000000 AM','DD-Mon-YY HH12:MI:SS:MS AM'));
INSERT INTO SE_DETIENE VALUES('E72114586','AGUILAS-556',TO_TIMESTAMP('15-SEP-08 08.39.36.000000 AM','DD-Mon-YY HH12:MI:SS:MS AM'));
INSERT INTO DETENCION VALUES('TRIGRES-517',TO_TIMESTAMP('27-SEP-08 03.16.37.000000 PM','DD-Mon-YY HH12:MI:SS:MS PM'),'URB COCHE');
INSERT INTO VEHICULO_ROBADO VALUES('COI3089','TOYOTA','CAMIONETA','2006','PLATA','TRIGRES-517',TO_TIMESTAMP('27-SEP-08 03.16.37.000000 PM','DD-Mon-YY HH12:MI:SS:MS PM'));
INSERT INTO SOSPECHOSO VALUES('E55509194','ANDREINA TERESA TORRES LANDAETA',4515259);
INSERT INTO SE_DETIENE VALUES('E55509194','TRIGRES-517',TO_TIMESTAMP('27-SEP-08 03.16.37.000000 PM','DD-Mon-YY HH12:MI:SS:MS PM'));
INSERT INTO SE_DETIENE VALUES('E67566095','TRIGRES-517',TO_TIMESTAMP('27-SEP-08 03.16.37.000000 PM','DD-Mon-YY HH12:MI:SS:MS PM'));
INSERT INTO SE_DETIENE VALUES('E28171064','TRIGRES-517',TO_TIMESTAMP('27-SEP-08 03.16.37.000000 PM','DD-Mon-YY HH12:MI:SS:MS PM'));
INSERT INTO SE_DETIENE VALUES('E92876896','TRIGRES-517',TO_TIMESTAMP('27-SEP-08 03.16.37.000000 PM','DD-Mon-YY HH12:MI:SS:MS PM'));
INSERT INTO SE_DETIENE VALUES('V33486065','TRIGRES-517',TO_TIMESTAMP('27-SEP-08 03.16.37.000000 PM','DD-Mon-YY HH12:MI:SS:MS PM'));
INSERT INTO DETENCION VALUES('AGUILAS-932',TO_TIMESTAMP('14-OCT-08 11.42.40.000000 PM','DD-Mon-YY HH12:MI:SS:MS PM'),'PIEDRA AZUL');
INSERT INTO VEHICULO_ROBADO VALUES('YPJQ578','CITROEN','FURGONETA','2006','ROJO','AGUILAS-932',TO_TIMESTAMP('14-OCT-08 11.42.40.000000 PM','DD-Mon-YY HH12:MI:SS:MS PM'));
INSERT INTO SOSPECHOSO VALUES('V27547571','ANA ANDREINA PEREIRA TIRADO',9692950);
INSERT INTO SE_DETIENE VALUES('V27547571','AGUILAS-932',TO_TIMESTAMP('14-OCT-08 11.42.40.000000 PM','DD-Mon-YY HH12:MI:SS:MS PM'));
INSERT INTO SE_DETIENE VALUES('E29499849','AGUILAS-932',TO_TIMESTAMP('14-OCT-08 11.42.40.000000 PM','DD-Mon-YY HH12:MI:SS:MS PM'));
INSERT INTO DETENCION VALUES('TIBURONES-138',TO_TIMESTAMP('22-AUG-08 06.29.51.000000 AM','DD-Mon-YY HH12:MI:SS:MS AM'),'URB EL BOSQUE');
INSERT INTO VEHICULO_ROBADO VALUES('H684397','CADILLAC','DEPORTIVO','1993','NARANJA','TIBURONES-138',TO_TIMESTAMP('22-AUG-08 06.29.51.000000 AM','DD-Mon-YY HH12:MI:SS:MS AM'));
INSERT INTO SOSPECHOSO VALUES('E34571569','ISMAEL ADOLFO LANDAETA TORRES',5822835);
INSERT INTO SE_DETIENE VALUES('E34571569','TIBURONES-138',TO_TIMESTAMP('22-AUG-08 06.29.51.000000 AM','DD-Mon-YY HH12:MI:SS:MS AM'));
INSERT INTO SE_DETIENE VALUES('E12104514','TIBURONES-138',TO_TIMESTAMP('22-AUG-08 06.29.51.000000 AM','DD-Mon-YY HH12:MI:SS:MS AM'));
INSERT INTO SE_DETIENE VALUES('E99792858','TIBURONES-138',TO_TIMESTAMP('22-AUG-08 06.29.51.000000 AM','DD-Mon-YY HH12:MI:SS:MS AM'));
INSERT INTO SE_DETIENE VALUES('E42844779','TIBURONES-138',TO_TIMESTAMP('22-AUG-08 06.29.51.000000 AM','DD-Mon-YY HH12:MI:SS:MS AM'));
INSERT INTO SE_DETIENE VALUES('V47381153','TIBURONES-138',TO_TIMESTAMP('22-AUG-08 06.29.51.000000 AM','DD-Mon-YY HH12:MI:SS:MS AM'));
INSERT INTO DETENCION VALUES('ZORROS-831',TO_TIMESTAMP('31-AUG-08 06.15.34.000000 PM','DD-Mon-YY HH12:MI:SS:MS PM'),'URB EL PARAISO');
INSERT INTO VEHICULO_ROBADO VALUES('UCAY717','HONDA','SEDAN','2008','AMARILLO','ZORROS-831',TO_TIMESTAMP('31-AUG-08 06.15.34.000000 PM','DD-Mon-YY HH12:MI:SS:MS PM'));
INSERT INTO SOSPECHOSO VALUES('V29179029','MONICA ALEJANDRA GIRALDEZ GOMEZ',5843402);
INSERT INTO SE_DETIENE VALUES('V29179029','ZORROS-831',TO_TIMESTAMP('31-AUG-08 06.15.34.000000 PM','DD-Mon-YY HH12:MI:SS:MS PM'));
INSERT INTO SE_DETIENE VALUES('E92876896','ZORROS-831',TO_TIMESTAMP('31-AUG-08 06.15.34.000000 PM','DD-Mon-YY HH12:MI:SS:MS PM'));
INSERT INTO SE_DETIENE VALUES('E54332266','ZORROS-831',TO_TIMESTAMP('31-AUG-08 06.15.34.000000 PM','DD-Mon-YY HH12:MI:SS:MS PM'));
INSERT INTO SE_DETIENE VALUES('V20657353','ZORROS-831',TO_TIMESTAMP('31-AUG-08 06.15.34.000000 PM','DD-Mon-YY HH12:MI:SS:MS PM'));
INSERT INTO SE_DETIENE VALUES('V16481829','ZORROS-831',TO_TIMESTAMP('31-AUG-08 06.15.34.000000 PM','DD-Mon-YY HH12:MI:SS:MS PM'));
INSERT INTO SE_DETIENE VALUES('E4202507','ZORROS-831',TO_TIMESTAMP('31-AUG-08 06.15.34.000000 PM','DD-Mon-YY HH12:MI:SS:MS PM'));
INSERT INTO DETENCION VALUES('OSOS-529',TO_TIMESTAMP('12-AUG-08 05.20.15.000000 PM','DD-Mon-YY HH12:MI:SS:MS PM'),'URB LA CAMPINIA');
INSERT INTO VEHICULO_ROBADO VALUES('GC47683','MASERATI','DEPORTIVO','1995','NARANJA','OSOS-529',TO_TIMESTAMP('12-AUG-08 05.20.15.000000 PM','DD-Mon-YY HH12:MI:SS:MS PM'));
INSERT INTO SOSPECHOSO VALUES('V37253830','TERESA CAROLINA MENDOZA TIRADO',2453704);
INSERT INTO SE_DETIENE VALUES('V37253830','OSOS-529',TO_TIMESTAMP('12-AUG-08 05.20.15.000000 PM','DD-Mon-YY HH12:MI:SS:MS PM'));
INSERT INTO SE_DETIENE VALUES('E87321506','OSOS-529',TO_TIMESTAMP('12-AUG-08 05.20.15.000000 PM','DD-Mon-YY HH12:MI:SS:MS PM'));
INSERT INTO SE_DETIENE VALUES('V33486065','OSOS-529',TO_TIMESTAMP('12-AUG-08 05.20.15.000000 PM','DD-Mon-YY HH12:MI:SS:MS PM'));
INSERT INTO SE_DETIENE VALUES('V15163962','OSOS-529',TO_TIMESTAMP('12-AUG-08 05.20.15.000000 PM','DD-Mon-YY HH12:MI:SS:MS PM'));
INSERT INTO SE_DETIENE VALUES('V16481829','OSOS-529',TO_TIMESTAMP('12-AUG-08 05.20.15.000000 PM','DD-Mon-YY HH12:MI:SS:MS PM'));
INSERT INTO DETENCION VALUES('TRIGRES-797',TO_TIMESTAMP('26-SEP-08 01.42.37.000000 PM','DD-Mon-YY HH12:MI:SS:MS PM'),'URB LOS GUAYABITOS');
INSERT INTO VEHICULO_ROBADO VALUES('OY44811','SEAT','MICRO','1996','AZUL','TRIGRES-797',TO_TIMESTAMP('26-SEP-08 01.42.37.000000 PM','DD-Mon-YY HH12:MI:SS:MS PM'));
INSERT INTO SOSPECHOSO VALUES('V55433420','ALICIA ANGELICA LANDAETA ADRIAN',1505478);
INSERT INTO SE_DETIENE VALUES('V55433420','TRIGRES-797',TO_TIMESTAMP('26-SEP-08 01.42.37.000000 PM','DD-Mon-YY HH12:MI:SS:MS PM'));
INSERT INTO SE_DETIENE VALUES('E72114586','TRIGRES-797',TO_TIMESTAMP('26-SEP-08 01.42.37.000000 PM','DD-Mon-YY HH12:MI:SS:MS PM'));
INSERT INTO SE_DETIENE VALUES('V16481829','TRIGRES-797',TO_TIMESTAMP('26-SEP-08 01.42.37.000000 PM','DD-Mon-YY HH12:MI:SS:MS PM'));
INSERT INTO SE_DETIENE VALUES('E87321506','TRIGRES-797',TO_TIMESTAMP('26-SEP-08 01.42.37.000000 PM','DD-Mon-YY HH12:MI:SS:MS PM'));
INSERT INTO SE_DETIENE VALUES('E8762669','TRIGRES-797',TO_TIMESTAMP('26-SEP-08 01.42.37.000000 PM','DD-Mon-YY HH12:MI:SS:MS PM'));
INSERT INTO SE_DETIENE VALUES('E17892138','TRIGRES-797',TO_TIMESTAMP('26-SEP-08 01.42.37.000000 PM','DD-Mon-YY HH12:MI:SS:MS PM'));
INSERT INTO DETENCION VALUES('TRIGRES-176',TO_TIMESTAMP('23-SEP-08 06.52.57.000000 PM','DD-Mon-YY HH12:MI:SS:MS PM'),'PARAISO');
INSERT INTO VEHICULO_ROBADO VALUES('FXRJIF6','CADILLAC','MICRO','2009','ROJO','TRIGRES-176',TO_TIMESTAMP('23-SEP-08 06.52.57.000000 PM','DD-Mon-YY HH12:MI:SS:MS PM'));
INSERT INTO SOSPECHOSO VALUES('V18147833','JONATHAN ANTONIO GIRALDEZ SOSA',6546533);
INSERT INTO SE_DETIENE VALUES('V18147833','TRIGRES-176',TO_TIMESTAMP('23-SEP-08 06.52.57.000000 PM','DD-Mon-YY HH12:MI:SS:MS PM'));
INSERT INTO SE_DETIENE VALUES('E72114586','TRIGRES-176',TO_TIMESTAMP('23-SEP-08 06.52.57.000000 PM','DD-Mon-YY HH12:MI:SS:MS PM'));
INSERT INTO SE_DETIENE VALUES('E12104514','TRIGRES-176',TO_TIMESTAMP('23-SEP-08 06.52.57.000000 PM','DD-Mon-YY HH12:MI:SS:MS PM'));
INSERT INTO SE_DETIENE VALUES('E7573923','TRIGRES-176',TO_TIMESTAMP('23-SEP-08 06.52.57.000000 PM','DD-Mon-YY HH12:MI:SS:MS PM'));
INSERT INTO SE_DETIENE VALUES('E7573923','TRIGRES-176',TO_TIMESTAMP('23-SEP-08 06.52.57.000000 PM','DD-Mon-YY HH12:MI:SS:MS PM'));
INSERT INTO SE_DETIENE VALUES('V47381153','TRIGRES-176',TO_TIMESTAMP('23-SEP-08 06.52.57.000000 PM','DD-Mon-YY HH12:MI:SS:MS PM'));
INSERT INTO DETENCION VALUES('LEONES-798',TO_TIMESTAMP('28-SEP-08 06.30.14.000000 PM','DD-Mon-YY HH12:MI:SS:MS PM'),'URB EL PARAISO');
INSERT INTO VEHICULO_ROBADO VALUES('VHGQR32','AUDI','DEPORTIVO','1991','DORADO','LEONES-798',TO_TIMESTAMP('28-SEP-08 06.30.14.000000 PM','DD-Mon-YY HH12:MI:SS:MS PM'));
INSERT INTO SOSPECHOSO VALUES('V49129731','ADRIANA ANDREINA GIRALDEZ GUERRA',1435017);
INSERT INTO SE_DETIENE VALUES('V49129731','LEONES-798',TO_TIMESTAMP('28-SEP-08 06.30.14.000000 PM','DD-Mon-YY HH12:MI:SS:MS PM'));
INSERT INTO SE_DETIENE VALUES('E88228181','LEONES-798',TO_TIMESTAMP('28-SEP-08 06.30.14.000000 PM','DD-Mon-YY HH12:MI:SS:MS PM'));
INSERT INTO SE_DETIENE VALUES('E12104514','LEONES-798',TO_TIMESTAMP('28-SEP-08 06.30.14.000000 PM','DD-Mon-YY HH12:MI:SS:MS PM'));
INSERT INTO DETENCION VALUES('ZORROS-492',TO_TIMESTAMP('13-SEP-08 07.10.04.000000 AM','DD-Mon-YY HH12:MI:SS:MS AM'),'SARRIA');
INSERT INTO VEHICULO_ROBADO VALUES('NNLZ811','MASERATI','FURGONETA','1999','GRIS','ZORROS-492',TO_TIMESTAMP('13-SEP-08 07.10.04.000000 AM','DD-Mon-YY HH12:MI:SS:MS AM'));
INSERT INTO SOSPECHOSO VALUES('V34835250','TERESA MARISOL GUERRERO PARRA',2377854);
INSERT INTO SE_DETIENE VALUES('V34835250','ZORROS-492',TO_TIMESTAMP('13-SEP-08 07.10.04.000000 AM','DD-Mon-YY HH12:MI:SS:MS AM'));
INSERT INTO SE_DETIENE VALUES('E67183842','ZORROS-492',TO_TIMESTAMP('13-SEP-08 07.10.04.000000 AM','DD-Mon-YY HH12:MI:SS:MS AM'));
INSERT INTO SE_DETIENE VALUES('V33486065','ZORROS-492',TO_TIMESTAMP('13-SEP-08 07.10.04.000000 AM','DD-Mon-YY HH12:MI:SS:MS AM'));
INSERT INTO DETENCION VALUES('OSOS-780',TO_TIMESTAMP('07-SEP-08 07.16.52.000000 AM','DD-Mon-YY HH12:MI:SS:MS AM'),'SANTA CLARA');
INSERT INTO VEHICULO_ROBADO VALUES('PCOFF79','JEEP','PICKUP','2003','BLANCO','OSOS-780',TO_TIMESTAMP('07-SEP-08 07.16.52.000000 AM','DD-Mon-YY HH12:MI:SS:MS AM'));
INSERT INTO SOSPECHOSO VALUES('E48217925','FELIX ALBERTO PARRA MENDOZA',9101137);
INSERT INTO SE_DETIENE VALUES('E48217925','OSOS-780',TO_TIMESTAMP('07-SEP-08 07.16.52.000000 AM','DD-Mon-YY HH12:MI:SS:MS AM'));
INSERT INTO SE_DETIENE VALUES('E92876896','OSOS-780',TO_TIMESTAMP('07-SEP-08 07.16.52.000000 AM','DD-Mon-YY HH12:MI:SS:MS AM'));
INSERT INTO SE_DETIENE VALUES('V97272367','OSOS-780',TO_TIMESTAMP('07-SEP-08 07.16.52.000000 AM','DD-Mon-YY HH12:MI:SS:MS AM'));
INSERT INTO SE_DETIENE VALUES('V16594596','OSOS-780',TO_TIMESTAMP('07-SEP-08 07.16.52.000000 AM','DD-Mon-YY HH12:MI:SS:MS AM'));
INSERT INTO SE_DETIENE VALUES('E87321506','OSOS-780',TO_TIMESTAMP('07-SEP-08 07.16.52.000000 AM','DD-Mon-YY HH12:MI:SS:MS AM'));
INSERT INTO DETENCION VALUES('ARACNIDOS-749',TO_TIMESTAMP('05-OCT-08 09.36.35.000000 PM','DD-Mon-YY HH12:MI:SS:MS PM'),'PROPATRIA');
INSERT INTO VEHICULO_ROBADO VALUES('H620216','MITSUBISHI','FURGONETA','2003','VIOLETA','ARACNIDOS-749',TO_TIMESTAMP('05-OCT-08 09.36.35.000000 PM','DD-Mon-YY HH12:MI:SS:MS PM'));
INSERT INTO SOSPECHOSO VALUES('V23972844','ELENA ALICIA PARRA SOSA',6528247);
INSERT INTO SE_DETIENE VALUES('V23972844','ARACNIDOS-749',TO_TIMESTAMP('05-OCT-08 09.36.35.000000 PM','DD-Mon-YY HH12:MI:SS:MS PM'));
INSERT INTO SE_DETIENE VALUES('E72114586','ARACNIDOS-749',TO_TIMESTAMP('05-OCT-08 09.36.35.000000 PM','DD-Mon-YY HH12:MI:SS:MS PM'));
INSERT INTO SE_DETIENE VALUES('E4202507','ARACNIDOS-749',TO_TIMESTAMP('05-OCT-08 09.36.35.000000 PM','DD-Mon-YY HH12:MI:SS:MS PM'));
INSERT INTO SE_DETIENE VALUES('E87321506','ARACNIDOS-749',TO_TIMESTAMP('05-OCT-08 09.36.35.000000 PM','DD-Mon-YY HH12:MI:SS:MS PM'));
INSERT INTO SE_DETIENE VALUES('E8762669','ARACNIDOS-749',TO_TIMESTAMP('05-OCT-08 09.36.35.000000 PM','DD-Mon-YY HH12:MI:SS:MS PM'));
INSERT INTO SE_DETIENE VALUES('E87321506','ARACNIDOS-749',TO_TIMESTAMP('05-OCT-08 09.36.35.000000 PM','DD-Mon-YY HH12:MI:SS:MS PM'));
INSERT INTO SE_DETIENE VALUES('E29499849','ARACNIDOS-749',TO_TIMESTAMP('05-OCT-08 09.36.35.000000 PM','DD-Mon-YY HH12:MI:SS:MS PM'));
INSERT INTO DETENCION VALUES('PANTERAS-825',TO_TIMESTAMP('12-SEP-08 05.39.51.000000 AM','DD-Mon-YY HH12:MI:SS:MS AM'),'PROPATRIA');
INSERT INTO VEHICULO_ROBADO VALUES('ENVIBN2','FORD','MICRO','2003','NEGRO','PANTERAS-825',TO_TIMESTAMP('12-SEP-08 05.39.51.000000 AM','DD-Mon-YY HH12:MI:SS:MS AM'));
INSERT INTO SOSPECHOSO VALUES('V55421293','MONICA MARISOL LANDAETA SOSA',8838630);
INSERT INTO SE_DETIENE VALUES('V55421293','PANTERAS-825',TO_TIMESTAMP('12-SEP-08 05.39.51.000000 AM','DD-Mon-YY HH12:MI:SS:MS AM'));
INSERT INTO SE_DETIENE VALUES('E88228181','PANTERAS-825',TO_TIMESTAMP('12-SEP-08 05.39.51.000000 AM','DD-Mon-YY HH12:MI:SS:MS AM'));
INSERT INTO DETENCION VALUES('TIBURONES-843',TO_TIMESTAMP('04-SEP-08 07.57.20.000000 AM','DD-Mon-YY HH12:MI:SS:MS AM'),'BARRIO AGUA AMARILLA');
INSERT INTO VEHICULO_ROBADO VALUES('DME7325','FORD','PICKUP','1991','NARANJA','TIBURONES-843',TO_TIMESTAMP('04-SEP-08 07.57.20.000000 AM','DD-Mon-YY HH12:MI:SS:MS AM'));
INSERT INTO SOSPECHOSO VALUES('E36654243','ESTHER MONICA LOPEZ GUERRA',7731061);
INSERT INTO SE_DETIENE VALUES('E36654243','TIBURONES-843',TO_TIMESTAMP('04-SEP-08 07.57.20.000000 AM','DD-Mon-YY HH12:MI:SS:MS AM'));
INSERT INTO SE_DETIENE VALUES('E12104514','TIBURONES-843',TO_TIMESTAMP('04-SEP-08 07.57.20.000000 AM','DD-Mon-YY HH12:MI:SS:MS AM'));
INSERT INTO SE_DETIENE VALUES('E92876896','TIBURONES-843',TO_TIMESTAMP('04-SEP-08 07.57.20.000000 AM','DD-Mon-YY HH12:MI:SS:MS AM'));
INSERT INTO SE_DETIENE VALUES('E87321506','TIBURONES-843',TO_TIMESTAMP('04-SEP-08 07.57.20.000000 AM','DD-Mon-YY HH12:MI:SS:MS AM'));
INSERT INTO SE_DETIENE VALUES('V4220431','TIBURONES-843',TO_TIMESTAMP('04-SEP-08 07.57.20.000000 AM','DD-Mon-YY HH12:MI:SS:MS AM'));
INSERT INTO SE_DETIENE VALUES('E4202507','TIBURONES-843',TO_TIMESTAMP('04-SEP-08 07.57.20.000000 AM','DD-Mon-YY HH12:MI:SS:MS AM'));
INSERT INTO DETENCION VALUES('OSOS-777',TO_TIMESTAMP('04-SEP-08 07.34.46.000000 AM','DD-Mon-YY HH12:MI:SS:MS AM'),'BARRIO AGUACATICO');
INSERT INTO VEHICULO_ROBADO VALUES('GUFZK72','MASERATI','DEPORTIVO','1992','AMARILLO','OSOS-777',TO_TIMESTAMP('04-SEP-08 07.34.46.000000 AM','DD-Mon-YY HH12:MI:SS:MS AM'));
INSERT INTO SOSPECHOSO VALUES('V89872230','LILIAN GABRIELA GIRALDEZ GUERRERO',7748813);
INSERT INTO SE_DETIENE VALUES('V89872230','OSOS-777',TO_TIMESTAMP('04-SEP-08 07.34.46.000000 AM','DD-Mon-YY HH12:MI:SS:MS AM'));
INSERT INTO SE_DETIENE VALUES('E87321506','OSOS-777',TO_TIMESTAMP('04-SEP-08 07.34.46.000000 AM','DD-Mon-YY HH12:MI:SS:MS AM'));
INSERT INTO SE_DETIENE VALUES('E27157964','OSOS-777',TO_TIMESTAMP('04-SEP-08 07.34.46.000000 AM','DD-Mon-YY HH12:MI:SS:MS AM'));
INSERT INTO DETENCION VALUES('AGUILAS-700',TO_TIMESTAMP('09-SEP-08 07.44.29.000000 PM','DD-Mon-YY HH12:MI:SS:MS PM'),'CARICUAO');
INSERT INTO VEHICULO_ROBADO VALUES('JUG6513','SUSUKI','FURGONETA','2007','DORADO','AGUILAS-700',TO_TIMESTAMP('09-SEP-08 07.44.29.000000 PM','DD-Mon-YY HH12:MI:SS:MS PM'));
INSERT INTO SOSPECHOSO VALUES('V22347705','CARMEN MARISOL ADRIAN GIRALDEZ',8432766);
INSERT INTO SE_DETIENE VALUES('V22347705','AGUILAS-700',TO_TIMESTAMP('09-SEP-08 07.44.29.000000 PM','DD-Mon-YY HH12:MI:SS:MS PM'));
INSERT INTO SE_DETIENE VALUES('E67183842','AGUILAS-700',TO_TIMESTAMP('09-SEP-08 07.44.29.000000 PM','DD-Mon-YY HH12:MI:SS:MS PM'));
INSERT INTO SE_DETIENE VALUES('E72114586','AGUILAS-700',TO_TIMESTAMP('09-SEP-08 07.44.29.000000 PM','DD-Mon-YY HH12:MI:SS:MS PM'));
INSERT INTO SE_DETIENE VALUES('E67566095','AGUILAS-700',TO_TIMESTAMP('09-SEP-08 07.44.29.000000 PM','DD-Mon-YY HH12:MI:SS:MS PM'));
INSERT INTO DETENCION VALUES('OSOS-544',TO_TIMESTAMP('23-AUG-08 06.01.45.000000 PM','DD-Mon-YY HH12:MI:SS:MS PM'),'LA VEGA');
INSERT INTO VEHICULO_ROBADO VALUES('VH91770','HONDA','FURGONETA','2006','VIOLETA','OSOS-544',TO_TIMESTAMP('23-AUG-08 06.01.45.000000 PM','DD-Mon-YY HH12:MI:SS:MS PM'));
INSERT INTO SOSPECHOSO VALUES('E77204482','MIRIAM ROSA GUERRERO LANDAETA',4501814);
INSERT INTO SE_DETIENE VALUES('E77204482','OSOS-544',TO_TIMESTAMP('23-AUG-08 06.01.45.000000 PM','DD-Mon-YY HH12:MI:SS:MS PM'));
INSERT INTO SE_DETIENE VALUES('V47381153','OSOS-544',TO_TIMESTAMP('23-AUG-08 06.01.45.000000 PM','DD-Mon-YY HH12:MI:SS:MS PM'));
INSERT INTO SE_DETIENE VALUES('V47381153','OSOS-544',TO_TIMESTAMP('23-AUG-08 06.01.45.000000 PM','DD-Mon-YY HH12:MI:SS:MS PM'));
INSERT INTO DETENCION VALUES('PANTERAS-655',TO_TIMESTAMP('23-SEP-08 05.41.55.000000 AM','DD-Mon-YY HH12:MI:SS:MS AM'),'BARRIO ALBERTO RAVELL');
INSERT INTO VEHICULO_ROBADO VALUES('A124672','CADILLAC','PICKUP','1992','NEGRO','PANTERAS-655',TO_TIMESTAMP('23-SEP-08 05.41.55.000000 AM','DD-Mon-YY HH12:MI:SS:MS AM'));
INSERT INTO SOSPECHOSO VALUES('V58042335','ROSA CARMEN PARRA PEREIRA',1991484);
INSERT INTO SE_DETIENE VALUES('V58042335','PANTERAS-655',TO_TIMESTAMP('23-SEP-08 05.41.55.000000 AM','DD-Mon-YY HH12:MI:SS:MS AM'));
INSERT INTO SE_DETIENE VALUES('V4220431','PANTERAS-655',TO_TIMESTAMP('23-SEP-08 05.41.55.000000 AM','DD-Mon-YY HH12:MI:SS:MS AM'));
INSERT INTO SE_DETIENE VALUES('E99844357','PANTERAS-655',TO_TIMESTAMP('23-SEP-08 05.41.55.000000 AM','DD-Mon-YY HH12:MI:SS:MS AM'));
INSERT INTO SE_DETIENE VALUES('E4202507','PANTERAS-655',TO_TIMESTAMP('23-SEP-08 05.41.55.000000 AM','DD-Mon-YY HH12:MI:SS:MS AM'));
INSERT INTO DETENCION VALUES('ARACNIDOS-171',TO_TIMESTAMP('08-SEP-08 11.32.55.000000 PM','DD-Mon-YY HH12:MI:SS:MS PM'),'URB PARQUE CARABOBO');
INSERT INTO VEHICULO_ROBADO VALUES('LSZV734','VOLKSWAGEN','PICKUP','2000','AMARILLO','ARACNIDOS-171',TO_TIMESTAMP('08-SEP-08 11.32.55.000000 PM','DD-Mon-YY HH12:MI:SS:MS PM'));
INSERT INTO SOSPECHOSO VALUES('V31334376','VICTORIA CARMEN TIRADO MENDOZA',7517882);
INSERT INTO SE_DETIENE VALUES('V31334376','ARACNIDOS-171',TO_TIMESTAMP('08-SEP-08 11.32.55.000000 PM','DD-Mon-YY HH12:MI:SS:MS PM'));
INSERT INTO SE_DETIENE VALUES('E72114586','ARACNIDOS-171',TO_TIMESTAMP('08-SEP-08 11.32.55.000000 PM','DD-Mon-YY HH12:MI:SS:MS PM'));
INSERT INTO SE_DETIENE VALUES('E67566095','ARACNIDOS-171',TO_TIMESTAMP('08-SEP-08 11.32.55.000000 PM','DD-Mon-YY HH12:MI:SS:MS PM'));
INSERT INTO DETENCION VALUES('PANTERAS-825',TO_TIMESTAMP('22-SEP-08 06.11.47.000000 PM','DD-Mon-YY HH12:MI:SS:MS PM'),'LA PASTORA');
INSERT INTO VEHICULO_ROBADO VALUES('T208048','AUDI','FURGONETA','2006','PLATA','PANTERAS-825',TO_TIMESTAMP('22-SEP-08 06.11.47.000000 PM','DD-Mon-YY HH12:MI:SS:MS PM'));
INSERT INTO SOSPECHOSO VALUES('V59140468','ANTONIO EMILIO GUERRA LOPEZ',7751421);
INSERT INTO SE_DETIENE VALUES('V59140468','PANTERAS-825',TO_TIMESTAMP('22-SEP-08 06.11.47.000000 PM','DD-Mon-YY HH12:MI:SS:MS PM'));
INSERT INTO SE_DETIENE VALUES('E99844357','PANTERAS-825',TO_TIMESTAMP('22-SEP-08 06.11.47.000000 PM','DD-Mon-YY HH12:MI:SS:MS PM'));
INSERT INTO SE_DETIENE VALUES('E67183842','PANTERAS-825',TO_TIMESTAMP('22-SEP-08 06.11.47.000000 PM','DD-Mon-YY HH12:MI:SS:MS PM'));
INSERT INTO SE_DETIENE VALUES('E36229665','PANTERAS-825',TO_TIMESTAMP('22-SEP-08 06.11.47.000000 PM','DD-Mon-YY HH12:MI:SS:MS PM'));
INSERT INTO SE_DETIENE VALUES('V97272367','PANTERAS-825',TO_TIMESTAMP('22-SEP-08 06.11.47.000000 PM','DD-Mon-YY HH12:MI:SS:MS PM'));
INSERT INTO SE_DETIENE VALUES('E7573923','PANTERAS-825',TO_TIMESTAMP('22-SEP-08 06.11.47.000000 PM','DD-Mon-YY HH12:MI:SS:MS PM'));
INSERT INTO DETENCION VALUES('LEONES-729',TO_TIMESTAMP('08-OCT-08 11.26.23.000000 AM','DD-Mon-YY HH12:MI:SS:MS AM'),'URB LA CAMPINIA');
INSERT INTO VEHICULO_ROBADO VALUES('VD35089','SEAT','MICRO','1998','AZUL','LEONES-729',TO_TIMESTAMP('08-OCT-08 11.26.23.000000 AM','DD-Mon-YY HH12:MI:SS:MS AM'));
INSERT INTO SOSPECHOSO VALUES('E57319471','ESTHER ANA GIRALDEZ ALGARIN',4032670);
INSERT INTO SE_DETIENE VALUES('E57319471','LEONES-729',TO_TIMESTAMP('08-OCT-08 11.26.23.000000 AM','DD-Mon-YY HH12:MI:SS:MS AM'));
INSERT INTO SE_DETIENE VALUES('V15163962','LEONES-729',TO_TIMESTAMP('08-OCT-08 11.26.23.000000 AM','DD-Mon-YY HH12:MI:SS:MS AM'));
INSERT INTO SE_DETIENE VALUES('E67566095','LEONES-729',TO_TIMESTAMP('08-OCT-08 11.26.23.000000 AM','DD-Mon-YY HH12:MI:SS:MS AM'));
INSERT INTO DETENCION VALUES('OSOS-401',TO_TIMESTAMP('14-OCT-08 11.43.36.000000 PM','DD-Mon-YY HH12:MI:SS:MS PM'),'BARRIO COTIZA');
INSERT INTO VEHICULO_ROBADO VALUES('O387252','MITSUBISHI','PICKUP','2002','AMARILLO','OSOS-401',TO_TIMESTAMP('14-OCT-08 11.43.36.000000 PM','DD-Mon-YY HH12:MI:SS:MS PM'));
INSERT INTO SOSPECHOSO VALUES('V48977455','TERESA EMELY MENDOZA FERNADEZ',4256765);
INSERT INTO SE_DETIENE VALUES('V48977455','OSOS-401',TO_TIMESTAMP('14-OCT-08 11.43.36.000000 PM','DD-Mon-YY HH12:MI:SS:MS PM'));
INSERT INTO SE_DETIENE VALUES('E17892138','OSOS-401',TO_TIMESTAMP('14-OCT-08 11.43.36.000000 PM','DD-Mon-YY HH12:MI:SS:MS PM'));
INSERT INTO SE_DETIENE VALUES('E11842475','OSOS-401',TO_TIMESTAMP('14-OCT-08 11.43.36.000000 PM','DD-Mon-YY HH12:MI:SS:MS PM'));
INSERT INTO SE_DETIENE VALUES('E87321506','OSOS-401',TO_TIMESTAMP('14-OCT-08 11.43.36.000000 PM','DD-Mon-YY HH12:MI:SS:MS PM'));
INSERT INTO DETENCION VALUES('LEONES-848',TO_TIMESTAMP('15-SEP-08 02.58.13.000000 AM','DD-Mon-YY HH12:MI:SS:MS AM'),'SANTA CECILIA');
INSERT INTO VEHICULO_ROBADO VALUES('FLUVH92','CHEVROLET','SEDAN','1999','DORADO','LEONES-848',TO_TIMESTAMP('15-SEP-08 02.58.13.000000 AM','DD-Mon-YY HH12:MI:SS:MS AM'));
INSERT INTO SOSPECHOSO VALUES('V60196694','EMILIO LUIS SOSA CASTILLO',6884755);
INSERT INTO SE_DETIENE VALUES('V60196694','LEONES-848',TO_TIMESTAMP('15-SEP-08 02.58.13.000000 AM','DD-Mon-YY HH12:MI:SS:MS AM'));
INSERT INTO SE_DETIENE VALUES('E12104514','LEONES-848',TO_TIMESTAMP('15-SEP-08 02.58.13.000000 AM','DD-Mon-YY HH12:MI:SS:MS AM'));
INSERT INTO SE_DETIENE VALUES('V33486065','LEONES-848',TO_TIMESTAMP('15-SEP-08 02.58.13.000000 AM','DD-Mon-YY HH12:MI:SS:MS AM'));
INSERT INTO SE_DETIENE VALUES('V15163962','LEONES-848',TO_TIMESTAMP('15-SEP-08 02.58.13.000000 AM','DD-Mon-YY HH12:MI:SS:MS AM'));
INSERT INTO SE_DETIENE VALUES('E4202507','LEONES-848',TO_TIMESTAMP('15-SEP-08 02.58.13.000000 AM','DD-Mon-YY HH12:MI:SS:MS AM'));
INSERT INTO DETENCION VALUES('TIBURONES-293',TO_TIMESTAMP('15-SEP-08 05.40.17.000000 PM','DD-Mon-YY HH12:MI:SS:MS PM'),'BARRIO BRISAS DEL PARAISO');
INSERT INTO VEHICULO_ROBADO VALUES('IO10690','AUDI','PICKUP','1994','PLATA','TIBURONES-293',TO_TIMESTAMP('15-SEP-08 05.40.17.000000 PM','DD-Mon-YY HH12:MI:SS:MS PM'));
INSERT INTO SOSPECHOSO VALUES('E4389194','CARLOS GUILLERMO GUERRERO GIRALDEZ',9692239);
INSERT INTO SE_DETIENE VALUES('E4389194','TIBURONES-293',TO_TIMESTAMP('15-SEP-08 05.40.17.000000 PM','DD-Mon-YY HH12:MI:SS:MS PM'));
INSERT INTO SE_DETIENE VALUES('V16481829','TIBURONES-293',TO_TIMESTAMP('15-SEP-08 05.40.17.000000 PM','DD-Mon-YY HH12:MI:SS:MS PM'));
INSERT INTO SE_DETIENE VALUES('E27157964','TIBURONES-293',TO_TIMESTAMP('15-SEP-08 05.40.17.000000 PM','DD-Mon-YY HH12:MI:SS:MS PM'));
INSERT INTO SE_DETIENE VALUES('E99844357','TIBURONES-293',TO_TIMESTAMP('15-SEP-08 05.40.17.000000 PM','DD-Mon-YY HH12:MI:SS:MS PM'));
INSERT INTO SE_DETIENE VALUES('E17892138','TIBURONES-293',TO_TIMESTAMP('15-SEP-08 05.40.17.000000 PM','DD-Mon-YY HH12:MI:SS:MS PM'));
INSERT INTO SE_DETIENE VALUES('E72761183','TIBURONES-293',TO_TIMESTAMP('15-SEP-08 05.40.17.000000 PM','DD-Mon-YY HH12:MI:SS:MS PM'));
INSERT INTO DETENCION VALUES('ARACNIDOS-904',TO_TIMESTAMP('17-SEP-08 11.39.21.000000 AM','DD-Mon-YY HH12:MI:SS:MS AM'),'SANTA FE');
INSERT INTO VEHICULO_ROBADO VALUES('XNBBD64','SEAT','PICKUP','1995','VERDE','ARACNIDOS-904',TO_TIMESTAMP('17-SEP-08 11.39.21.000000 AM','DD-Mon-YY HH12:MI:SS:MS AM'));
INSERT INTO SOSPECHOSO VALUES('E8805798','FELIX BEJAMIN PEREZ TORRES',6727726);
INSERT INTO SE_DETIENE VALUES('E8805798','ARACNIDOS-904',TO_TIMESTAMP('17-SEP-08 11.39.21.000000 AM','DD-Mon-YY HH12:MI:SS:MS AM'));
INSERT INTO SE_DETIENE VALUES('V16594596','ARACNIDOS-904',TO_TIMESTAMP('17-SEP-08 11.39.21.000000 AM','DD-Mon-YY HH12:MI:SS:MS AM'));
INSERT INTO SE_DETIENE VALUES('V47381153','ARACNIDOS-904',TO_TIMESTAMP('17-SEP-08 11.39.21.000000 AM','DD-Mon-YY HH12:MI:SS:MS AM'));
INSERT INTO SE_DETIENE VALUES('E99844357','ARACNIDOS-904',TO_TIMESTAMP('17-SEP-08 11.39.21.000000 AM','DD-Mon-YY HH12:MI:SS:MS AM'));
INSERT INTO SE_DETIENE VALUES('V47381153','ARACNIDOS-904',TO_TIMESTAMP('17-SEP-08 11.39.21.000000 AM','DD-Mon-YY HH12:MI:SS:MS AM'));
INSERT INTO SE_DETIENE VALUES('E87321506','ARACNIDOS-904',TO_TIMESTAMP('17-SEP-08 11.39.21.000000 AM','DD-Mon-YY HH12:MI:SS:MS AM'));
INSERT INTO DETENCION VALUES('AGUILAS-556',TO_TIMESTAMP('21-OCT-08 04.52.00.000000 AM','DD-Mon-YY HH12:MI:SS:MS AM'),'BARRIO LAS MAYAS');
INSERT INTO VEHICULO_ROBADO VALUES('Y685167','LEXUS','MICRO','1992','BLANCO','AGUILAS-556',TO_TIMESTAMP('21-OCT-08 04.52.00.000000 AM','DD-Mon-YY HH12:MI:SS:MS AM'));
INSERT INTO SOSPECHOSO VALUES('E37065118','FELIX LEONARDO ALGARIN PEREZ',7690925);
INSERT INTO SE_DETIENE VALUES('E37065118','AGUILAS-556',TO_TIMESTAMP('21-OCT-08 04.52.00.000000 AM','DD-Mon-YY HH12:MI:SS:MS AM'));
INSERT INTO SE_DETIENE VALUES('V47381153','AGUILAS-556',TO_TIMESTAMP('21-OCT-08 04.52.00.000000 AM','DD-Mon-YY HH12:MI:SS:MS AM'));
INSERT INTO SE_DETIENE VALUES('E7573923','AGUILAS-556',TO_TIMESTAMP('21-OCT-08 04.52.00.000000 AM','DD-Mon-YY HH12:MI:SS:MS AM'));
INSERT INTO SE_DETIENE VALUES('E7826048','AGUILAS-556',TO_TIMESTAMP('21-OCT-08 04.52.00.000000 AM','DD-Mon-YY HH12:MI:SS:MS AM'));
INSERT INTO SE_DETIENE VALUES('E28171064','AGUILAS-556',TO_TIMESTAMP('21-OCT-08 04.52.00.000000 AM','DD-Mon-YY HH12:MI:SS:MS AM'));
INSERT INTO SE_DETIENE VALUES('E99844357','AGUILAS-556',TO_TIMESTAMP('21-OCT-08 04.52.00.000000 AM','DD-Mon-YY HH12:MI:SS:MS AM'));
INSERT INTO DETENCION VALUES('AGUILAS-117',TO_TIMESTAMP('26-AUG-08 04.40.33.000000 AM','DD-Mon-YY HH12:MI:SS:MS AM'),'PLAZA VENEZUELA');
INSERT INTO VEHICULO_ROBADO VALUES('BXALAH1','RENAULT','MICRO','2002','ROJO','AGUILAS-117',TO_TIMESTAMP('26-AUG-08 04.40.33.000000 AM','DD-Mon-YY HH12:MI:SS:MS AM'));
INSERT INTO SOSPECHOSO VALUES('V62683959','ELENA CECILIA GUERRERO PARRA',4755103);
INSERT INTO SE_DETIENE VALUES('V62683959','AGUILAS-117',TO_TIMESTAMP('26-AUG-08 04.40.33.000000 AM','DD-Mon-YY HH12:MI:SS:MS AM'));
INSERT INTO SE_DETIENE VALUES('V97272367','AGUILAS-117',TO_TIMESTAMP('26-AUG-08 04.40.33.000000 AM','DD-Mon-YY HH12:MI:SS:MS AM'));
INSERT INTO SE_DETIENE VALUES('E92876896','AGUILAS-117',TO_TIMESTAMP('26-AUG-08 04.40.33.000000 AM','DD-Mon-YY HH12:MI:SS:MS AM'));
INSERT INTO DETENCION VALUES('AGUILAS-117',TO_TIMESTAMP('01-OCT-08 12.56.46.000000 PM','DD-Mon-YY HH12:MI:SS:MS PM'),'PARAISO');
INSERT INTO VEHICULO_ROBADO VALUES('DJKHVG2','MERCEDES','DEPORTIVO','1997','BLANCO','AGUILAS-117',TO_TIMESTAMP('01-OCT-08 12.56.46.000000 PM','DD-Mon-YY HH12:MI:SS:MS PM'));
INSERT INTO SOSPECHOSO VALUES('E27125167','FELIPE JONATHAN SOSA GIRALDEZ',1152955);
INSERT INTO SE_DETIENE VALUES('E27125167','AGUILAS-117',TO_TIMESTAMP('01-OCT-08 12.56.46.000000 PM','DD-Mon-YY HH12:MI:SS:MS PM'));
INSERT INTO SE_DETIENE VALUES('V20657353','AGUILAS-117',TO_TIMESTAMP('01-OCT-08 12.56.46.000000 PM','DD-Mon-YY HH12:MI:SS:MS PM'));
INSERT INTO SE_DETIENE VALUES('E99792858','AGUILAS-117',TO_TIMESTAMP('01-OCT-08 12.56.46.000000 PM','DD-Mon-YY HH12:MI:SS:MS PM'));
INSERT INTO SE_DETIENE VALUES('E92876896','AGUILAS-117',TO_TIMESTAMP('01-OCT-08 12.56.46.000000 PM','DD-Mon-YY HH12:MI:SS:MS PM'));
INSERT INTO DETENCION VALUES('ZORROS-954',TO_TIMESTAMP('26-AUG-08 01.52.07.000000 AM','DD-Mon-YY HH12:MI:SS:MS AM'),'URB COCHE');
INSERT INTO VEHICULO_ROBADO VALUES('ZKKCXI4','PORSCHE','SEDAN','2000','DORADO','ZORROS-954',TO_TIMESTAMP('26-AUG-08 01.52.07.000000 AM','DD-Mon-YY HH12:MI:SS:MS AM'));
INSERT INTO SOSPECHOSO VALUES('E91119045','PEDRO ALBERTO FERNADEZ GOMEZ',8021938);
INSERT INTO SE_DETIENE VALUES('E91119045','ZORROS-954',TO_TIMESTAMP('26-AUG-08 01.52.07.000000 AM','DD-Mon-YY HH12:MI:SS:MS AM'));
INSERT INTO SE_DETIENE VALUES('E92876896','ZORROS-954',TO_TIMESTAMP('26-AUG-08 01.52.07.000000 AM','DD-Mon-YY HH12:MI:SS:MS AM'));
INSERT INTO SE_DETIENE VALUES('E92876896','ZORROS-954',TO_TIMESTAMP('26-AUG-08 01.52.07.000000 AM','DD-Mon-YY HH12:MI:SS:MS AM'));
INSERT INTO SE_DETIENE VALUES('E27157964','ZORROS-954',TO_TIMESTAMP('26-AUG-08 01.52.07.000000 AM','DD-Mon-YY HH12:MI:SS:MS AM'));
INSERT INTO DETENCION VALUES('OSOS-867',TO_TIMESTAMP('30-SEP-08 12.22.48.000000 AM','DD-Mon-YY HH12:MI:SS:MS AM'),'ARAGUITA');
INSERT INTO VEHICULO_ROBADO VALUES('ECRQO27','NISSAN','DEPORTIVO','1997','VERDE','OSOS-867',TO_TIMESTAMP('30-SEP-08 12.22.48.000000 AM','DD-Mon-YY HH12:MI:SS:MS AM'));
INSERT INTO SOSPECHOSO VALUES('V78584603','ISMAEL ADOLFO GUERRA FERNADEZ',7688829);
INSERT INTO SE_DETIENE VALUES('V78584603','OSOS-867',TO_TIMESTAMP('30-SEP-08 12.22.48.000000 AM','DD-Mon-YY HH12:MI:SS:MS AM'));
INSERT INTO SE_DETIENE VALUES('E99792858','OSOS-867',TO_TIMESTAMP('30-SEP-08 12.22.48.000000 AM','DD-Mon-YY HH12:MI:SS:MS AM'));
INSERT INTO SE_DETIENE VALUES('V33486065','OSOS-867',TO_TIMESTAMP('30-SEP-08 12.22.48.000000 AM','DD-Mon-YY HH12:MI:SS:MS AM'));
INSERT INTO DETENCION VALUES('TRIGRES-672',TO_TIMESTAMP('19-AUG-08 12.36.02.000000 AM','DD-Mon-YY HH12:MI:SS:MS AM'),'BARRIO ANDRES ELOY BLANCO');
INSERT INTO VEHICULO_ROBADO VALUES('YLCPDP4','VOLKSWAGEN','PICKUP','1999','NARANJA','TRIGRES-672',TO_TIMESTAMP('19-AUG-08 12.36.02.000000 AM','DD-Mon-YY HH12:MI:SS:MS AM'));
INSERT INTO SOSPECHOSO VALUES('V28151936','LILIAN ROSA PARRA GALLEGOS',8470935);
INSERT INTO SE_DETIENE VALUES('V28151936','TRIGRES-672',TO_TIMESTAMP('19-AUG-08 12.36.02.000000 AM','DD-Mon-YY HH12:MI:SS:MS AM'));
INSERT INTO SE_DETIENE VALUES('V4220431','TRIGRES-672',TO_TIMESTAMP('19-AUG-08 12.36.02.000000 AM','DD-Mon-YY HH12:MI:SS:MS AM'));
INSERT INTO SE_DETIENE VALUES('V97272367','TRIGRES-672',TO_TIMESTAMP('19-AUG-08 12.36.02.000000 AM','DD-Mon-YY HH12:MI:SS:MS AM'));
INSERT INTO SE_DETIENE VALUES('V47381153','TRIGRES-672',TO_TIMESTAMP('19-AUG-08 12.36.02.000000 AM','DD-Mon-YY HH12:MI:SS:MS AM'));
INSERT INTO SE_DETIENE VALUES('E67183842','TRIGRES-672',TO_TIMESTAMP('19-AUG-08 12.36.02.000000 AM','DD-Mon-YY HH12:MI:SS:MS AM'));
INSERT INTO DETENCION VALUES('OSOS-719',TO_TIMESTAMP('28-SEP-08 11.11.29.000000 AM','DD-Mon-YY HH12:MI:SS:MS AM'),'BARRIO LA BOMBILLA');
INSERT INTO VEHICULO_ROBADO VALUES('NQRK232','JEEP','PICKUP','2004','NARANJA','OSOS-719',TO_TIMESTAMP('28-SEP-08 11.11.29.000000 AM','DD-Mon-YY HH12:MI:SS:MS AM'));
INSERT INTO SOSPECHOSO VALUES('V52861754','ADOLFO JESUS GUERRERO LOPEZ',5320100);
INSERT INTO SE_DETIENE VALUES('V52861754','OSOS-719',TO_TIMESTAMP('28-SEP-08 11.11.29.000000 AM','DD-Mon-YY HH12:MI:SS:MS AM'));
INSERT INTO SE_DETIENE VALUES('E17892138','OSOS-719',TO_TIMESTAMP('28-SEP-08 11.11.29.000000 AM','DD-Mon-YY HH12:MI:SS:MS AM'));
INSERT INTO DETENCION VALUES('PANTERAS-319',TO_TIMESTAMP('16-OCT-08 02.16.58.000000 PM','DD-Mon-YY HH12:MI:SS:MS PM'),'URB COCHE');
INSERT INTO VEHICULO_ROBADO VALUES('CYKC145','CITROEN','FURGONETA','1996','GRIS','PANTERAS-319',TO_TIMESTAMP('16-OCT-08 02.16.58.000000 PM','DD-Mon-YY HH12:MI:SS:MS PM'));
INSERT INTO SOSPECHOSO VALUES('E92435359','ROSA MIRIAM TIRADO GARCIA',3302046);
INSERT INTO SE_DETIENE VALUES('E92435359','PANTERAS-319',TO_TIMESTAMP('16-OCT-08 02.16.58.000000 PM','DD-Mon-YY HH12:MI:SS:MS PM'));
INSERT INTO SE_DETIENE VALUES('E29499849','PANTERAS-319',TO_TIMESTAMP('16-OCT-08 02.16.58.000000 PM','DD-Mon-YY HH12:MI:SS:MS PM'));
INSERT INTO SE_DETIENE VALUES('E99792858','PANTERAS-319',TO_TIMESTAMP('16-OCT-08 02.16.58.000000 PM','DD-Mon-YY HH12:MI:SS:MS PM'));
INSERT INTO SE_DETIENE VALUES('E72761183','PANTERAS-319',TO_TIMESTAMP('16-OCT-08 02.16.58.000000 PM','DD-Mon-YY HH12:MI:SS:MS PM'));
INSERT INTO SE_DETIENE VALUES('E12104514','PANTERAS-319',TO_TIMESTAMP('16-OCT-08 02.16.58.000000 PM','DD-Mon-YY HH12:MI:SS:MS PM'));
INSERT INTO DETENCION VALUES('TRIGRES-517',TO_TIMESTAMP('08-AUG-08 02.36.40.000000 AM','DD-Mon-YY HH12:MI:SS:MS AM'),'SABANA GRANDE');
INSERT INTO VEHICULO_ROBADO VALUES('OHT4097','MASERATI','CAMIONETA','1992','PLATA','TRIGRES-517',TO_TIMESTAMP('08-AUG-08 02.36.40.000000 AM','DD-Mon-YY HH12:MI:SS:MS AM'));
INSERT INTO SOSPECHOSO VALUES('V95515442','CECILIA ELENA TORRES MARQUEZ',8797860);
INSERT INTO SE_DETIENE VALUES('V95515442','TRIGRES-517',TO_TIMESTAMP('08-AUG-08 02.36.40.000000 AM','DD-Mon-YY HH12:MI:SS:MS AM'));
INSERT INTO SE_DETIENE VALUES('E87321506','TRIGRES-517',TO_TIMESTAMP('08-AUG-08 02.36.40.000000 AM','DD-Mon-YY HH12:MI:SS:MS AM'));
INSERT INTO SE_DETIENE VALUES('E92876896','TRIGRES-517',TO_TIMESTAMP('08-AUG-08 02.36.40.000000 AM','DD-Mon-YY HH12:MI:SS:MS AM'));
INSERT INTO DETENCION VALUES('AGUILAS-647',TO_TIMESTAMP('18-AUG-08 03.04.34.000000 AM','DD-Mon-YY HH12:MI:SS:MS AM'),'BARRIO COTIZA');
INSERT INTO VEHICULO_ROBADO VALUES('DIM5827','CHRYSLER','MICRO','1993','DORADO','AGUILAS-647',TO_TIMESTAMP('18-AUG-08 03.04.34.000000 AM','DD-Mon-YY HH12:MI:SS:MS AM'));
INSERT INTO SOSPECHOSO VALUES('E4729420','ANGELA CARMEN ADRIAN FERRER',3343801);
INSERT INTO SE_DETIENE VALUES('E4729420','AGUILAS-647',TO_TIMESTAMP('18-AUG-08 03.04.34.000000 AM','DD-Mon-YY HH12:MI:SS:MS AM'));
INSERT INTO SE_DETIENE VALUES('E28171064','AGUILAS-647',TO_TIMESTAMP('18-AUG-08 03.04.34.000000 AM','DD-Mon-YY HH12:MI:SS:MS AM'));
INSERT INTO DETENCION VALUES('PANTERAS-499',TO_TIMESTAMP('04-SEP-08 02.11.29.000000 PM','DD-Mon-YY HH12:MI:SS:MS PM'),'CAFETAL');
INSERT INTO VEHICULO_ROBADO VALUES('Q484091','SEAT','CAMIONETA','2003','NEGRO','PANTERAS-499',TO_TIMESTAMP('04-SEP-08 02.11.29.000000 PM','DD-Mon-YY HH12:MI:SS:MS PM'));
INSERT INTO SOSPECHOSO VALUES('E48707436','EDUARDO RICARDO LOPEZ ZAMBRANO',7294037);
INSERT INTO SE_DETIENE VALUES('E48707436','PANTERAS-499',TO_TIMESTAMP('04-SEP-08 02.11.29.000000 PM','DD-Mon-YY HH12:MI:SS:MS PM'));
INSERT INTO SE_DETIENE VALUES('V20657353','PANTERAS-499',TO_TIMESTAMP('04-SEP-08 02.11.29.000000 PM','DD-Mon-YY HH12:MI:SS:MS PM'));
INSERT INTO SE_DETIENE VALUES('E88228181','PANTERAS-499',TO_TIMESTAMP('04-SEP-08 02.11.29.000000 PM','DD-Mon-YY HH12:MI:SS:MS PM'));
INSERT INTO SE_DETIENE VALUES('V4220431','PANTERAS-499',TO_TIMESTAMP('04-SEP-08 02.11.29.000000 PM','DD-Mon-YY HH12:MI:SS:MS PM'));
INSERT INTO SE_DETIENE VALUES('E12104514','PANTERAS-499',TO_TIMESTAMP('04-SEP-08 02.11.29.000000 PM','DD-Mon-YY HH12:MI:SS:MS PM'));
INSERT INTO DETENCION VALUES('ZORROS-492',TO_TIMESTAMP('25-AUG-08 12.28.52.000000 PM','DD-Mon-YY HH12:MI:SS:MS PM'),'URDANETA');
INSERT INTO VEHICULO_ROBADO VALUES('DHLGE95','SUSUKI','MICRO','1998','AZUL','ZORROS-492',TO_TIMESTAMP('25-AUG-08 12.28.52.000000 PM','DD-Mon-YY HH12:MI:SS:MS PM'));
INSERT INTO SOSPECHOSO VALUES('V1301193','FELIX JOSE CASTILLO ADRIAN',4879164);
INSERT INTO SE_DETIENE VALUES('V1301193','ZORROS-492',TO_TIMESTAMP('25-AUG-08 12.28.52.000000 PM','DD-Mon-YY HH12:MI:SS:MS PM'));
INSERT INTO SE_DETIENE VALUES('E8762669','ZORROS-492',TO_TIMESTAMP('25-AUG-08 12.28.52.000000 PM','DD-Mon-YY HH12:MI:SS:MS PM'));
INSERT INTO SE_DETIENE VALUES('E7573923','ZORROS-492',TO_TIMESTAMP('25-AUG-08 12.28.52.000000 PM','DD-Mon-YY HH12:MI:SS:MS PM'));
INSERT INTO SE_DETIENE VALUES('E7573923','ZORROS-492',TO_TIMESTAMP('25-AUG-08 12.28.52.000000 PM','DD-Mon-YY HH12:MI:SS:MS PM'));
INSERT INTO SE_DETIENE VALUES('E99792858','ZORROS-492',TO_TIMESTAMP('25-AUG-08 12.28.52.000000 PM','DD-Mon-YY HH12:MI:SS:MS PM'));
INSERT INTO SE_DETIENE VALUES('E8762669','ZORROS-492',TO_TIMESTAMP('25-AUG-08 12.28.52.000000 PM','DD-Mon-YY HH12:MI:SS:MS PM'));
INSERT INTO SE_DETIENE VALUES('V15163962','ZORROS-492',TO_TIMESTAMP('25-AUG-08 12.28.52.000000 PM','DD-Mon-YY HH12:MI:SS:MS PM'));
INSERT INTO DETENCION VALUES('LEONES-927',TO_TIMESTAMP('02-OCT-08 11.43.13.000000 PM','DD-Mon-YY HH12:MI:SS:MS PM'),'BARRIO AGUA AMARILLA');
INSERT INTO VEHICULO_ROBADO VALUES('UVWC645','TOYOTA','CAMIONETA','1992','ROJO','LEONES-927',TO_TIMESTAMP('02-OCT-08 11.43.13.000000 PM','DD-Mon-YY HH12:MI:SS:MS PM'));
INSERT INTO SOSPECHOSO VALUES('V49919286','ANDREINA ANA ADRIAN GONZALEZ',7305893);
INSERT INTO SE_DETIENE VALUES('V49919286','LEONES-927',TO_TIMESTAMP('02-OCT-08 11.43.13.000000 PM','DD-Mon-YY HH12:MI:SS:MS PM'));
INSERT INTO SE_DETIENE VALUES('V4220431','LEONES-927',TO_TIMESTAMP('02-OCT-08 11.43.13.000000 PM','DD-Mon-YY HH12:MI:SS:MS PM'));
INSERT INTO SE_DETIENE VALUES('E67183842','LEONES-927',TO_TIMESTAMP('02-OCT-08 11.43.13.000000 PM','DD-Mon-YY HH12:MI:SS:MS PM'));
INSERT INTO SE_DETIENE VALUES('E54332266','LEONES-927',TO_TIMESTAMP('02-OCT-08 11.43.13.000000 PM','DD-Mon-YY HH12:MI:SS:MS PM'));
